customerID,gender,SeniorCitizen,Partner,Dependents,tenure,tenure_bucket,Contract,InternetService,PaymentMethod,MonthlyCharges,TotalCharges,Churn,churn_probability,risk_tier,revenue_at_risk
7590-VHVEG,Female,0,Yes,No,1,0-12,Month-to-month,DSL,Electronic check,29.85,29.85,No,0.6125,High,219.4
5575-GNVDE,Male,0,No,No,34,25-48,One year,DSL,Mailed check,56.95,1889.5,No,0.0439,Low,30.0
3668-QPYBK,Male,0,No,No,2,0-12,Month-to-month,DSL,Mailed check,53.85,108.15,Yes,0.3012,Medium,194.64
7795-CFOCW,Male,0,No,No,45,25-48,One year,DSL,Bank transfer (automatic),42.3,1840.75,No,0.0281,Low,14.26
9237-HQITU,Female,0,No,No,2,0-12,Month-to-month,Fiber optic,Electronic check,70.7,151.65,Yes,0.6899,High,585.31
9305-CDSKC,Female,0,No,No,8,0-12,Month-to-month,Fiber optic,Electronic check,99.65,820.5,Yes,0.7971,High,953.17
1452-KIOVK,Male,0,No,Yes,22,13-24,Month-to-month,Fiber optic,Credit card (automatic),89.1,1949.4,No,0.4893,Medium,523.16
6713-OKOMC,Female,0,No,No,10,0-12,Month-to-month,DSL,Mailed check,29.75,301.9,No,0.2938,Low,104.89
7892-POOKP,Female,0,Yes,No,28,25-48,Month-to-month,Fiber optic,Electronic check,104.8,3046.05,Yes,0.6242,High,784.99
6388-TABGU,Male,0,No,Yes,62,49+,One year,DSL,Bank transfer (automatic),56.15,3487.95,No,0.0105,Low,7.07
9763-GRSKD,Male,0,Yes,Yes,13,13-24,Month-to-month,DSL,Mailed check,49.95,587.45,No,0.2063,Low,123.66
7469-LKBCI,Male,0,No,No,16,13-24,Two year,No,Credit card (automatic),18.95,326.8,No,0.0276,Low,6.28
8091-TTVAX,Male,0,Yes,No,58,49+,One year,Fiber optic,Credit card (automatic),100.35,5681.1,No,0.1798,Low,216.52
0280-XJGEX,Male,0,No,No,49,49+,Month-to-month,Fiber optic,Bank transfer (automatic),103.7,5036.3,Yes,0.4367,Medium,543.43
5129-JLPIS,Male,0,No,No,25,25-48,Month-to-month,Fiber optic,Electronic check,105.5,2686.05,No,0.4616,Medium,584.39
3655-SNQYZ,Female,0,Yes,Yes,69,49+,Two year,Fiber optic,Credit card (automatic),113.25,7895.15,No,0.0322,Low,43.76
8191-XWSZG,Female,0,No,No,52,49+,One year,No,Mailed check,20.65,1022.95,No,0.0108,Low,2.68
9959-WOFKT,Male,0,No,Yes,71,49+,Two year,Fiber optic,Bank transfer (automatic),106.7,7382.25,No,0.0415,Low,53.14
4190-MFLUW,Female,0,Yes,Yes,10,0-12,Month-to-month,DSL,Credit card (automatic),55.2,528.35,Yes,0.1535,Low,101.68
4183-MYFRB,Female,0,No,No,21,13-24,Month-to-month,Fiber optic,Electronic check,90.05,1862.9,No,0.5627,High,608.05
8779-QRDMV,Male,1,No,No,1,0-12,Month-to-month,DSL,Electronic check,39.65,39.65,Yes,0.7248,High,344.86
1680-VDCWW,Male,0,Yes,No,12,0-12,One year,No,Bank transfer (automatic),19.8,202.25,No,0.0633,Low,15.04
1066-JKSGK,Male,0,No,No,1,0-12,Month-to-month,No,Mailed check,20.15,20.15,Yes,0.1926,Low,46.57
3638-WEABW,Female,0,Yes,No,58,49+,Two year,DSL,Credit card (automatic),59.9,3505.1,No,0.0168,Low,12.08
6322-HRPFA,Male,0,Yes,Yes,49,49+,Month-to-month,DSL,Credit card (automatic),59.6,2970.3,No,0.0256,Low,18.31
6865-JZNKO,Female,0,No,No,30,25-48,Month-to-month,DSL,Bank transfer (automatic),55.3,1530.6,No,0.1117,Low,74.12
6467-CHFZW,Male,0,Yes,Yes,47,25-48,Month-to-month,Fiber optic,Electronic check,99.35,4749.15,Yes,0.4954,Medium,590.62
8665-UTDHZ,Male,0,Yes,Yes,1,0-12,Month-to-month,DSL,Electronic check,30.2,30.2,Yes,0.4682,Medium,169.68
5248-YGIJN,Male,0,Yes,No,72,49+,Two year,DSL,Credit card (automatic),90.25,6369.45,No,0.0157,Low,17.0
8773-HHUOZ,Female,0,No,Yes,17,13-24,Month-to-month,DSL,Mailed check,64.7,1093.1,Yes,0.354,Medium,274.85
3841-NFECX,Female,1,Yes,No,71,49+,Two year,Fiber optic,Credit card (automatic),96.35,6766.95,No,0.0278,Low,32.14
4929-XIHVW,Male,1,Yes,No,2,0-12,Month-to-month,Fiber optic,Credit card (automatic),95.5,181.65,No,0.7286,High,834.98
6827-IEAUQ,Female,0,Yes,Yes,27,25-48,One year,DSL,Mailed check,66.15,1874.45,No,0.0297,Low,23.58
7310-EGVHZ,Male,0,No,No,1,0-12,Month-to-month,No,Bank transfer (automatic),20.2,20.2,No,0.1807,Low,43.8
3413-BMNZE,Male,1,No,No,1,0-12,Month-to-month,DSL,Bank transfer (automatic),45.25,45.25,No,0.3663,Medium,198.9
6234-RAAPL,Female,0,Yes,Yes,72,49+,Two year,Fiber optic,Bank transfer (automatic),99.9,7251.7,No,0.0199,Low,23.86
6047-YHPVI,Male,0,No,No,5,0-12,Month-to-month,Fiber optic,Electronic check,69.7,316.9,Yes,0.6767,High,565.99
6572-ADKRS,Female,0,No,No,46,25-48,Month-to-month,Fiber optic,Credit card (automatic),74.8,3548.3,No,0.254,Low,227.99
5380-WJKOV,Male,0,No,No,34,25-48,Month-to-month,Fiber optic,Electronic check,106.35,3549.25,Yes,0.6148,High,784.61
8168-UQWWF,Female,0,No,No,11,0-12,Month-to-month,Fiber optic,Bank transfer (automatic),97.85,1105.4,Yes,0.7217,High,847.42
8865-TNMNX,Male,0,Yes,Yes,10,0-12,One year,DSL,Mailed check,49.55,475.7,No,0.1156,Low,68.74
9489-DEDVP,Female,0,Yes,Yes,70,49+,Two year,DSL,Credit card (automatic),69.2,4872.35,No,0.0121,Low,10.05
9867-JCZSP,Female,0,Yes,Yes,17,13-24,One year,No,Mailed check,20.75,418.25,No,0.0432,Low,10.76
4671-VJLCL,Female,0,No,No,63,49+,Two year,DSL,Credit card (automatic),79.85,4861.45,No,0.0137,Low,13.13
4080-IIARD,Female,0,Yes,No,13,13-24,Month-to-month,DSL,Electronic check,76.2,981.45,No,0.3036,Medium,277.61
3714-NTNFO,Female,0,No,No,49,49+,Month-to-month,Fiber optic,Electronic check,84.5,3906.7,No,0.4563,Medium,462.69
5948-UJZLF,Male,0,No,No,2,0-12,Month-to-month,DSL,Mailed check,49.25,97.0,No,0.3098,Medium,183.09
7760-OYPDY,Female,0,No,No,2,0-12,Month-to-month,Fiber optic,Electronic check,80.65,144.15,Yes,0.7353,High,711.62
7639-LIAYI,Male,0,No,No,52,49+,Two year,DSL,Credit card (automatic),79.75,4217.8,No,0.0321,Low,30.72
2954-PIBKO,Female,0,Yes,Yes,69,49+,Two year,DSL,Credit card (automatic),64.15,4254.1,No,0.0071,Low,5.47
8012-SOUDQ,Female,1,No,No,43,25-48,Month-to-month,Fiber optic,Electronic check,90.25,3838.75,No,0.5136,High,556.23
9420-LOJKX,Female,0,No,No,15,13-24,Month-to-month,Fiber optic,Credit card (automatic),99.1,1426.4,Yes,0.4768,Medium,567.01
6575-SUVOI,Female,1,Yes,No,25,25-48,Month-to-month,DSL,Credit card (automatic),69.5,1752.65,No,0.2138,Low,178.31
7495-OOKFY,Female,1,Yes,No,8,0-12,Month-to-month,Fiber optic,Credit card (automatic),80.65,633.3,Yes,0.6142,High,594.42
4667-QONEA,Female,1,Yes,Yes,60,49+,One year,DSL,Credit card (automatic),74.85,4456.35,No,0.0199,Low,17.87
1658-BYGOY,Male,1,No,No,18,13-24,Month-to-month,Fiber optic,Electronic check,95.45,1752.55,Yes,0.7786,High,891.81
8769-KKTPH,Female,0,Yes,Yes,63,49+,One year,Fiber optic,Credit card (automatic),99.65,6311.2,No,0.1337,Low,159.88
5067-XJQFU,Male,1,Yes,Yes,66,49+,One year,Fiber optic,Electronic check,108.45,7076.35,No,0.1984,Low,258.2
3957-SQXML,Female,0,Yes,Yes,34,25-48,Two year,No,Credit card (automatic),24.95,894.3,No,0.0132,Low,3.95
5954-BDFSG,Female,0,No,No,72,49+,Two year,Fiber optic,Credit card (automatic),107.5,7853.7,No,0.0749,Low,96.62
0434-CSFON,Female,0,Yes,No,47,25-48,Month-to-month,Fiber optic,Electronic check,100.5,4707.1,No,0.5691,High,686.33
1215-FIGMP,Male,0,No,No,60,49+,Month-to-month,Fiber optic,Bank transfer (automatic),89.9,5450.7,No,0.2826,Low,304.87
0526-SXDJP,Male,0,Yes,No,72,49+,Two year,DSL,Bank transfer (automatic),42.1,2962.0,No,0.0061,Low,3.08
0557-ASKVU,Female,0,Yes,Yes,18,13-24,One year,DSL,Credit card (automatic),54.4,957.1,No,0.0893,Low,58.3
5698-BQJOH,Female,0,No,No,9,0-12,Month-to-month,Fiber optic,Electronic check,94.4,857.25,Yes,0.732,High,829.21
5122-CYFXA,Female,0,No,No,3,0-12,Month-to-month,DSL,Electronic check,75.3,244.1,No,0.4688,Medium,423.61
8627-ZYGSZ,Male,0,Yes,No,47,25-48,One year,Fiber optic,Electronic check,78.9,3650.35,No,0.2363,Low,223.73
3410-YOQBQ,Female,0,No,No,31,25-48,Two year,DSL,Mailed check,79.2,2497.2,No,0.0438,Low,41.63
3170-NMYVV,Female,0,Yes,Yes,50,49+,Two year,No,Bank transfer (automatic),20.15,930.9,No,0.0046,Low,1.11
7410-OIEDU,Male,0,No,No,10,0-12,Month-to-month,Fiber optic,Mailed check,79.85,887.35,No,0.4596,Medium,440.39
2273-QCKXA,Male,0,No,No,1,0-12,Month-to-month,DSL,Mailed check,49.05,49.05,No,0.2787,Low,164.04
0731-EBJQB,Female,0,Yes,Yes,52,49+,One year,No,Electronic check,20.4,1090.65,No,0.0176,Low,4.31
1891-QRQSA,Male,1,Yes,Yes,64,49+,Two year,Fiber optic,Bank transfer (automatic),111.6,7099.0,No,0.0638,Low,85.44
8028-PNXHQ,Male,0,Yes,Yes,62,49+,Two year,No,Bank transfer (automatic),24.25,1424.6,No,0.0057,Low,1.66
5630-AHZIL,Female,0,No,Yes,3,0-12,Month-to-month,DSL,Bank transfer (automatic),64.5,177.4,No,0.2323,Low,179.8
2673-CXQEU,Female,1,No,No,56,49+,One year,Fiber optic,Electronic check,110.5,6139.5,No,0.1967,Low,260.82
6416-JNVRK,Female,0,No,No,46,25-48,One year,DSL,Credit card (automatic),55.65,2688.85,No,0.0518,Low,34.59
5590-ZSKRV,Female,0,Yes,Yes,8,0-12,Month-to-month,DSL,Mailed check,54.65,482.25,No,0.157,Low,102.96
0191-ZHSKZ,Male,1,No,No,30,25-48,Month-to-month,DSL,Electronic check,74.75,2111.3,No,0.2825,Low,253.4
3887-PBQAO,Female,0,Yes,Yes,45,25-48,One year,No,Credit card (automatic),25.9,1216.6,No,0.0222,Low,6.9
5919-TMRGD,Female,0,No,Yes,1,0-12,Month-to-month,Fiber optic,Electronic check,79.35,79.35,Yes,0.7049,High,671.21
8108-UXRQN,Female,0,Yes,Yes,11,0-12,Month-to-month,DSL,Electronic check,50.55,565.35,No,0.4142,Medium,251.25
9191-MYQKX,Female,0,Yes,No,7,0-12,Month-to-month,Fiber optic,Bank transfer (automatic),75.15,496.9,Yes,0.5597,High,504.74
9919-YLNNG,Female,0,No,No,42,25-48,Month-to-month,Fiber optic,Bank transfer (automatic),103.8,4327.5,No,0.3218,Medium,400.83
0318-ZOPWS,Female,0,Yes,No,49,49+,Two year,No,Bank transfer (automatic),20.15,973.35,No,0.0089,Low,2.15
4445-ZJNMU,Male,0,No,No,9,0-12,Month-to-month,Fiber optic,Credit card (automatic),99.3,918.75,No,0.6944,High,827.45
4808-YNLEU,Female,0,Yes,No,35,25-48,One year,DSL,Bank transfer (automatic),62.15,2215.45,No,0.0753,Low,56.16
1862-QRWPE,Female,0,Yes,Yes,48,25-48,Two year,No,Bank transfer (automatic),20.65,1057.0,No,0.0052,Low,1.29
2796-NNUFI,Female,0,Yes,Yes,46,25-48,Two year,No,Mailed check,19.95,927.1,No,0.0089,Low,2.13
3016-KSVCP,Male,0,Yes,No,29,25-48,Month-to-month,DSL,Mailed check,33.75,1009.25,No,0.2785,Low,112.79
4767-HZZHQ,Male,0,Yes,Yes,30,25-48,Month-to-month,Fiber optic,Bank transfer (automatic),82.05,2570.2,No,0.2209,Low,217.5
2424-WVHPL,Male,1,No,No,1,0-12,Month-to-month,Fiber optic,Electronic check,74.7,74.7,No,0.5708,High,511.67
7233-PAHHL,Male,0,Yes,Yes,66,49+,Two year,DSL,Mailed check,84.0,5714.25,No,0.0201,Low,20.26
6067-NGCEU,Female,0,No,No,65,49+,Month-to-month,Fiber optic,Credit card (automatic),111.05,7107.0,No,0.2417,Low,322.09
9848-JQJTX,Male,0,No,No,72,49+,Two year,Fiber optic,Bank transfer (automatic),100.9,7459.05,No,0.1042,Low,126.17
8637-XJIVR,Female,0,No,No,12,0-12,Month-to-month,Fiber optic,Electronic check,78.95,927.35,Yes,0.5949,High,563.61
9803-FTJCG,Male,0,Yes,Yes,71,49+,One year,DSL,Credit card (automatic),66.85,4748.7,No,0.0114,Low,9.15
0278-YXOOG,Male,0,No,No,5,0-12,Month-to-month,No,Mailed check,21.05,113.85,Yes,0.1623,Low,41.0
3212-KXOCR,Male,0,No,No,52,49+,Two year,No,Bank transfer (automatic),21.0,1107.2,No,0.0053,Low,1.34
4598-XLKNJ,Female,1,Yes,No,25,25-48,Month-to-month,Fiber optic,Electronic check,98.5,2514.5,Yes,0.6531,High,771.96
6380-ARCEH,Male,0,No,No,1,0-12,Month-to-month,No,Mailed check,20.2,20.2,No,0.1923,Low,46.61
3679-XASPY,Female,0,Yes,Yes,1,0-12,Month-to-month,No,Electronic check,19.45,19.45,No,0.2088,Low,48.73
7123-WQUHX,Male,0,No,No,38,25-48,One year,Fiber optic,Bank transfer (automatic),95.0,3605.6,No,0.1745,Low,198.93
5386-THSLQ,Female,1,Yes,No,66,49+,One year,DSL,Bank transfer (automatic),45.55,3027.25,No,0.0359,Low,19.62
3192-NQECA,Male,0,Yes,No,68,49+,Two year,Fiber optic,Bank transfer (automatic),110.0,7611.85,Yes,0.0837,Low,110.48
6180-YBIQI,Male,0,No,No,5,0-12,Month-to-month,DSL,Mailed check,24.3,100.2,No,0.4478,Medium,130.58
6728-DKUCO,Female,0,Yes,Yes,72,49+,One year,Fiber optic,Electronic check,104.15,7303.05,No,0.1364,Low,170.47
9750-BOOHV,Female,0,No,No,32,25-48,One year,DSL,Mailed check,30.15,927.65,No,0.0718,Low,25.98
8597-CWYHH,Male,0,No,No,43,25-48,One year,Fiber optic,Mailed check,94.35,3921.3,No,0.2687,Low,304.22
2848-YXSMW,Male,0,Yes,Yes,72,49+,Two year,No,Credit card (automatic),19.4,1363.25,No,0.0017,Low,0.4
0486-HECZI,Male,0,Yes,No,55,49+,Month-to-month,Fiber optic,Electronic check,96.75,5238.9,Yes,0.309,Medium,358.75
4549-ZDQYY,Female,0,No,No,52,49+,One year,DSL,Credit card (automatic),57.95,3042.25,No,0.0162,Low,11.27
5712-AHQNN,Female,0,No,No,43,25-48,Month-to-month,Fiber optic,Electronic check,91.65,3954.1,No,0.3937,Medium,432.99
4846-WHAFZ,Female,1,Yes,No,37,25-48,Month-to-month,Fiber optic,Electronic check,76.5,2868.15,Yes,0.5192,High,476.63
5256-SKJGO,Female,0,Yes,Yes,64,49+,Two year,DSL,Electronic check,54.6,3423.5,No,0.0302,Low,19.79
3071-VBYPO,Male,0,Yes,Yes,3,0-12,Month-to-month,Fiber optic,Electronic check,89.85,248.4,No,0.4658,Medium,502.23
9560-BBZXK,Female,0,No,No,36,25-48,Two year,DSL,Bank transfer (automatic),31.05,1126.35,No,0.0297,Low,11.07
5299-RULOA,Female,0,Yes,Yes,10,0-12,Month-to-month,Fiber optic,Electronic check,100.25,1064.65,Yes,0.6716,High,807.93
8402-OOOHJ,Female,0,No,No,41,25-48,Two year,No,Mailed check,20.65,835.15,No,0.0093,Low,2.3
9445-ZUEQE,Male,0,Yes,Yes,27,25-48,Month-to-month,Fiber optic,Credit card (automatic),85.2,2151.6,No,0.2981,Low,304.78
1091-SOZGA,Female,0,Yes,Yes,56,49+,One year,Fiber optic,Credit card (automatic),99.8,5515.45,No,0.2115,Low,253.29
2928-HLDBA,Female,0,No,No,6,0-12,Month-to-month,No,Mailed check,20.7,112.75,No,0.154,Low,38.25
0404-SWRVG,Male,0,No,No,3,0-12,Month-to-month,Fiber optic,Electronic check,74.4,229.55,Yes,0.7528,High,672.1
6497-TILVL,Female,0,Yes,Yes,7,0-12,Month-to-month,DSL,Mailed check,50.7,350.35,No,0.1803,Low,109.69
7219-TLZHO,Female,0,Yes,Yes,4,0-12,Month-to-month,No,Mailed check,20.85,62.9,No,0.1391,Low,34.8
4622-YNKIJ,Male,0,No,No,33,25-48,Two year,Fiber optic,Electronic check,88.95,3027.65,No,0.1208,Low,128.94
4412-YLTKF,Female,1,No,No,27,25-48,Month-to-month,Fiber optic,Electronic check,78.05,2135.5,Yes,0.6123,High,573.48
6734-PSBAW,Male,0,Yes,No,72,49+,Two year,No,Bank transfer (automatic),23.55,1723.95,No,0.0047,Low,1.33
3930-ZGWVE,Male,0,No,No,1,0-12,Month-to-month,No,Mailed check,19.75,19.75,No,0.1945,Low,46.1
2639-UGMAZ,Male,1,No,No,71,49+,One year,DSL,Electronic check,56.45,3985.35,No,0.0594,Low,40.24
2876-GZYZC,Female,0,No,No,13,13-24,Month-to-month,Fiber optic,Electronic check,85.95,1215.65,No,0.7281,High,750.96
6207-WIOLX,Female,0,Yes,Yes,25,25-48,Month-to-month,DSL,Credit card (automatic),58.6,1502.65,Yes,0.2603,Low,183.04
8587-XYZSF,Male,0,No,No,67,49+,Two year,DSL,Bank transfer (automatic),50.55,3260.1,No,0.0064,Low,3.88
3091-FYHKI,Male,0,No,No,1,0-12,Month-to-month,DSL,Electronic check,35.45,35.45,Yes,0.6986,High,297.18
2372-HWUHI,Male,0,No,No,2,0-12,Month-to-month,DSL,Electronic check,44.35,81.25,Yes,0.42,Medium,223.52
7799-LGRDP,Female,0,No,No,43,25-48,Two year,No,Credit card (automatic),25.7,1188.2,No,0.0155,Low,4.78
7850-VWJUU,Female,0,No,No,23,13-24,Month-to-month,Fiber optic,Bank transfer (automatic),75.0,1778.5,No,0.3368,Medium,303.12
3774-VBNXY,Female,0,Yes,Yes,64,49+,Two year,No,Mailed check,20.2,1277.75,No,0.0027,Low,0.65
6217-KDYWC,Male,0,No,Yes,57,49+,Two year,No,Mailed check,19.6,1170.55,No,0.0055,Low,1.29
0390-DCFDQ,Female,1,Yes,No,1,0-12,Month-to-month,Fiber optic,Mailed check,70.45,70.45,Yes,0.6678,High,564.56
3146-MSEGF,Female,1,Yes,Yes,72,49+,Two year,DSL,Credit card (automatic),88.05,6425.65,No,0.0153,Low,16.17
4080-OGPJL,Female,0,No,No,8,0-12,Month-to-month,DSL,Electronic check,71.15,563.65,Yes,0.292,Low,249.31
1095-WGNGG,Female,0,Yes,No,61,49+,Two year,Fiber optic,Bank transfer (automatic),101.05,5971.25,No,0.114,Low,138.24
2636-SJDOU,Male,0,No,No,64,49+,One year,Fiber optic,Credit card (automatic),84.3,5289.05,No,0.0735,Low,74.35
1131-QQZEB,Male,1,Yes,No,71,49+,Two year,No,Bank transfer (automatic),23.95,1756.2,No,0.004,Low,1.15
5716-EZXZN,Female,0,Yes,Yes,65,49+,Two year,Fiber optic,Credit card (automatic),99.05,6416.7,No,0.0333,Low,39.58
6837-BJYDQ,Male,0,No,No,3,0-12,One year,No,Mailed check,19.6,61.35,No,0.0987,Low,23.21
2135-RXIHG,Male,0,No,No,1,0-12,Month-to-month,DSL,Electronic check,45.65,45.65,Yes,0.5125,High,280.75
6440-DKQGE,Male,0,No,Yes,30,25-48,One year,DSL,Credit card (automatic),64.5,1929.95,No,0.0653,Low,50.54
3466-BYAVD,Male,0,Yes,Yes,15,13-24,Month-to-month,DSL,Mailed check,69.5,1071.4,No,0.2192,Low,182.81
3780-YVMFA,Female,0,Yes,Yes,8,0-12,Month-to-month,DSL,Electronic check,68.55,564.35,No,0.431,Medium,354.54
3874-EQOEP,Male,0,No,No,7,0-12,Month-to-month,Fiber optic,Mailed check,95.0,655.5,Yes,0.6807,High,776.0
1679-JRFBR,Female,0,Yes,Yes,70,49+,One year,Fiber optic,Credit card (automatic),108.15,7930.55,No,0.1162,Low,150.8
9073-ZZIAY,Male,0,Yes,Yes,62,49+,Two year,DSL,Electronic check,86.1,5215.25,No,0.0123,Low,12.71
3077-RSNTJ,Female,0,Yes,Yes,6,0-12,Month-to-month,No,Mailed check,19.7,113.5,No,0.1327,Low,31.37
6551-GNYDG,Female,0,Yes,Yes,14,13-24,Month-to-month,Fiber optic,Bank transfer (automatic),80.9,1152.8,No,0.5123,High,497.34
9167-APMXZ,Female,0,No,No,22,13-24,Month-to-month,Fiber optic,Bank transfer (automatic),84.15,1821.95,No,0.5843,High,590.03
2749-CTKAJ,Male,0,Yes,Yes,22,13-24,One year,No,Mailed check,20.15,419.9,No,0.0353,Low,8.54
6371-NZYEG,Male,0,Yes,Yes,16,13-24,Two year,DSL,Mailed check,64.25,1024.0,No,0.0502,Low,38.7
7554-NEWDD,Male,0,No,No,10,0-12,Two year,No,Bank transfer (automatic),25.7,251.6,No,0.0468,Low,14.43
8992-VONJD,Female,0,No,Yes,13,13-24,Month-to-month,DSL,Electronic check,56.0,764.55,No,0.2219,Low,149.12
0867-MKZVY,Female,0,Yes,No,20,13-24,Month-to-month,Fiber optic,Electronic check,82.4,1592.35,Yes,0.4201,Medium,415.39
4482-EWFMI,Female,0,No,No,2,0-12,Month-to-month,Fiber optic,Electronic check,69.7,135.2,No,0.6956,High,581.8
4648-YPBTM,Male,0,No,No,53,49+,Two year,DSL,Bank transfer (automatic),73.9,3958.25,No,0.0301,Low,26.69
2907-ILJBN,Female,0,Yes,Yes,11,0-12,One year,No,Mailed check,20.6,233.9,No,0.0556,Low,13.74
6345-FZOQH,Male,0,Yes,No,69,49+,Two year,No,Mailed check,19.9,1363.45,No,0.0027,Low,0.64
3376-BMGFE,Female,0,No,No,4,0-12,Month-to-month,Fiber optic,Bank transfer (automatic),70.9,273.0,Yes,0.5834,High,496.36
5997-OPVFA,Male,0,Yes,No,72,49+,Two year,DSL,Bank transfer (automatic),89.05,6254.45,No,0.0164,Low,17.53
3445-HXXGF,Male,1,Yes,No,58,49+,Month-to-month,DSL,Electronic check,45.3,2651.2,Yes,0.1844,Low,100.24
1159-WFSGR,Female,0,Yes,Yes,16,13-24,Month-to-month,No,Electronic check,20.4,321.4,No,0.1142,Low,27.96
7654-YWJUF,Male,0,Yes,No,43,25-48,One year,Fiber optic,Bank transfer (automatic),84.25,3539.25,No,0.088,Low,88.97
1875-QIVME,Female,0,Yes,No,2,0-12,Month-to-month,Fiber optic,Electronic check,104.4,242.8,Yes,0.7677,High,961.77
6727-IOTLZ,Male,0,Yes,No,14,13-24,Two year,DSL,Mailed check,81.95,1181.75,No,0.0715,Low,70.31
0691-JVSYA,Female,0,Yes,No,53,49+,One year,Fiber optic,Bank transfer (automatic),94.85,5000.2,Yes,0.2126,Low,241.98
5918-VUKWP,Female,0,No,No,32,25-48,One year,No,Bank transfer (automatic),20.55,654.55,No,0.025,Low,6.17
1744-JHKYS,Female,0,Yes,No,34,25-48,Month-to-month,No,Electronic check,24.7,780.2,No,0.0896,Low,26.56
2656-FMOKZ,Female,1,No,No,15,13-24,Month-to-month,Fiber optic,Mailed check,74.45,1145.7,Yes,0.6294,High,562.31
2070-FNEXE,Female,1,No,No,7,0-12,Month-to-month,Fiber optic,Bank transfer (automatic),76.45,503.6,Yes,0.3939,Medium,361.36
5947-SGKCL,Female,0,Yes,Yes,15,13-24,Month-to-month,Fiber optic,Bank transfer (automatic),105.35,1559.25,No,0.5975,High,755.36
3712-PKXZA,Male,0,Yes,No,61,49+,One year,No,Credit card (automatic),20.55,1252.0,No,0.0099,Low,2.44
6317-YPKDH,Female,0,No,No,1,0-12,Month-to-month,DSL,Bank transfer (automatic),29.95,29.95,Yes,0.4205,Medium,151.13
6582-OIVSP,Female,0,No,No,1,0-12,Month-to-month,DSL,Mailed check,45.3,45.3,No,0.3456,Medium,187.87
9367-WXLCH,Male,0,No,No,8,0-12,Month-to-month,Fiber optic,Bank transfer (automatic),84.5,662.65,Yes,0.6046,High,613.06
5524-KHNJP,Male,0,Yes,Yes,33,25-48,One year,DSL,Credit card (automatic),74.75,2453.3,No,0.0626,Low,56.15
1918-ZBFQJ,Female,0,No,No,13,13-24,Month-to-month,Fiber optic,Electronic check,79.25,1111.65,Yes,0.5715,High,543.5
1024-GUALD,Female,0,Yes,No,1,0-12,Month-to-month,DSL,Electronic check,24.8,24.8,Yes,0.6538,High,194.57
4827-USJHP,Male,0,No,No,20,13-24,Month-to-month,DSL,Mailed check,51.8,1023.85,No,0.2305,Low,143.28
8167-GJLRN,Male,0,No,No,3,0-12,Month-to-month,DSL,Electronic check,30.4,82.15,No,0.4468,Medium,162.99
0956-SYCWG,Female,0,No,No,13,13-24,One year,No,Electronic check,19.65,244.8,No,0.0839,Low,19.78
8017-UVSZU,Female,0,Yes,No,40,25-48,Month-to-month,DSL,Credit card (automatic),56.6,2379.1,No,0.1096,Low,74.44
7100-FQPRV,Male,0,Yes,Yes,43,25-48,One year,DSL,Credit card (automatic),71.9,3173.35,No,0.0469,Low,40.47
2472-OVKUP,Male,0,Yes,No,6,0-12,Month-to-month,Fiber optic,Electronic check,91.0,531.0,Yes,0.673,High,734.92
2984-RGEYA,Female,0,Yes,Yes,69,49+,Two year,No,Bank transfer (automatic),19.75,1375.4,No,0.002,Low,0.47
9680-NIAUV,Female,0,Yes,Yes,72,49+,Two year,Fiber optic,Credit card (automatic),109.7,8129.3,No,0.0403,Low,53.05
2146-EGVDT,Male,0,Yes,Yes,59,49+,Two year,No,Credit card (automatic),19.3,1192.7,No,0.0032,Low,0.74
2604-IJPDU,Female,0,Yes,No,20,13-24,Month-to-month,Fiber optic,Electronic check,96.55,1901.65,No,0.3845,Medium,445.48
9178-JHUVJ,Male,0,Yes,Yes,24,13-24,Two year,No,Bank transfer (automatic),24.1,587.4,No,0.0314,Low,9.08
6168-YBYNP,Male,0,No,No,59,49+,Month-to-month,Fiber optic,Electronic check,111.35,6519.75,No,0.379,Medium,506.42
7255-SSFBC,Male,0,Yes,Yes,72,49+,Two year,Fiber optic,Bank transfer (automatic),112.25,8041.65,No,0.0577,Low,77.72
3645-DEYGF,Male,0,No,Yes,1,0-12,Month-to-month,No,Mailed check,20.75,20.75,No,0.1574,Low,39.19
9323-HGFWY,Female,0,Yes,No,27,25-48,One year,Fiber optic,Credit card (automatic),101.9,2681.15,No,0.2016,Low,246.52
8544-GOQSH,Female,0,No,No,14,13-24,Month-to-month,Fiber optic,Credit card (automatic),80.05,1112.3,No,0.3695,Medium,354.94
3363-DTIVD,Male,0,Yes,Yes,71,49+,Two year,Fiber optic,Electronic check,105.55,7405.5,No,0.0633,Low,80.18
7018-WBJNK,Male,0,No,Yes,13,13-24,Month-to-month,Fiber optic,Credit card (automatic),78.3,1033.95,No,0.5302,High,498.18
9142-KZXOP,Male,0,No,No,44,25-48,Month-to-month,Fiber optic,Credit card (automatic),68.85,2958.95,No,0.1998,Low,165.07
7674-YTAFD,Female,0,No,No,33,25-48,One year,Fiber optic,Bank transfer (automatic),79.95,2684.85,No,0.1413,Low,135.56
6348-SNFUS,Male,0,Yes,Yes,72,49+,Two year,DSL,Credit card (automatic),55.45,4179.2,No,0.0081,Low,5.39
1285-OKIPP,Male,0,No,No,1,0-12,Month-to-month,Fiber optic,Electronic check,79.9,79.9,Yes,0.6753,High,647.48
7825-ECJRF,Female,0,No,No,19,13-24,Month-to-month,Fiber optic,Electronic check,106.6,1934.45,Yes,0.4806,Medium,614.78
1347-KTTTA,Male,0,Yes,No,64,49+,One year,Fiber optic,Credit card (automatic),102.45,6654.1,No,0.1216,Low,149.5
7841-TZDMQ,Male,0,No,No,2,0-12,Month-to-month,DSL,Credit card (automatic),46.0,84.5,Yes,0.3971,Medium,219.2
4195-NZGTA,Female,0,No,No,1,0-12,Month-to-month,DSL,Electronic check,25.25,25.25,No,0.5573,High,168.86
7157-SMCFK,Male,0,No,Yes,61,49+,Two year,No,Mailed check,19.75,1124.2,No,0.003,Low,0.71
4709-LKHYG,Female,0,Yes,Yes,29,25-48,One year,No,Electronic check,20.0,540.05,No,0.0341,Low,8.18
2504-DSHIH,Male,1,Yes,No,23,13-24,Month-to-month,Fiber optic,Electronic check,86.8,1975.85,No,0.6093,High,634.65
0699-NDKJM,Female,0,Yes,No,57,49+,Month-to-month,DSL,Bank transfer (automatic),58.75,3437.45,No,0.1229,Low,86.64
9286-BHDQG,Male,0,Yes,Yes,72,49+,Two year,DSL,Credit card (automatic),45.25,3139.8,No,0.0036,Low,1.95
0230-WEQUW,Male,0,Yes,No,66,49+,Two year,DSL,Bank transfer (automatic),56.6,3789.2,No,0.0125,Low,8.49
2040-LDIWQ,Male,0,Yes,Yes,65,49+,Two year,DSL,Bank transfer (automatic),84.2,5324.5,No,0.0228,Low,23.04
6496-JDSSB,Female,0,No,No,8,0-12,Month-to-month,Fiber optic,Bank transfer (automatic),80.0,624.6,No,0.614,High,589.44
9408-SSNVZ,Female,0,No,No,4,0-12,Month-to-month,Fiber optic,Electronic check,70.15,268.35,Yes,0.6775,High,570.32
4443-EMBNA,Female,0,Yes,No,71,49+,Two year,No,Bank transfer (automatic),24.75,1836.9,No,0.0033,Low,0.98
6469-MRVET,Male,0,Yes,Yes,1,0-12,One year,No,Electronic check,20.2,20.2,No,0.159,Low,38.54
0742-MOABM,Male,0,Yes,No,4,0-12,Month-to-month,DSL,Mailed check,50.05,179.35,Yes,0.2533,Low,152.13
5961-VUSRV,Female,0,No,No,12,0-12,One year,No,Bank transfer (automatic),19.35,219.35,No,0.0871,Low,20.22
6778-JFCMK,Male,0,No,No,24,13-24,One year,DSL,Mailed check,50.6,1288.75,No,0.2223,Low,134.98
6341-JVQGF,Female,0,Yes,Yes,31,25-48,One year,DSL,Mailed check,81.15,2545.75,No,0.0728,Low,70.89
2232-DMLXU,Female,0,Yes,No,1,0-12,Month-to-month,DSL,Mailed check,55.2,55.2,Yes,0.4038,Medium,267.48
4811-JBUVU,Male,0,No,No,30,25-48,Month-to-month,Fiber optic,Credit card (automatic),89.9,2723.15,No,0.4341,Medium,468.31
0945-TSONX,Female,0,Yes,Yes,47,25-48,Two year,DSL,Credit card (automatic),85.3,4107.25,No,0.0266,Low,27.23
2651-ZCBXV,Male,0,No,No,54,49+,Two year,Fiber optic,Credit card (automatic),108.0,5760.65,No,0.0771,Low,99.92
3316-UWXUY,Male,0,No,No,50,49+,Month-to-month,Fiber optic,Credit card (automatic),93.5,4747.5,No,0.1597,Low,179.18
8937-RDTHP,Male,0,No,No,1,0-12,Month-to-month,Fiber optic,Mailed check,84.6,84.6,Yes,0.594,High,603.03
7083-MIOPC,Female,0,No,No,72,49+,Two year,No,Credit card (automatic),20.25,1566.9,No,0.0021,Low,0.51
1984-GPTEH,Female,0,No,No,29,25-48,Month-to-month,No,Electronic check,25.15,702.0,No,0.1072,Low,32.35
1251-KRREG,Male,0,No,No,2,0-12,Month-to-month,DSL,Mailed check,54.4,114.1,Yes,0.4634,Medium,302.51
0621-JFHOL,Female,0,No,No,10,0-12,Two year,DSL,Mailed check,29.6,299.05,No,0.1391,Low,49.41
9903-LYSAB,Male,0,Yes,No,18,13-24,Month-to-month,Fiber optic,Electronic check,73.15,1305.95,No,0.6596,High,579.0
0094-OIFMO,Female,1,No,No,11,0-12,Month-to-month,Fiber optic,Electronic check,95.0,1120.3,Yes,0.7303,High,832.54
9227-UAQFT,Male,0,No,No,16,13-24,Two year,No,Mailed check,19.75,284.35,No,0.0296,Low,7.02
7301-ABVAD,Female,0,No,No,72,49+,Two year,DSL,Bank transfer (automatic),86.6,6350.5,No,0.0156,Low,16.21
6614-FHDBO,Male,0,No,No,72,49+,Two year,Fiber optic,Bank transfer (automatic),109.2,7878.3,No,0.0521,Low,68.27
7576-ASEJU,Female,0,Yes,Yes,41,25-48,One year,DSL,Credit card (automatic),74.7,3187.65,No,0.0509,Low,45.63
9058-HRZSV,Female,1,Yes,No,65,49+,Month-to-month,Fiber optic,Electronic check,94.4,6126.15,No,0.1664,Low,188.5
4522-AKYLR,Female,1,No,No,13,13-24,Month-to-month,DSL,Electronic check,54.8,731.3,No,0.3844,Medium,252.78
0221-WMXNQ,Male,1,No,No,4,0-12,Month-to-month,Fiber optic,Electronic check,75.35,273.4,No,0.5268,High,476.33
0303-UNCIP,Male,0,No,No,41,25-48,One year,DSL,Mailed check,65.0,2531.8,No,0.0913,Low,71.21
9947-OTFQU,Male,1,No,No,15,13-24,Month-to-month,Fiber optic,Electronic check,74.4,1074.3,Yes,0.5942,High,530.5
0322-YINQP,Male,0,No,No,1,0-12,Month-to-month,DSL,Mailed check,48.55,48.55,Yes,0.3504,Medium,204.14
0959-WHOKV,Male,0,No,No,42,25-48,One year,Fiber optic,Electronic check,99.0,4298.45,No,0.2602,Low,309.12
4075-JFPGR,Female,0,Yes,No,51,49+,One year,Fiber optic,Electronic check,93.5,4619.55,No,0.1551,Low,174.02
4629-NRXKX,Female,0,Yes,Yes,2,0-12,Month-to-month,Fiber optic,Electronic check,70.4,147.15,Yes,0.558,High,471.4
9514-JDSKI,Male,1,Yes,No,1,0-12,Month-to-month,DSL,Electronic check,40.2,40.2,Yes,0.6146,High,296.48
3282-ZISZV,Male,0,No,Yes,32,25-48,One year,DSL,Credit card (automatic),83.7,2633.3,No,0.0797,Low,80.05
3675-YDUPJ,Male,0,No,No,10,0-12,Month-to-month,No,Mailed check,19.85,193.05,No,0.1873,Low,44.61
4111-BNXIF,Female,0,Yes,Yes,67,49+,Two year,DSL,Electronic check,59.55,4103.9,No,0.0292,Low,20.87
7017-VFHAY,Female,0,Yes,Yes,61,49+,Two year,Fiber optic,Credit card (automatic),115.1,7008.15,No,0.0371,Low,51.24
6655-LHBYW,Male,0,No,No,50,49+,One year,Fiber optic,Credit card (automatic),114.35,5791.1,No,0.1132,Low,155.33
4959-JOSRX,Female,0,Yes,No,2,0-12,Month-to-month,DSL,Credit card (automatic),44.6,80.55,Yes,0.4071,Medium,217.88
5046-NUHWD,Female,1,Yes,No,29,25-48,Month-to-month,DSL,Electronic check,45.0,1228.65,No,0.3523,Medium,190.24
7273-TEFQD,Male,1,No,No,3,0-12,Month-to-month,DSL,Electronic check,41.15,132.2,Yes,0.6991,High,345.22
3606-TWKGI,Male,1,No,No,13,13-24,Month-to-month,Fiber optic,Electronic check,106.9,1364.3,Yes,0.761,High,976.21
7529-ZDFXI,Male,1,Yes,No,57,49+,Month-to-month,Fiber optic,Electronic check,89.85,4925.35,No,0.4136,Medium,445.94
7605-BDWDC,Female,0,No,No,31,25-48,Two year,DSL,Bank transfer (automatic),49.85,1520.1,No,0.0443,Low,26.5
1950-KSVVJ,Female,0,Yes,No,45,25-48,One year,Fiber optic,Mailed check,113.3,5032.25,No,0.1373,Low,186.67
0123-CRBRT,Female,0,Yes,Yes,61,49+,Two year,DSL,Mailed check,88.1,5526.75,No,0.0145,Low,15.33
6292-TOSSS,Male,0,No,No,50,49+,Two year,No,Bank transfer (automatic),24.9,1195.25,No,0.0082,Low,2.45
3197-ARFOY,Female,1,No,No,19,13-24,Month-to-month,Fiber optic,Mailed check,105.0,2007.25,No,0.4226,Medium,532.48
6323-AYBRX,Male,0,No,No,59,49+,Two year,No,Mailed check,19.35,1099.6,Yes,0.0043,Low,1.0
7014-ZZXAW,Female,0,Yes,No,71,49+,Two year,No,Credit card (automatic),24.25,1732.95,No,0.0046,Low,1.34
4385-GZQXV,Female,1,No,No,16,13-24,Month-to-month,Fiber optic,Electronic check,94.45,1511.2,Yes,0.6579,High,745.66
7633-MVPUY,Male,0,Yes,No,57,49+,Two year,DSL,Electronic check,59.75,3450.15,No,0.0134,Low,9.61
6366-ZGQGL,Male,0,No,No,1,0-12,Month-to-month,DSL,Bank transfer (automatic),24.8,24.8,Yes,0.4707,Medium,140.08
4716-HHKQH,Male,1,Yes,No,20,13-24,Month-to-month,Fiber optic,Electronic check,107.05,2172.05,No,0.5751,High,738.77
5940-AHUHD,Male,0,No,No,1,0-12,Month-to-month,Fiber optic,Mailed check,70.6,70.6,Yes,0.5449,High,461.64
6432-TWQLB,Male,0,Yes,No,5,0-12,Month-to-month,Fiber optic,Electronic check,85.4,401.1,Yes,0.6205,High,635.89
4484-GLZOU,Female,0,Yes,No,52,49+,Month-to-month,Fiber optic,Electronic check,105.05,5624.85,Yes,0.5173,High,652.11
3179-GBRWV,Male,1,Yes,No,21,13-24,Month-to-month,DSL,Bank transfer (automatic),64.95,1339.8,No,0.2239,Low,174.51
8645-KWHJO,Male,0,No,No,14,13-24,Month-to-month,DSL,Electronic check,55.0,771.95,No,0.5433,High,358.58
4130-MZLCC,Female,0,No,No,5,0-12,Month-to-month,DSL,Bank transfer (automatic),50.55,244.75,No,0.2578,Low,156.38
0314-TKOSI,Female,0,No,No,6,0-12,Month-to-month,DSL,Mailed check,55.15,322.9,No,0.1937,Low,128.19
8229-MYEJZ,Female,0,No,No,10,0-12,Month-to-month,DSL,Electronic check,51.2,498.25,No,0.2915,Low,179.1
2080-SRCDE,Female,0,No,Yes,1,0-12,Month-to-month,No,Mailed check,25.4,25.4,No,0.1972,Low,60.11
9577-WJVCQ,Female,0,No,No,68,49+,Month-to-month,DSL,Mailed check,54.45,3687.75,No,0.0354,Low,23.13
9512-UIBFX,Male,0,Yes,Yes,18,13-24,Month-to-month,Fiber optic,Mailed check,95.15,1779.95,Yes,0.4805,Medium,548.63
6202-DYYFX,Female,0,No,No,22,13-24,One year,Fiber optic,Credit card (automatic),76.0,1783.6,No,0.3359,Medium,306.34
3808-HFKDE,Female,0,No,No,20,13-24,Month-to-month,DSL,Electronic check,44.35,927.15,No,0.334,Medium,177.75
5583-SXDAG,Male,0,Yes,No,1,0-12,Month-to-month,Fiber optic,Electronic check,70.0,70.0,Yes,0.6287,High,528.11
3488-PGMQJ,Male,1,No,No,8,0-12,Month-to-month,Fiber optic,Electronic check,74.5,606.55,Yes,0.6514,High,582.35
3580-REOAC,Male,0,No,No,10,0-12,Month-to-month,DSL,Credit card (automatic),44.85,435.4,Yes,0.3305,Medium,177.88
7534-BFESC,Male,1,No,No,24,13-24,Month-to-month,Fiber optic,Electronic check,76.1,1712.7,Yes,0.6185,High,564.81
3727-OWVYD,Male,0,No,No,35,25-48,One year,DSL,Mailed check,61.2,2021.2,No,0.0371,Low,27.25
2294-SALNE,Male,0,Yes,Yes,23,13-24,One year,Fiber optic,Mailed check,86.8,1940.8,No,0.1148,Low,119.58
4847-TAJYI,Female,1,No,No,6,0-12,Month-to-month,Fiber optic,Electronic check,89.35,567.8,No,0.7893,High,846.29
1563-IWQEX,Female,0,No,No,12,0-12,Month-to-month,No,Mailed check,19.7,220.35,No,0.1245,Low,29.43
8203-XJZRC,Male,0,No,No,1,0-12,Month-to-month,No,Mailed check,20.25,20.25,No,0.1921,Low,46.68
6556-DBKZF,Female,0,Yes,Yes,71,49+,Two year,Fiber optic,Electronic check,76.05,5436.45,No,0.0299,Low,27.29
6851-WEFYX,Male,1,Yes,No,35,25-48,Month-to-month,Fiber optic,Electronic check,100.8,3437.5,No,0.6796,High,822.04
2985-JUUBZ,Male,0,Yes,Yes,40,25-48,Month-to-month,DSL,Electronic check,74.55,3015.75,No,0.326,Medium,291.64
6390-DSAZX,Female,0,No,Yes,1,0-12,Month-to-month,Fiber optic,Mailed check,73.6,73.6,Yes,0.4845,Medium,427.91
0895-LMRSF,Male,0,No,No,23,13-24,One year,DSL,Bank transfer (automatic),64.9,1509.8,No,0.2064,Low,160.74
8098-LLAZX,Female,1,No,No,4,0-12,Month-to-month,Fiber optic,Electronic check,95.45,396.1,Yes,0.8367,High,958.36
8266-VBFQL,Male,0,No,No,4,0-12,Month-to-month,Fiber optic,Electronic check,90.4,356.65,No,0.6419,High,696.33
8181-YHCMF,Female,0,Yes,Yes,68,49+,Two year,DSL,Credit card (automatic),60.3,4109.0,No,0.0126,Low,9.12
2240-HSJQD,Male,0,No,Yes,38,25-48,Month-to-month,Fiber optic,Mailed check,81.85,3141.7,No,0.3151,Medium,309.49
1248-DYXUB,Male,0,Yes,Yes,52,49+,Two year,No,Mailed check,24.8,1229.1,No,0.0066,Low,1.96
0265-EDXBD,Male,1,Yes,No,32,25-48,Month-to-month,Fiber optic,Electronic check,74.9,2303.35,Yes,0.5676,High,510.16
4115-BNPJY,Male,0,Yes,Yes,29,25-48,Two year,DSL,Mailed check,75.55,2054.4,No,0.042,Low,38.08
3167-SNQPL,Male,1,Yes,Yes,38,25-48,Month-to-month,Fiber optic,Electronic check,101.15,3741.85,No,0.4814,Medium,584.32
4091-TVOCN,Male,0,No,Yes,48,25-48,One year,DSL,Credit card (automatic),78.75,3682.45,No,0.0745,Low,70.4
1098-TDVUQ,Female,0,No,No,1,0-12,Month-to-month,No,Bank transfer (automatic),19.25,19.25,No,0.2433,Low,56.2
7277-OZCGZ,Female,0,No,No,22,13-24,Month-to-month,Fiber optic,Electronic check,89.05,1886.25,No,0.4152,Medium,443.68
1557-EMYVT,Female,0,No,No,43,25-48,Two year,Fiber optic,Credit card (automatic),115.05,4895.1,No,0.0678,Low,93.6
2799-ARNLO,Female,1,Yes,No,5,0-12,Month-to-month,Fiber optic,Electronic check,69.35,341.6,No,0.7106,High,591.36
7563-BIUPC,Male,0,No,No,5,0-12,Month-to-month,Fiber optic,Electronic check,80.6,415.55,Yes,0.7222,High,698.51
5027-YOCXN,Male,0,Yes,Yes,51,49+,One year,Fiber optic,Credit card (automatic),110.05,5686.4,No,0.0897,Low,118.46
3973-SKMLN,Male,0,No,No,71,49+,Two year,No,Credit card (automatic),19.9,1355.1,No,0.0031,Low,0.74
2321-OMBXY,Female,0,Yes,Yes,38,25-48,One year,DSL,Credit card (automatic),80.3,3058.65,Yes,0.0332,Low,31.99
2840-XANRC,Male,1,Yes,No,24,13-24,Month-to-month,Fiber optic,Electronic check,93.15,2231.05,Yes,0.6963,High,778.32
6745-JEFZB,Male,0,Yes,No,35,25-48,Month-to-month,Fiber optic,Credit card (automatic),91.5,3236.35,No,0.3947,Medium,433.38
5020-ZSTTY,Female,1,No,No,54,49+,One year,DSL,Bank transfer (automatic),82.45,4350.1,Yes,0.0418,Low,41.36
9880-TDQAC,Female,0,Yes,Yes,72,49+,Two year,DSL,Electronic check,60.0,4264.0,No,0.0233,Low,16.78
8705-WZCYL,Male,0,No,No,1,0-12,Month-to-month,DSL,Electronic check,44.8,44.8,No,0.5189,High,278.96
7102-JJVTX,Female,0,Yes,Yes,9,0-12,One year,DSL,Mailed check,48.6,422.3,No,0.0964,Low,56.22
8626-PTQGE,Male,0,No,No,69,49+,Two year,DSL,Bank transfer (automatic),60.05,4176.7,No,0.0156,Low,11.24
4983-CLMLV,Female,0,Yes,No,52,49+,Month-to-month,Fiber optic,Credit card (automatic),102.7,5138.1,No,0.3282,Medium,404.47
5701-YVSVF,Female,1,Yes,No,11,0-12,Month-to-month,Fiber optic,Electronic check,82.9,880.05,No,0.648,High,644.63
5804-LEPIM,Female,1,No,No,2,0-12,Month-to-month,Fiber optic,Electronic check,70.35,139.05,Yes,0.7214,High,609.01
5697-GOMBF,Female,1,Yes,Yes,28,25-48,Month-to-month,DSL,Electronic check,35.9,973.65,No,0.4005,Medium,172.54
2739-CACDQ,Female,1,No,No,17,13-24,Month-to-month,Fiber optic,Credit card (automatic),82.65,1470.05,No,0.5633,High,558.68
9385-EHGDO,Female,0,Yes,Yes,35,25-48,Two year,No,Mailed check,19.85,739.35,No,0.0148,Low,3.53
9498-FIMXL,Female,0,No,No,8,0-12,One year,No,Mailed check,19.2,161.95,No,0.1111,Low,25.6
2379-GYFLQ,Male,0,No,No,46,25-48,One year,Fiber optic,Credit card (automatic),94.9,4422.95,No,0.2253,Low,256.57
0122-OAHPZ,Female,0,No,No,7,0-12,Month-to-month,Fiber optic,Electronic check,73.85,511.25,Yes,0.7252,High,642.67
2868-SNELZ,Female,0,No,No,2,0-12,Month-to-month,Fiber optic,Mailed check,80.6,155.8,Yes,0.5916,High,572.2
4322-RCYMT,Male,0,Yes,Yes,68,49+,One year,DSL,Bank transfer (automatic),75.8,5293.95,Yes,0.0287,Low,26.11
6680-NENYN,Female,0,No,No,43,25-48,Two year,Fiber optic,Electronic check,104.6,4759.85,Yes,0.2587,Low,324.72
2088-IEBAU,Female,0,No,No,68,49+,Two year,DSL,Electronic check,88.15,6148.45,No,0.0279,Low,29.51
7982-VCELR,Female,0,No,No,36,25-48,Month-to-month,Fiber optic,Credit card (automatic),94.8,3565.65,No,0.4346,Medium,494.4
1343-EHPYB,Male,0,Yes,No,63,49+,Month-to-month,Fiber optic,Electronic check,103.4,6603.0,Yes,0.4524,Medium,561.34
6035-BXTTY,Female,1,No,No,32,25-48,Month-to-month,DSL,Bank transfer (automatic),54.65,1830.1,No,0.0944,Low,61.91
6885-PKOAM,Female,0,Yes,No,71,49+,Two year,DSL,Credit card (automatic),85.75,6223.8,No,0.0124,Low,12.76
7520-HQWJU,Female,0,Yes,Yes,66,49+,Month-to-month,DSL,Bank transfer (automatic),67.45,4508.65,No,0.0377,Low,30.51
9639-BUJXT,Male,0,No,No,63,49+,One year,No,Mailed check,20.5,1328.15,No,0.0069,Low,1.7
5924-SNGKP,Female,0,No,Yes,41,25-48,One year,No,Credit card (automatic),20.25,865.0,No,0.0189,Low,4.59
0021-IKXGC,Female,1,No,No,1,0-12,Month-to-month,Fiber optic,Electronic check,72.1,72.1,No,0.7974,High,689.91
2034-GDRCN,Female,0,No,No,2,0-12,Month-to-month,Fiber optic,Electronic check,90.4,168.2,Yes,0.7784,High,844.41
8966-SNIZF,Female,0,Yes,No,70,49+,Two year,No,Bank transfer (automatic),19.45,1303.5,No,0.0024,Low,0.56
6243-OZGFH,Female,0,No,No,23,13-24,Month-to-month,DSL,Electronic check,44.95,996.85,No,0.5413,High,291.98
4654-DLAMQ,Female,1,Yes,No,64,49+,One year,Fiber optic,Bank transfer (automatic),97.0,6430.9,No,0.0655,Low,76.24
0513-RBGPE,Male,0,Yes,Yes,37,25-48,Two year,DSL,Credit card (automatic),62.8,2278.75,No,0.0237,Low,17.86
5160-UXJED,Male,0,No,Yes,17,13-24,One year,DSL,Mailed check,44.6,681.4,No,0.101,Low,54.06
4115-NZRKS,Female,1,No,No,7,0-12,Month-to-month,Fiber optic,Electronic check,89.15,574.35,No,0.7821,High,836.69
0219-YTZUE,Male,0,Yes,Yes,4,0-12,Month-to-month,Fiber optic,Bank transfer (automatic),84.8,371.9,Yes,0.5686,High,578.61
0623-IIHUG,Female,1,No,No,21,13-24,Month-to-month,DSL,Electronic check,41.9,840.1,Yes,0.4176,Medium,209.97
4572-DVCGN,Female,0,No,No,10,0-12,Month-to-month,Fiber optic,Bank transfer (automatic),80.25,846.0,Yes,0.6001,High,577.9
3351-NGXYI,Female,1,No,No,16,13-24,Month-to-month,DSL,Electronic check,54.1,889.0,No,0.3806,Medium,247.09
8984-EYLLL,Male,0,Yes,No,64,49+,Two year,Fiber optic,Electronic check,105.25,6823.4,No,0.1243,Low,156.99
9057-MSWCO,Male,1,Yes,No,27,25-48,Month-to-month,DSL,Credit card (automatic),30.75,805.1,Yes,0.1721,Low,63.5
9833-TGFHX,Male,0,Yes,Yes,42,25-48,One year,Fiber optic,Electronic check,97.1,4016.75,No,0.2343,Low,273.01
9294-TDIPC,Male,0,No,Yes,5,0-12,Month-to-month,No,Mailed check,20.2,83.75,No,0.1361,Low,32.99
5229-DTFYB,Female,0,No,No,41,25-48,Two year,Fiber optic,Bank transfer (automatic),98.8,3959.15,No,0.1082,Low,128.28
0104-PPXDV,Male,0,Yes,No,58,49+,One year,DSL,Credit card (automatic),50.3,2878.55,No,0.0247,Low,14.91
5176-LMJXE,Female,0,No,No,47,25-48,Two year,No,Mailed check,20.55,945.7,No,0.0102,Low,2.52
3583-KRKMD,Male,0,No,No,18,13-24,Month-to-month,Fiber optic,Bank transfer (automatic),75.9,1373.05,No,0.3844,Medium,350.11
1010-DIAUQ,Male,0,No,No,5,0-12,Month-to-month,Fiber optic,Bank transfer (automatic),96.5,492.55,Yes,0.592,High,685.54
9069-LGEUL,Male,0,Yes,No,23,13-24,Month-to-month,DSL,Bank transfer (automatic),59.95,1406.0,No,0.2151,Low,154.74
7302-ZHMHP,Female,0,No,No,1,0-12,Month-to-month,No,Mailed check,19.15,19.15,No,0.1938,Low,44.54
9571-EDEBV,Male,0,Yes,No,71,49+,One year,Fiber optic,Credit card (automatic),98.65,6962.85,No,0.1884,Low,223.03
3520-FJGCV,Male,0,Yes,Yes,72,49+,Two year,Fiber optic,Credit card (automatic),112.6,8126.65,No,0.0436,Low,58.91
6563-VRERX,Male,0,Yes,Yes,33,25-48,One year,No,Mailed check,20.6,690.25,No,0.0216,Low,5.34
0259-GBZSH,Male,0,No,No,2,0-12,Month-to-month,Fiber optic,Electronic check,85.65,181.5,Yes,0.792,High,814.02
6122-EFVKN,Male,0,No,Yes,24,13-24,Two year,DSL,Mailed check,35.75,830.8,No,0.031,Low,13.3
2805-EDJPQ,Female,0,Yes,Yes,56,49+,One year,Fiber optic,Credit card (automatic),99.75,5608.4,No,0.1123,Low,134.42
6862-CQUMB,Male,0,No,No,37,25-48,Month-to-month,Fiber optic,Credit card (automatic),96.1,3646.8,No,0.4225,Medium,487.23
7156-MXBJE,Female,0,No,No,43,25-48,One year,DSL,Credit card (automatic),85.1,3662.25,No,0.0687,Low,70.16
6158-HDPXZ,Male,0,No,No,1,0-12,Month-to-month,DSL,Mailed check,25.35,25.35,No,0.4857,Medium,147.75
9601-BRXPO,Female,0,Yes,No,25,25-48,Month-to-month,Fiber optic,Bank transfer (automatic),104.95,2566.5,Yes,0.5404,High,680.58
2863-IMQDR,Female,0,No,No,61,49+,Two year,DSL,Electronic check,89.65,5308.7,No,0.0218,Low,23.45
5686-CMAWK,Male,0,No,No,17,13-24,One year,Fiber optic,Electronic check,86.75,1410.25,No,0.2922,Low,304.18
5651-CRHKQ,Female,0,Yes,No,41,25-48,One year,Fiber optic,Bank transfer (automatic),86.2,3339.05,No,0.1075,Low,111.2
6905-NIQIN,Male,0,No,No,1,0-12,Month-to-month,DSL,Mailed check,50.65,50.65,Yes,0.3092,Medium,187.93
8204-YJCLA,Male,1,Yes,Yes,72,49+,Two year,DSL,Bank transfer (automatic),64.8,4732.35,No,0.0138,Low,10.73
5167-ZFFMM,Male,0,No,No,1,0-12,Month-to-month,Fiber optic,Credit card (automatic),90.85,90.85,Yes,0.683,High,744.61
6583-SZVGP,Male,0,No,No,48,25-48,Two year,Fiber optic,Bank transfer (automatic),108.1,5067.45,No,0.1541,Low,199.9
4895-TMWIR,Male,1,Yes,No,11,0-12,Month-to-month,No,Mailed check,19.95,214.75,Yes,0.1517,Low,36.32
0533-BNWKF,Female,1,Yes,No,55,49+,Month-to-month,Fiber optic,Electronic check,85.45,4874.7,Yes,0.3628,Medium,372.02
1708-PBBOA,Female,0,No,No,42,25-48,One year,DSL,Electronic check,54.75,2348.45,No,0.0814,Low,53.48
8782-LKFPK,Male,0,No,No,44,25-48,Month-to-month,Fiber optic,Mailed check,90.4,4063.0,No,0.4399,Medium,477.2
5522-JBWMO,Male,0,No,Yes,1,0-12,Month-to-month,DSL,Electronic check,44.0,44.0,No,0.3783,Medium,199.74
3597-MVHJT,Female,0,No,No,27,25-48,Month-to-month,Fiber optic,Bank transfer (automatic),95.6,2595.25,No,0.6085,High,698.07
9774-NRNAU,Male,1,Yes,No,27,25-48,Month-to-month,DSL,Bank transfer (automatic),84.8,2309.55,No,0.3091,Medium,314.54
0224-RLWWD,Female,1,No,No,2,0-12,Month-to-month,DSL,Electronic check,44.3,89.3,No,0.5429,High,288.61
9967-ATRFS,Female,0,No,No,19,13-24,Month-to-month,No,Mailed check,19.9,367.55,No,0.0932,Low,22.26
3951-NJCVI,Female,1,Yes,No,42,25-48,Month-to-month,Fiber optic,Electronic check,95.05,3944.5,No,0.6355,High,724.85
2977-CEBSX,Female,0,No,No,66,49+,Two year,DSL,Credit card (automatic),90.05,5965.95,No,0.0186,Low,20.1
0177-PXBAT,Male,1,Yes,No,33,25-48,Month-to-month,Fiber optic,Bank transfer (automatic),109.9,3694.7,No,0.4392,Medium,579.22
6599-CEBNN,Female,0,No,No,34,25-48,Month-to-month,Fiber optic,Credit card (automatic),73.95,2524.45,Yes,0.3068,Medium,272.25
2519-ERQOJ,Male,1,No,No,33,25-48,Month-to-month,DSL,Electronic check,54.6,1803.7,No,0.4027,Medium,263.85
5876-QMYLD,Female,0,Yes,Yes,23,13-24,One year,No,Mailed check,20.05,415.1,No,0.033,Low,7.94
2277-AXSDC,Female,0,No,No,32,25-48,One year,No,Bank transfer (automatic),19.75,624.15,No,0.0254,Low,6.02
9442-JTWDL,Female,0,No,No,11,0-12,One year,No,Credit card (automatic),20.05,237.7,No,0.0619,Low,14.89
0979-PHULV,Male,0,Yes,Yes,69,49+,Month-to-month,Fiber optic,Credit card (automatic),99.45,7007.6,Yes,0.2895,Low,345.49
3067-SVMTC,Female,0,Yes,No,68,49+,One year,DSL,Bank transfer (automatic),55.9,3848.8,No,0.0088,Low,5.9
5495-GPSRW,Male,0,No,No,20,13-24,Two year,No,Mailed check,19.7,419.4,No,0.036,Low,8.51
7606-BPHHN,Male,0,No,No,72,49+,Two year,No,Credit card (automatic),19.8,1468.75,No,0.0031,Low,0.74
4742-DRORA,Male,0,Yes,Yes,60,49+,One year,Fiber optic,Bank transfer (automatic),95.4,5812.0,No,0.1128,Low,129.13
0111-KLBQG,Male,1,Yes,Yes,32,25-48,Month-to-month,Fiber optic,Mailed check,93.95,2861.45,No,0.4688,Medium,528.53
4800-VHZKI,Female,0,No,No,1,0-12,Month-to-month,No,Mailed check,19.9,19.9,Yes,0.2539,Low,60.63
7989-CHGTL,Male,0,No,No,1,0-12,Month-to-month,No,Mailed check,19.6,19.6,Yes,0.2599,Low,61.13
0334-GDDSO,Male,1,No,No,3,0-12,Month-to-month,Fiber optic,Electronic check,81.35,233.7,Yes,0.7351,High,717.6
4163-NCJAK,Female,0,Yes,No,46,25-48,One year,No,Bank transfer (automatic),24.45,1066.15,No,0.0275,Low,8.07
5233-AOZUF,Female,0,Yes,No,29,25-48,Month-to-month,Fiber optic,Electronic check,74.95,2149.05,No,0.555,High,499.17
5973-EJGDP,Male,0,No,No,51,49+,Month-to-month,Fiber optic,Electronic check,87.35,4473.0,No,0.2943,Low,308.49
1996-DBMUS,Female,1,Yes,No,48,25-48,Month-to-month,Fiber optic,Bank transfer (automatic),70.65,3545.05,No,0.2756,Low,233.65
7916-VCCPB,Female,0,Yes,Yes,16,13-24,Month-to-month,Fiber optic,Bank transfer (automatic),73.25,1195.75,No,0.325,Medium,285.68
4686-GEFRM,Male,0,Yes,No,70,49+,Two year,Fiber optic,Bank transfer (automatic),98.7,6858.9,No,0.0549,Low,65.02
5249-QYHEX,Female,0,Yes,Yes,40,25-48,Two year,No,Mailed check,24.8,1024.7,No,0.0163,Low,4.85
0578-SKVMF,Female,0,Yes,Yes,22,13-24,Month-to-month,Fiber optic,Electronic check,83.3,1845.9,Yes,0.4299,Medium,429.73
5564-NEMQO,Female,1,No,No,1,0-12,Month-to-month,Fiber optic,Bank transfer (automatic),75.3,75.3,Yes,0.6374,High,575.95
2233-FAGXV,Female,0,Yes,Yes,5,0-12,Month-to-month,No,Mailed check,24.3,132.25,No,0.2395,Low,69.84
5605-IYGFG,Female,0,No,No,7,0-12,Month-to-month,Fiber optic,Bank transfer (automatic),69.85,515.45,No,0.5677,High,475.85
7663-ZTEGJ,Male,0,No,Yes,29,25-48,One year,Fiber optic,Credit card (automatic),100.55,2830.45,No,0.1507,Low,181.83
3935-TBRZZ,Male,0,Yes,Yes,44,25-48,One year,No,Mailed check,25.7,1110.5,No,0.0181,Low,5.58
8111-BKVDS,Female,0,No,No,10,0-12,Month-to-month,DSL,Bank transfer (automatic),40.7,449.3,No,0.2371,Low,115.8
2055-SIFSS,Female,1,Yes,No,55,49+,Month-to-month,DSL,Bank transfer (automatic),51.65,2838.55,No,0.0836,Low,51.82
2806-MLNTI,Male,1,Yes,No,52,49+,One year,Fiber optic,Bank transfer (automatic),105.1,5376.4,No,0.2872,Low,362.22
8734-DKSTZ,Female,0,Yes,Yes,10,0-12,Month-to-month,Fiber optic,Electronic check,85.95,858.6,No,0.6179,High,637.3
4360-PNRQB,Male,0,No,No,18,13-24,Month-to-month,Fiber optic,Bank transfer (automatic),75.6,1395.05,No,0.5502,High,499.14
6152-ONASV,Female,0,Yes,No,68,49+,One year,DSL,Bank transfer (automatic),58.25,3975.7,No,0.0129,Low,9.02
9063-ZGTUY,Female,0,Yes,Yes,61,49+,Month-to-month,No,Mailed check,19.4,1182.55,Yes,0.0176,Low,4.1
7781-HVGMK,Female,0,Yes,Yes,72,49+,Two year,DSL,Credit card (automatic),65.2,4784.45,No,0.0114,Low,8.92
2181-UAESM,Male,0,No,No,2,0-12,Month-to-month,DSL,Electronic check,53.45,119.5,No,0.3201,Medium,205.31
2957-LOLHO,Male,0,No,No,12,0-12,Month-to-month,DSL,Bank transfer (automatic),45.4,518.9,Yes,0.3159,Medium,172.1
6048-NJXHX,Male,0,Yes,No,41,25-48,Two year,No,Electronic check,19.75,899.45,No,0.0197,Low,4.67
2320-SLKMB,Female,0,No,No,26,25-48,Month-to-month,DSL,Credit card (automatic),44.45,1183.8,No,0.2729,Low,145.56
4980-URKXC,Male,0,Yes,No,36,25-48,One year,No,Bank transfer (automatic),20.85,720.05,No,0.0215,Low,5.38
4376-KFVRS,Male,0,Yes,Yes,72,49+,Two year,Fiber optic,Credit card (automatic),114.05,8468.2,No,0.045,Low,61.59
5886-VLQVU,Male,0,Yes,No,35,25-48,Month-to-month,Fiber optic,Bank transfer (automatic),89.85,3161.2,No,0.4103,Medium,442.39
3577-AMVUX,Male,0,No,No,1,0-12,Month-to-month,DSL,Mailed check,55.05,55.05,No,0.2648,Low,174.93
0771-WLCLA,Female,0,Yes,Yes,16,13-24,Month-to-month,Fiber optic,Electronic check,112.95,1882.55,No,0.5251,High,711.72
5628-RKIFK,Female,1,No,No,49,49+,Month-to-month,Fiber optic,Credit card (automatic),101.55,5070.4,No,0.3056,Medium,372.4
0206-TBWLC,Female,0,Yes,No,54,49+,One year,Fiber optic,Mailed check,114.65,6049.5,No,0.1503,Low,206.78
2937-FTHUR,Female,0,No,Yes,18,13-24,Month-to-month,DSL,Electronic check,64.8,1166.7,No,0.2564,Low,199.38
1910-FMXJM,Female,0,Yes,No,36,25-48,Month-to-month,Fiber optic,Electronic check,80.4,2937.65,No,0.4012,Medium,387.08
7752-XUSCI,Female,0,No,No,60,49+,Month-to-month,Fiber optic,Electronic check,105.9,6396.45,Yes,0.4484,Medium,569.83
4110-PFEUZ,Female,0,No,No,1,0-12,Month-to-month,Fiber optic,Mailed check,69.55,69.55,Yes,0.5473,High,456.78
0732-OCQOC,Female,0,Yes,Yes,52,49+,Two year,No,Bank transfer (automatic),25.05,1270.25,No,0.0087,Low,2.62
5168-MSWXT,Male,0,Yes,Yes,8,0-12,Month-to-month,Fiber optic,Electronic check,94.75,759.55,No,0.7077,High,804.65
1090-ESELR,Male,0,Yes,Yes,72,49+,Two year,Fiber optic,Bank transfer (automatic),105.5,7611.55,No,0.0203,Low,25.7
8592-PLTMQ,Female,0,No,No,64,49+,One year,No,Mailed check,24.7,1642.75,No,0.0093,Low,2.76
5760-WRAHC,Female,1,No,No,22,13-24,Month-to-month,DSL,Mailed check,69.75,1545.4,No,0.1908,Low,159.7
8847-GEOOQ,Male,0,Yes,No,60,49+,Month-to-month,DSL,Bank transfer (automatic),60.2,3582.4,No,0.1137,Low,82.14
0256-LTHVJ,Female,0,Yes,Yes,28,25-48,Month-to-month,Fiber optic,Electronic check,81.05,2227.1,Yes,0.4915,Medium,478.03
4785-FCIFB,Female,0,Yes,No,61,49+,Two year,No,Mailed check,24.4,1417.9,No,0.0055,Low,1.61
8313-NDOIA,Female,0,No,No,24,13-24,Month-to-month,Fiber optic,Electronic check,104.15,2494.65,No,0.6853,High,856.49
5149-CUZUJ,Male,0,Yes,Yes,28,25-48,One year,Fiber optic,Bank transfer (automatic),92.9,2768.35,No,0.1367,Low,152.39
0942-KOWSM,Female,0,Yes,Yes,30,25-48,Two year,DSL,Bank transfer (automatic),80.8,2369.3,No,0.0326,Low,31.61
4237-CLSMM,Male,0,Yes,No,2,0-12,Month-to-month,No,Mailed check,20.0,38.0,No,0.1895,Low,45.48
1452-VOQCH,Male,0,No,No,1,0-12,Month-to-month,Fiber optic,Electronic check,75.1,75.1,No,0.761,High,685.81
4719-UMSIY,Male,0,No,Yes,6,0-12,Month-to-month,No,Mailed check,19.65,100.9,No,0.1326,Low,31.27
6614-VBEGU,Female,0,Yes,No,24,13-24,Month-to-month,DSL,Bank transfer (automatic),69.45,1614.05,No,0.3025,Medium,252.1
0880-TKATG,Male,0,Yes,Yes,4,0-12,Month-to-month,Fiber optic,Electronic check,101.15,385.9,Yes,0.7053,High,856.09
3811-VBYBZ,Male,0,No,No,7,0-12,Month-to-month,Fiber optic,Electronic check,99.8,673.25,Yes,0.7801,High,934.25
1480-BKXGA,Male,1,Yes,No,72,49+,Two year,Fiber optic,Bank transfer (automatic),116.05,8404.9,No,0.0613,Low,85.37
2996-XAUVF,Male,0,No,No,70,49+,Two year,DSL,Mailed check,40.05,2799.75,No,0.0172,Low,8.27
9076-AXYIK,Male,1,Yes,No,64,49+,Two year,Fiber optic,Electronic check,102.1,6538.45,No,0.1181,Low,144.7
5968-XQIVE,Male,0,Yes,Yes,72,49+,One year,Fiber optic,Electronic check,89.7,6588.95,No,0.1422,Low,153.06
8896-RAZCR,Female,0,No,Yes,44,25-48,Two year,No,Mailed check,19.9,868.1,No,0.0066,Low,1.58
4640-UHDOS,Female,0,Yes,Yes,13,13-24,Month-to-month,DSL,Electronic check,55.95,734.35,Yes,0.3136,Medium,210.55
4933-IKULF,Female,1,No,No,17,13-24,One year,No,Mailed check,20.65,330.6,No,0.0592,Low,14.67
3583-EKAPL,Male,0,No,No,1,0-12,Month-to-month,DSL,Electronic check,55.0,55.0,Yes,0.5729,High,378.11
1304-BCCFO,Male,0,Yes,No,9,0-12,Month-to-month,DSL,Mailed check,70.05,564.4,No,0.4751,Medium,399.37
4104-PVRPS,Male,0,Yes,No,24,13-24,Month-to-month,DSL,Mailed check,53.6,1315.35,No,0.0986,Low,63.42
9399-APLBT,Female,0,Yes,Yes,1,0-12,Month-to-month,Fiber optic,Electronic check,74.7,74.7,Yes,0.6179,High,553.89
2359-KMGLI,Male,0,No,No,24,13-24,Month-to-month,Fiber optic,Electronic check,80.25,1861.5,Yes,0.555,High,534.46
3780-DDGSE,Male,1,Yes,Yes,35,25-48,Month-to-month,DSL,Electronic check,76.05,2747.2,No,0.2257,Low,205.97
4431-EDMIQ,Female,0,Yes,Yes,7,0-12,Month-to-month,DSL,Electronic check,75.7,554.05,No,0.2383,Low,216.47
0306-JAELE,Male,0,No,No,5,0-12,Month-to-month,Fiber optic,Electronic check,96.1,453.4,Yes,0.6894,High,795.02
6227-HWPWX,Female,0,No,Yes,15,13-24,Month-to-month,Fiber optic,Bank transfer (automatic),69.0,994.8,Yes,0.356,Medium,294.77
0486-LGCCH,Male,0,Yes,Yes,11,0-12,Two year,No,Mailed check,19.65,225.75,No,0.0307,Low,7.24
0447-BEMNG,Female,0,Yes,No,48,25-48,Month-to-month,DSL,Bank transfer (automatic),45.3,2145.0,Yes,0.1307,Low,71.05
4612-SSVHJ,Female,1,No,No,20,13-24,Month-to-month,Fiber optic,Electronic check,81.45,1671.6,No,0.6409,High,626.42
5168-MQQCA,Female,0,Yes,No,72,49+,One year,Fiber optic,Bank transfer (automatic),108.5,8003.8,No,0.1402,Low,182.54
5949-XIKAE,Female,0,Yes,Yes,8,0-12,Month-to-month,Fiber optic,Electronic check,83.55,680.05,Yes,0.6277,High,629.33
7971-HLVXI,Male,0,Yes,Yes,72,49+,Two year,Fiber optic,Credit card (automatic),84.5,6130.85,No,0.0573,Low,58.1
9094-AZPHK,Female,0,No,No,15,13-24,Month-to-month,Fiber optic,Electronic check,100.15,1415.0,No,0.7307,High,878.16
3649-JPUGY,Male,0,No,No,72,49+,Two year,DSL,Bank transfer (automatic),88.6,6201.95,No,0.021,Low,22.33
4472-LVYGI,Female,0,Yes,Yes,0,0-12,Two year,DSL,Bank transfer (automatic),52.55,0.0,No,0.1189,Low,74.98
8372-JUXUI,Male,0,No,Yes,1,0-12,Month-to-month,Fiber optic,Electronic check,74.35,74.35,Yes,0.722,High,644.17
3552-CTCYF,Male,0,Yes,Yes,63,49+,Two year,Fiber optic,Bank transfer (automatic),104.8,6597.25,No,0.0983,Low,123.62
6778-YSNIH,Female,0,No,No,2,0-12,Month-to-month,DSL,Electronic check,59.0,114.15,No,0.5218,High,369.43
0388-EOPEX,Female,0,Yes,No,2,0-12,Month-to-month,Fiber optic,Electronic check,74.4,139.4,Yes,0.6066,High,541.57
5756-OZRIO,Male,1,Yes,No,61,49+,One year,DSL,Bank transfer (automatic),64.05,3902.6,No,0.0468,Low,35.97
6579-JPICP,Male,0,No,No,1,0-12,Month-to-month,No,Mailed check,20.4,20.4,No,0.1914,Low,46.85
8205-OTCHB,Male,0,No,No,22,13-24,One year,DSL,Bank transfer (automatic),43.75,903.6,Yes,0.2185,Low,114.71
4134-BSXLX,Male,0,Yes,No,28,25-48,Month-to-month,DSL,Mailed check,60.9,1785.65,No,0.072,Low,52.62
0505-SPOOW,Female,0,Yes,No,70,49+,Two year,No,Bank transfer (automatic),19.8,1397.65,No,0.0024,Low,0.57
6235-VDHOM,Female,1,No,No,5,0-12,Month-to-month,DSL,Electronic check,28.45,131.05,Yes,0.5184,High,176.98
7783-YKGDV,Female,0,No,No,12,0-12,Month-to-month,Fiber optic,Bank transfer (automatic),99.7,1238.45,Yes,0.5127,High,613.39
4374-YMUSQ,Male,0,No,No,34,25-48,One year,Fiber optic,Credit card (automatic),116.25,3899.05,No,0.1496,Low,208.69
4513-CXYIX,Female,1,Yes,No,71,49+,Two year,Fiber optic,Credit card (automatic),80.7,5676.0,No,0.0396,Low,38.35
3957-HHLMR,Female,0,Yes,Yes,70,49+,One year,DSL,Bank transfer (automatic),65.2,4543.15,No,0.018,Low,14.08
7803-XOCCZ,Female,0,Yes,Yes,52,49+,Month-to-month,Fiber optic,Bank transfer (automatic),84.05,4326.8,No,0.1041,Low,105.0
5736-YEJAX,Male,0,No,Yes,69,49+,Two year,DSL,Credit card (automatic),79.45,5502.55,No,0.0097,Low,9.25
5609-CEBID,Female,1,No,No,20,13-24,Month-to-month,Fiber optic,Electronic check,94.1,1782.4,Yes,0.6774,High,764.92
8981-FJGLA,Male,0,No,Yes,11,0-12,Month-to-month,Fiber optic,Mailed check,78.0,851.8,No,0.5793,High,542.22
7218-HKQFK,Male,0,Yes,No,2,0-12,Month-to-month,Fiber optic,Electronic check,94.2,167.5,Yes,0.7238,High,818.18
4636-QRJKY,Female,0,Yes,Yes,6,0-12,Month-to-month,Fiber optic,Electronic check,80.5,502.85,Yes,0.5964,High,576.12
1135-LMECX,Female,0,No,No,1,0-12,Month-to-month,No,Mailed check,19.85,19.85,No,0.1905,Low,45.38
4332-MUOEZ,Male,1,Yes,Yes,20,13-24,One year,Fiber optic,Credit card (automatic),94.3,1818.3,No,0.1378,Low,155.93
8535-SFUTN,Male,0,No,No,61,49+,Month-to-month,Fiber optic,Electronic check,106.45,6300.15,No,0.3726,Medium,475.96
5956-VKDTT,Female,1,Yes,No,5,0-12,Month-to-month,Fiber optic,Electronic check,74.35,334.8,Yes,0.7652,High,682.71
8677-HDZEE,Female,0,No,No,56,49+,Month-to-month,Fiber optic,Bank transfer (automatic),105.45,5916.95,No,0.3066,Medium,387.97
2475-MROZF,Male,0,No,No,30,25-48,Month-to-month,Fiber optic,Credit card (automatic),95.0,2852.4,No,0.2488,Low,283.63
9412-GHEEC,Male,0,No,No,40,25-48,Month-to-month,Fiber optic,Bank transfer (automatic),104.8,4131.95,Yes,0.3532,Medium,444.18
3482-ABPKK,Female,0,No,No,28,25-48,One year,DSL,Mailed check,54.3,1546.3,No,0.0419,Low,27.3
6705-LXORM,Female,1,Yes,No,5,0-12,Month-to-month,Fiber optic,Electronic check,70.05,302.6,No,0.6219,High,522.77
0257-ZESQC,Female,1,Yes,No,27,25-48,Month-to-month,Fiber optic,Bank transfer (automatic),75.2,1929.35,Yes,0.335,Medium,302.3
7531-GQHME,Male,0,No,No,12,0-12,Month-to-month,No,Credit card (automatic),20.05,265.45,No,0.1153,Low,27.74
5174-ITUMV,Male,0,Yes,Yes,67,49+,One year,Fiber optic,Electronic check,105.4,6989.45,No,0.2149,Low,271.81
4109-CYRBD,Male,1,Yes,No,29,25-48,Month-to-month,DSL,Electronic check,51.6,1442.0,No,0.349,Medium,216.1
0913-XWSCN,Male,0,Yes,Yes,55,49+,Month-to-month,Fiber optic,Bank transfer (automatic),85.5,4713.4,No,0.2206,Low,226.34
6825-UYPFK,Female,0,No,No,23,13-24,Month-to-month,Fiber optic,Bank transfer (automatic),75.6,1758.6,Yes,0.4108,Medium,372.68
8397-MVTAZ,Male,0,Yes,No,34,25-48,Month-to-month,Fiber optic,Electronic check,100.05,3480.0,Yes,0.6663,High,799.96
0750-EBAIU,Male,0,No,No,52,49+,One year,Fiber optic,Electronic check,91.25,4738.3,No,0.1198,Low,131.18
8606-CIQUL,Male,1,Yes,Yes,72,49+,Two year,Fiber optic,Credit card (automatic),115.75,8399.15,No,0.0484,Low,67.23
3571-DPYUH,Male,0,Yes,Yes,58,49+,One year,Fiber optic,Credit card (automatic),94.7,5430.35,No,0.105,Low,119.32
7601-GNDYK,Male,0,Yes,Yes,35,25-48,Two year,No,Mailed check,19.6,686.95,No,0.0104,Low,2.45
0356-OBMAC,Female,1,No,No,56,49+,Two year,Fiber optic,Bank transfer (automatic),99.9,5706.3,No,0.088,Low,105.49
8067-NIOYM,Female,0,Yes,Yes,24,13-24,Two year,No,Credit card (automatic),21.1,490.65,No,0.0208,Low,5.27
1403-GYAFU,Male,0,Yes,Yes,70,49+,Two year,No,Credit card (automatic),20.05,1360.25,No,0.0019,Low,0.46
4234-XTNEA,Male,0,No,No,2,0-12,Month-to-month,Fiber optic,Electronic check,79.95,174.45,No,0.745,High,714.75
1297-VQDRP,Male,1,Yes,Yes,68,49+,One year,Fiber optic,Credit card (automatic),107.15,7379.8,No,0.1444,Low,185.67
9282-IZGQK,Female,0,No,No,1,0-12,Month-to-month,Fiber optic,Electronic check,85.0,85.0,Yes,0.7962,High,812.12
5348-CAGXB,Male,0,No,No,12,0-12,Month-to-month,Fiber optic,Electronic check,89.55,1021.75,No,0.7341,High,788.86
0621-HJWXJ,Female,0,Yes,No,63,49+,Month-to-month,Fiber optic,Bank transfer (automatic),81.55,5029.05,No,0.1899,Low,185.84
5844-QVTAT,Female,0,Yes,Yes,33,25-48,One year,DSL,Mailed check,58.45,1955.4,No,0.05,Low,35.07
8905-IAZPF,Female,0,Yes,No,69,49+,One year,Fiber optic,Credit card (automatic),95.65,6744.2,No,0.1285,Low,147.49
5394-MEITZ,Female,0,Yes,Yes,60,49+,Two year,DSL,Bank transfer (automatic),80.6,4946.7,No,0.019,Low,18.38
6859-QNXIQ,Female,0,Yes,Yes,72,49+,Two year,Fiber optic,Bank transfer (automatic),113.1,8248.5,No,0.0445,Low,60.4
2782-LFZVW,Female,0,No,No,11,0-12,Month-to-month,DSL,Mailed check,58.95,601.6,No,0.4754,Medium,336.3
2866-IKBTM,Female,0,No,No,1,0-12,Month-to-month,No,Mailed check,19.55,19.55,No,0.1919,Low,45.02
1342-JPNKI,Male,0,No,No,10,0-12,Month-to-month,Fiber optic,Bank transfer (automatic),86.05,834.1,Yes,0.665,High,686.68
2817-NTQDO,Male,0,No,No,13,13-24,Month-to-month,DSL,Credit card (automatic),45.55,597.0,Yes,0.2987,Low,163.27
7129-AZJDE,Male,0,Yes,Yes,34,25-48,One year,Fiber optic,Bank transfer (automatic),78.95,2647.2,No,0.2241,Low,212.31
6986-IJDHX,Male,0,Yes,Yes,39,25-48,Month-to-month,Fiber optic,Mailed check,86.3,3266.0,Yes,0.3051,Medium,315.96
2560-PPCHE,Female,0,No,No,65,49+,One year,Fiber optic,Bank transfer (automatic),105.05,6744.25,No,0.1451,Low,182.91
4676-MQUEA,Male,1,Yes,No,50,49+,One year,Fiber optic,Bank transfer (automatic),101.9,5265.5,No,0.1771,Low,216.56
8138-EALND,Male,0,No,No,15,13-24,Month-to-month,No,Mailed check,19.75,311.6,No,0.113,Low,26.78
3580-HYCSP,Male,0,Yes,Yes,72,49+,Two year,Fiber optic,Bank transfer (automatic),110.3,7966.9,No,0.0572,Low,75.71
1352-HNSAW,Female,0,Yes,Yes,72,49+,Two year,Fiber optic,Bank transfer (automatic),115.6,8220.4,No,0.0411,Low,57.01
2075-PUEPR,Male,0,Yes,Yes,55,49+,Two year,No,Bank transfer (automatic),19.35,1153.25,No,0.004,Low,0.93
1982-FEBTD,Female,0,Yes,Yes,23,13-24,Two year,No,Credit card (automatic),25.6,514.75,No,0.0295,Low,9.06
5301-GAUUY,Male,0,No,No,32,25-48,Month-to-month,Fiber optic,Bank transfer (automatic),80.35,2596.15,Yes,0.4007,Medium,386.35
5791-KAJFD,Female,0,Yes,Yes,56,49+,One year,DSL,Bank transfer (automatic),68.75,3808.0,No,0.0437,Low,36.05
2654-VBVPB,Female,0,No,No,1,0-12,Month-to-month,No,Bank transfer (automatic),19.9,19.9,No,0.1787,Low,42.67
1154-HYWWO,Male,0,No,No,38,25-48,One year,DSL,Mailed check,70.6,2708.2,No,0.0341,Low,28.89
2501-XWWTZ,Male,0,No,No,11,0-12,Month-to-month,Fiber optic,Electronic check,70.2,760.05,No,0.5377,High,452.96
3716-UVSPD,Male,0,No,No,1,0-12,Month-to-month,DSL,Electronic check,49.3,49.3,No,0.4301,Medium,254.45
6815-ABQFQ,Male,0,Yes,No,56,49+,One year,Fiber optic,Electronic check,107.25,6033.3,No,0.2459,Low,316.47
7343-EOBEU,Male,0,Yes,No,3,0-12,Month-to-month,No,Mailed check,23.6,89.05,No,0.3112,Medium,88.13
3701-SFMUH,Male,0,Yes,Yes,7,0-12,Month-to-month,DSL,Credit card (automatic),69.7,516.15,No,0.2518,Low,210.61
6103-LIANB,Male,0,Yes,Yes,59,49+,Two year,Fiber optic,Credit card (automatic),99.5,5861.75,No,0.1165,Low,139.1
7319-VENRZ,Male,0,No,No,7,0-12,Month-to-month,DSL,Bank transfer (automatic),64.3,445.95,No,0.256,Low,197.53
5846-NEQVZ,Male,0,Yes,Yes,71,49+,Two year,DSL,Credit card (automatic),70.85,4973.4,No,0.0068,Low,5.78
6967-QIQRV,Male,0,Yes,Yes,15,13-24,One year,Fiber optic,Electronic check,101.9,1667.25,No,0.2386,Low,291.76
5781-RFZRP,Male,0,Yes,No,71,49+,Two year,DSL,Credit card (automatic),73.5,5357.75,No,0.008,Low,7.06
0939-YAPAF,Female,0,No,No,35,25-48,Month-to-month,Fiber optic,Electronic check,100.25,3527.6,Yes,0.646,High,777.14
0308-IVGOK,Female,0,No,No,11,0-12,One year,DSL,Credit card (automatic),40.4,422.6,No,0.1782,Low,86.39
7293-LSCDV,Female,0,Yes,Yes,60,49+,Two year,No,Credit card (automatic),19.25,1103.25,No,0.0042,Low,0.97
7025-WCBNE,Male,1,No,No,47,25-48,Two year,DSL,Bank transfer (automatic),59.6,2754.0,No,0.0204,Low,14.59
5756-JYOJT,Female,0,No,No,11,0-12,One year,DSL,Credit card (automatic),64.9,697.25,No,0.1205,Low,93.85
4710-FDUIZ,Male,0,Yes,No,56,49+,One year,Fiber optic,Credit card (automatic),100.3,5614.45,Yes,0.1726,Low,207.74
6030-REHUX,Female,1,Yes,No,28,25-48,Month-to-month,Fiber optic,Electronic check,110.85,3204.4,No,0.617,High,820.73
9548-LIGTA,Male,0,Yes,No,61,49+,Two year,DSL,Mailed check,81.05,4747.65,No,0.0161,Low,15.66
5150-LJNSR,Male,0,Yes,Yes,31,25-48,One year,Fiber optic,Bank transfer (automatic),98.05,3082.1,No,0.1585,Low,186.49
8270-RKSAP,Male,0,No,No,9,0-12,Month-to-month,Fiber optic,Electronic check,70.5,597.9,No,0.6402,High,541.61
6522-YRBXD,Male,1,Yes,No,35,25-48,Month-to-month,Fiber optic,Electronic check,94.55,3365.4,No,0.4974,Medium,564.35
2640-LYMOV,Male,0,No,No,2,0-12,Month-to-month,No,Mailed check,19.65,38.8,No,0.2509,Low,59.16
1218-VKFPE,Female,0,Yes,Yes,12,0-12,Month-to-month,No,Mailed check,19.0,233.55,Yes,0.1062,Low,24.21
3627-FHKBK,Female,0,No,No,1,0-12,Month-to-month,Fiber optic,Mailed check,75.3,75.3,Yes,0.436,Medium,393.97
2865-TCHJW,Female,1,No,No,4,0-12,Month-to-month,Fiber optic,Electronic check,89.2,346.2,Yes,0.8019,High,858.35
1423-BMPBQ,Female,0,Yes,Yes,1,0-12,Month-to-month,No,Mailed check,19.0,19.0,No,0.2218,Low,50.57
2393-DIVAI,Female,0,No,No,3,0-12,Month-to-month,No,Mailed check,20.0,61.7,No,0.2365,Low,56.76
5192-EBGOV,Female,1,No,No,1,0-12,Month-to-month,Fiber optic,Electronic check,85.7,85.7,Yes,0.8154,High,838.56
4568-KNYWR,Male,0,No,No,52,49+,Two year,DSL,Credit card (automatic),63.25,3342.45,No,0.0205,Low,15.56
8752-IMQOS,Male,0,Yes,Yes,5,0-12,One year,No,Mailed check,20.1,85.1,No,0.074,Low,17.85
0742-LAFQK,Male,0,Yes,No,72,49+,Two year,Fiber optic,Electronic check,99.15,7422.1,No,0.0758,Low,90.19
0795-LAFGP,Male,0,Yes,Yes,71,49+,Two year,DSL,Electronic check,90.4,6668.05,No,0.0147,Low,15.95
0619-OLYUR,Male,0,Yes,No,72,49+,Two year,Fiber optic,Credit card (automatic),111.9,8071.05,No,0.0558,Low,74.93
5512-IDZEI,Male,0,Yes,Yes,46,25-48,One year,No,Electronic check,24.9,1174.8,No,0.0231,Low,6.9
0459-SPZHJ,Male,0,Yes,Yes,63,49+,Two year,DSL,Credit card (automatic),83.5,5435.0,No,0.0168,Low,16.83
0215-BQKGS,Male,0,No,No,30,25-48,Month-to-month,Fiber optic,Credit card (automatic),84.3,2438.6,No,0.2519,Low,254.82
9244-ZVAPM,Male,0,No,No,1,0-12,Month-to-month,DSL,Mailed check,45.6,45.6,No,0.3485,Medium,190.7
0719-SYFRB,Female,0,No,No,12,0-12,Month-to-month,DSL,Mailed check,61.65,713.75,Yes,0.2469,Low,182.66
8208-EUMTE,Male,0,No,No,16,13-24,Two year,DSL,Mailed check,54.85,916.15,No,0.0593,Low,39.03
5172-MIGPM,Male,0,No,No,4,0-12,Month-to-month,DSL,Mailed check,65.55,237.2,No,0.3546,Medium,278.93
1710-RCXUS,Male,0,Yes,No,51,49+,One year,Fiber optic,Credit card (automatic),90.35,4614.55,No,0.1987,Low,215.43
0374-FIUCA,Male,0,Yes,No,65,49+,Two year,No,Credit card (automatic),20.4,1414.45,No,0.0043,Low,1.05
5839-SUYVZ,Male,0,No,No,16,13-24,Month-to-month,Fiber optic,Credit card (automatic),74.55,1170.5,No,0.3998,Medium,357.66
5173-ZXXXL,Male,0,No,No,2,0-12,One year,No,Mailed check,19.95,47.7,No,0.1021,Low,24.44
1096-ADRUX,Female,0,Yes,Yes,66,49+,One year,Fiber optic,Bank transfer (automatic),74.25,4859.25,No,0.0893,Low,79.57
2001-MCUUW,Male,0,No,No,46,25-48,Two year,Fiber optic,Electronic check,108.65,4903.2,No,0.1342,Low,174.97
2731-GJRDG,Female,0,No,No,32,25-48,One year,Fiber optic,Bank transfer (automatic),109.55,3608.0,No,0.251,Low,329.96
4723-BEGSG,Male,0,Yes,No,72,49+,Two year,DSL,Credit card (automatic),86.65,6094.25,No,0.0117,Low,12.17
6516-NKQBO,Male,0,Yes,Yes,38,25-48,Two year,DSL,Credit card (automatic),81.0,3084.9,No,0.0199,Low,19.34
8672-OAUPW,Male,0,No,Yes,51,49+,One year,DSL,Credit card (automatic),47.85,2356.75,No,0.0189,Low,10.85
8207-DMRVL,Male,0,Yes,Yes,72,49+,Two year,Fiber optic,Bank transfer (automatic),114.55,8306.05,No,0.0309,Low,42.48
3419-SNJJD,Female,1,Yes,No,65,49+,Month-to-month,Fiber optic,Bank transfer (automatic),105.25,6786.4,Yes,0.2338,Low,295.29
6543-CPZMK,Male,0,Yes,Yes,9,0-12,Month-to-month,DSL,Electronic check,29.95,248.95,Yes,0.4743,Medium,170.46
4765-OXPPD,Female,0,Yes,Yes,9,0-12,Month-to-month,DSL,Mailed check,65.0,663.05,Yes,0.1076,Low,83.93
2804-ETQDK,Male,0,No,Yes,66,49+,Two year,No,Mailed check,20.55,1357.1,No,0.0024,Low,0.59
6689-VRRTK,Female,1,No,No,44,25-48,One year,Fiber optic,Credit card (automatic),109.8,4860.35,No,0.2469,Low,325.32
7138-GIRSH,Male,0,No,No,50,49+,Two year,DSL,Bank transfer (automatic),69.5,3418.2,No,0.0252,Low,21.02
9396-ZSFLL,Female,0,No,No,15,13-24,Month-to-month,DSL,Mailed check,48.85,631.4,No,0.2928,Low,171.64
6464-KEXXH,Male,0,No,No,8,0-12,Month-to-month,DSL,Credit card (automatic),25.25,186.3,No,0.4729,Medium,143.29
7134-MJPDY,Female,1,No,No,66,49+,One year,Fiber optic,Credit card (automatic),102.85,6976.75,No,0.1892,Low,233.51
5240-CAOYT,Female,0,No,No,57,49+,Month-to-month,Fiber optic,Bank transfer (automatic),87.55,4884.85,No,0.1324,Low,139.1
4059-IIEBK,Female,0,No,No,7,0-12,Month-to-month,Fiber optic,Bank transfer (automatic),78.55,522.95,No,0.6037,High,569.05
4881-JVQOD,Male,1,Yes,Yes,10,0-12,Month-to-month,DSL,Bank transfer (automatic),34.55,362.6,No,0.5111,High,211.9
0516-UXRMT,Female,0,No,No,62,49+,One year,Fiber optic,Electronic check,92.05,5755.8,No,0.1131,Low,124.93
4851-BQDNX,Male,0,Yes,Yes,40,25-48,One year,Fiber optic,Electronic check,85.05,3355.65,No,0.2545,Low,259.74
5148-HKFIR,Female,0,No,No,20,13-24,Two year,No,Mailed check,19.7,406.95,No,0.0245,Low,5.79
1009-IRMNA,Female,0,No,No,7,0-12,Month-to-month,No,Bank transfer (automatic),20.0,137.6,Yes,0.1414,Low,33.94
3003-CMDUU,Female,0,Yes,No,25,25-48,Month-to-month,Fiber optic,Electronic check,95.15,2395.7,No,0.564,High,643.98
5016-IBERQ,Male,0,Yes,No,23,13-24,Month-to-month,Fiber optic,Electronic check,84.25,1968.1,No,0.4841,Medium,489.43
6797-UCJHZ,Female,1,Yes,No,66,49+,One year,Fiber optic,Credit card (automatic),104.6,6819.45,No,0.1548,Low,194.3
2469-DTSGX,Female,1,No,No,72,49+,Two year,Fiber optic,Electronic check,111.65,7943.45,No,0.0789,Low,105.71
4554-YGZIH,Male,1,Yes,No,49,49+,Month-to-month,Fiber optic,Credit card (automatic),90.05,4547.25,Yes,0.305,Medium,329.58
5099-BAILX,Male,1,Yes,Yes,43,25-48,Month-to-month,Fiber optic,Bank transfer (automatic),110.75,4687.9,Yes,0.3709,Medium,492.93
9931-KGHOA,Female,0,Yes,No,46,25-48,Month-to-month,DSL,Bank transfer (automatic),55.0,2473.95,No,0.0729,Low,48.11
1775-KWJKQ,Male,0,Yes,Yes,72,49+,Two year,DSL,Credit card (automatic),89.85,6562.9,No,0.0092,Low,9.92
7665-VIGUD,Male,0,No,No,10,0-12,One year,No,Mailed check,20.35,176.3,No,0.0717,Low,17.51
9411-TPQQV,Female,0,No,No,40,25-48,One year,DSL,Bank transfer (automatic),54.55,2236.2,No,0.0924,Low,60.49
7207-RMRDB,Female,0,Yes,Yes,65,49+,Month-to-month,Fiber optic,Electronic check,105.5,6985.65,Yes,0.3733,Medium,472.6
7954-MLBUN,Male,0,No,No,31,25-48,Two year,Fiber optic,Bank transfer (automatic),99.45,3109.9,No,0.1163,Low,138.79
2077-DDHJK,Female,0,Yes,No,68,49+,Two year,DSL,Credit card (automatic),70.9,4911.35,No,0.0059,Low,5.02
4913-EHYUI,Male,1,Yes,Yes,56,49+,One year,Fiber optic,Bank transfer (automatic),104.55,5794.65,Yes,0.1864,Low,233.86
0195-IESCP,Male,0,Yes,No,10,0-12,Month-to-month,Fiber optic,Electronic check,85.25,855.3,Yes,0.754,High,771.34
9574-BOSMD,Male,0,Yes,Yes,68,49+,Two year,No,Bank transfer (automatic),25.4,1620.2,No,0.003,Low,0.91
4580-TMHJU,Female,0,Yes,Yes,43,25-48,Month-to-month,DSL,Electronic check,56.15,2499.3,Yes,0.13,Low,87.59
0970-ETWGE,Male,0,No,No,1,0-12,Month-to-month,Fiber optic,Electronic check,89.55,89.55,Yes,0.792,High,851.08
4908-XAXAY,Female,1,No,No,49,49+,One year,Fiber optic,Bank transfer (automatic),89.85,4287.2,No,0.1755,Low,189.22
8404-VLQFB,Female,0,Yes,Yes,15,13-24,Month-to-month,No,Electronic check,25.25,394.85,No,0.2105,Low,63.78
1626-ERCMM,Male,1,Yes,No,20,13-24,Month-to-month,Fiber optic,Electronic check,94.55,1899.65,Yes,0.7755,High,879.88
0887-HJGAR,Male,0,No,No,1,0-12,Month-to-month,DSL,Mailed check,45.7,45.7,Yes,0.4358,Medium,238.99
2391-IPLOP,Male,0,Yes,Yes,50,49+,One year,DSL,Electronic check,69.65,3442.15,No,0.0805,Low,67.28
5644-PDMZC,Female,1,No,No,2,0-12,Month-to-month,Fiber optic,Electronic check,89.5,161.5,Yes,0.7192,High,772.42
3509-GWQGF,Male,1,No,No,24,13-24,Month-to-month,Fiber optic,Credit card (automatic),70.0,1732.6,No,0.3661,Medium,307.52
9576-ANLXO,Female,0,No,No,3,0-12,Month-to-month,Fiber optic,Bank transfer (automatic),69.55,222.3,Yes,0.6028,High,503.1
2024-BASKD,Female,0,No,No,1,0-12,Month-to-month,Fiber optic,Mailed check,74.6,74.6,Yes,0.6268,High,561.11
5845-BZZIB,Male,0,Yes,Yes,35,25-48,Two year,No,Mailed check,20.1,655.3,No,0.0102,Low,2.46
1140-UKVZG,Female,0,No,No,17,13-24,Month-to-month,No,Mailed check,24.8,475.25,No,0.1344,Low,40.0
4160-AMJTL,Female,1,No,No,8,0-12,Month-to-month,No,Electronic check,19.65,164.3,Yes,0.2125,Low,50.11
5183-SNMJQ,Male,0,No,No,10,0-12,Month-to-month,Fiber optic,Credit card (automatic),95.1,865.1,No,0.5631,High,642.61
8100-PNJMH,Male,0,Yes,Yes,68,49+,Two year,DSL,Credit card (automatic),88.85,6132.7,No,0.0151,Low,16.1
7838-LAZFO,Male,0,Yes,No,45,25-48,One year,DSL,Bank transfer (automatic),78.8,3597.5,No,0.0501,Low,47.37
4464-JCOLN,Male,0,Yes,Yes,2,0-12,One year,No,Mailed check,19.85,35.9,Yes,0.0848,Low,20.2
2085-JVGAD,Male,0,Yes,No,37,25-48,Month-to-month,No,Bank transfer (automatic),20.35,697.65,No,0.0409,Low,9.99
5650-VDUDS,Female,0,No,No,4,0-12,Month-to-month,DSL,Mailed check,24.25,96.05,Yes,0.5472,High,159.24
8095-WANWK,Female,0,No,No,10,0-12,Month-to-month,DSL,Mailed check,45.25,428.7,No,0.2682,Low,145.63
3030-ZKIWL,Male,0,No,No,1,0-12,Month-to-month,No,Mailed check,20.05,20.05,No,0.193,Low,46.44
9565-FLVCG,Male,0,Yes,Yes,65,49+,Two year,DSL,Mailed check,69.55,4459.15,No,0.016,Low,13.35
8755-OGKNA,Female,0,Yes,Yes,57,49+,Two year,No,Bank transfer (automatic),19.5,1167.6,No,0.0035,Low,0.82
2800-VEQXM,Female,0,No,No,3,0-12,Month-to-month,Fiber optic,Mailed check,74.75,238.1,No,0.6107,High,547.8
7538-GWHML,Female,0,No,No,2,0-12,Month-to-month,Fiber optic,Electronic check,69.65,145.15,Yes,0.613,High,512.35
5533-RJFTJ,Male,0,No,No,49,49+,Month-to-month,DSL,Bank transfer (automatic),30.2,1453.1,No,0.1308,Low,47.4
3859-CVCET,Female,0,No,No,4,0-12,Month-to-month,DSL,Mailed check,45.65,191.05,Yes,0.317,Medium,173.65
0214-JHPFW,Female,0,Yes,No,70,49+,Two year,DSL,Bank transfer (automatic),57.8,4039.3,No,0.0156,Low,10.82
5642-MHDQT,Female,0,Yes,Yes,53,49+,One year,No,Bank transfer (automatic),19.85,1039.45,No,0.0116,Low,2.76
3088-FVYWK,Male,0,Yes,Yes,53,49+,Two year,No,Credit card (automatic),25.55,1336.1,No,0.0057,Low,1.75
3276-HDUEG,Female,0,No,No,1,0-12,Month-to-month,Fiber optic,Mailed check,75.05,75.05,Yes,0.6965,High,627.27
9092-GDZKO,Male,0,No,No,22,13-24,Month-to-month,No,Credit card (automatic),24.85,493.4,No,0.1385,Low,41.3
0823-HSCDJ,Male,1,No,No,52,49+,Month-to-month,DSL,Electronic check,49.15,2550.9,Yes,0.2827,Low,166.74
3729-OWRVL,Male,1,No,No,65,49+,Two year,Fiber optic,Electronic check,110.35,7246.15,No,0.1113,Low,147.38
2324-AALNO,Female,0,No,No,48,25-48,One year,No,Bank transfer (automatic),24.55,1203.95,No,0.0174,Low,5.13
0822-GAVAP,Female,0,No,No,2,0-12,Month-to-month,DSL,Electronic check,34.7,62.25,Yes,0.6894,High,287.07
5760-IFJOZ,Male,0,No,No,3,0-12,Month-to-month,Fiber optic,Mailed check,107.95,313.6,No,0.6392,High,828.02
2826-UWHIS,Male,0,Yes,No,45,25-48,Month-to-month,Fiber optic,Bank transfer (automatic),81.4,3775.85,No,0.2367,Low,231.21
1448-PWKYE,Male,0,Yes,Yes,1,0-12,Month-to-month,Fiber optic,Electronic check,80.0,80.0,Yes,0.6282,High,603.07
7501-IWUNG,Female,0,Yes,Yes,61,49+,Two year,DSL,Bank transfer (automatic),73.8,4616.05,No,0.0211,Low,18.69
4957-TREIR,Male,0,No,No,3,0-12,Month-to-month,DSL,Credit card (automatic),64.4,195.65,No,0.2747,Low,212.29
7251-LJBQN,Female,1,No,No,40,25-48,One year,Fiber optic,Credit card (automatic),103.75,4188.4,No,0.3093,Medium,385.08
8040-MNRTF,Female,0,No,No,1,0-12,Month-to-month,Fiber optic,Mailed check,71.1,71.1,No,0.5356,High,456.97
1536-HBSWP,Female,0,No,No,1,0-12,Month-to-month,DSL,Electronic check,49.9,49.9,No,0.4202,Medium,251.62
5313-FPXWG,Male,0,No,No,51,49+,One year,No,Bank transfer (automatic),24.6,1266.4,No,0.0224,Low,6.61
0067-DKWBL,Male,1,No,No,2,0-12,Month-to-month,DSL,Electronic check,49.25,91.1,Yes,0.4429,Medium,261.75
0946-FKYTX,Male,0,No,No,52,49+,One year,DSL,Mailed check,30.1,1623.4,No,0.0416,Low,15.03
5076-YVXCM,Male,0,No,No,51,49+,Month-to-month,Fiber optic,Bank transfer (automatic),83.4,4149.45,No,0.2851,Low,285.33
8262-COGGB,Male,0,No,No,1,0-12,Month-to-month,No,Mailed check,20.45,20.45,No,0.255,Low,62.58
6663-JOCQO,Male,0,Yes,Yes,31,25-48,One year,DSL,Bank transfer (automatic),75.25,2344.5,No,0.0635,Low,57.34
9620-QJREV,Male,0,No,Yes,47,25-48,One year,No,Credit card (automatic),20.55,1013.05,No,0.0102,Low,2.52
2276-YDAVZ,Female,0,No,No,3,0-12,Month-to-month,Fiber optic,Credit card (automatic),75.1,270.7,Yes,0.6602,High,594.97
2682-KEVRP,Female,1,No,No,22,13-24,One year,No,Mailed check,20.05,417.0,No,0.0685,Low,16.48
2480-JZOSN,Female,0,Yes,No,1,0-12,Month-to-month,No,Mailed check,20.65,20.65,No,0.2537,Low,62.87
0078-XZMHT,Male,0,Yes,No,72,49+,Two year,DSL,Bank transfer (automatic),85.15,6316.2,No,0.0243,Low,24.83
5896-NPFWW,Male,0,Yes,Yes,3,0-12,Month-to-month,DSL,Electronic check,50.15,168.15,Yes,0.4369,Medium,262.93
9978-HYCIN,Male,1,Yes,Yes,47,25-48,One year,Fiber optic,Bank transfer (automatic),84.95,4018.05,No,0.1609,Low,164.02
8338-QIUNR,Male,0,Yes,Yes,72,49+,Two year,DSL,Credit card (automatic),66.5,4811.6,No,0.0066,Low,5.27
1525-LNLOJ,Male,0,Yes,Yes,66,49+,Two year,DSL,Bank transfer (automatic),63.3,4189.7,No,0.0239,Low,18.15
9450-TRJUU,Male,0,No,No,35,25-48,Month-to-month,Fiber optic,Electronic check,83.15,2848.45,No,0.496,Medium,494.91
1766-GKNMI,Male,0,No,No,29,25-48,Month-to-month,Fiber optic,Electronic check,84.9,2516.2,No,0.6289,High,640.72
6942-LBFDP,Female,0,No,No,2,0-12,Month-to-month,No,Mailed check,20.55,33.6,No,0.2414,Low,59.53
1456-TWCGB,Male,0,No,No,4,0-12,Month-to-month,DSL,Mailed check,49.25,208.45,No,0.2939,Low,173.69
7133-VBDCG,Female,0,No,No,25,25-48,Month-to-month,Fiber optic,Bank transfer (automatic),79.85,2015.35,Yes,0.2894,Low,277.3
7596-ZYWBB,Female,0,No,No,65,49+,Two year,DSL,Mailed check,59.6,3739.8,No,0.0068,Low,4.86
8329-UTMVM,Male,1,No,No,27,25-48,One year,Fiber optic,Bank transfer (automatic),104.65,2964.0,No,0.3692,Medium,463.64
3014-WJKSM,Male,0,Yes,No,29,25-48,Month-to-month,Fiber optic,Credit card (automatic),75.3,2263.4,No,0.3816,Medium,344.81
3347-YJZZE,Male,0,Yes,Yes,29,25-48,Month-to-month,DSL,Credit card (automatic),80.1,2211.8,No,0.2084,Low,200.31
1029-QFBEN,Male,0,No,No,1,0-12,Month-to-month,No,Mailed check,19.55,19.55,Yes,0.1954,Low,45.84
7929-DMBCV,Female,0,Yes,No,20,13-24,Month-to-month,Fiber optic,Mailed check,81.0,1683.7,No,0.3848,Medium,374.03
9661-JALZV,Female,0,No,No,58,49+,Two year,No,Credit card (automatic),24.7,1519.0,No,0.0082,Low,2.43
5433-KYGHE,Female,0,No,Yes,14,13-24,Month-to-month,Fiber optic,Mailed check,86.0,1164.05,No,0.347,Medium,358.1
4312-KFRXN,Male,0,Yes,No,72,49+,Two year,No,Mailed check,25.4,1710.9,No,0.0033,Low,1.01
5575-TPIZQ,Male,0,No,No,46,25-48,Month-to-month,Fiber optic,Credit card (automatic),89.15,4245.55,No,0.3196,Medium,341.91
0114-IGABW,Female,0,Yes,No,71,49+,Two year,DSL,Bank transfer (automatic),58.25,4145.9,No,0.015,Low,10.48
9944-AEXBM,Male,0,No,No,32,25-48,Month-to-month,Fiber optic,Bank transfer (automatic),85.65,2664.3,No,0.5009,High,514.83
1853-ARAAQ,Female,0,No,No,26,25-48,Month-to-month,DSL,Credit card (automatic),50.35,1277.5,No,0.4035,Medium,243.79
6952-OMNWB,Male,1,Yes,No,68,49+,Month-to-month,Fiber optic,Credit card (automatic),80.35,5589.3,No,0.2195,Low,211.64
4697-LUPSU,Male,0,Yes,Yes,2,0-12,One year,No,Mailed check,20.2,34.75,No,0.084,Low,20.36
8434-VGEQQ,Male,0,Yes,Yes,61,49+,Two year,No,Credit card (automatic),20.55,1305.95,No,0.0028,Low,0.69
4952-YSOGZ,Female,0,Yes,Yes,4,0-12,Month-to-month,Fiber optic,Electronic check,85.95,381.3,Yes,0.7398,High,763.03
1589-AGTLK,Male,0,No,No,3,0-12,Month-to-month,DSL,Electronic check,45.35,141.5,Yes,0.495,Medium,269.38
5244-IRFIH,Male,1,Yes,No,33,25-48,Month-to-month,Fiber optic,Electronic check,94.5,3105.55,Yes,0.7024,High,796.52
6549-YMFAW,Male,1,Yes,No,9,0-12,Month-to-month,No,Mailed check,21.25,204.55,No,0.2154,Low,54.93
4950-HKQTE,Female,0,No,No,22,13-24,Two year,No,Mailed check,26.25,605.9,No,0.0293,Low,9.23
6786-OBWQR,Female,0,Yes,Yes,5,0-12,Month-to-month,Fiber optic,Electronic check,80.85,356.1,No,0.6699,High,649.94
2684-EIWEO,Female,1,No,No,30,25-48,Month-to-month,Fiber optic,Credit card (automatic),91.7,2758.15,Yes,0.2585,Low,284.45
2753-JMMCV,Male,0,No,No,65,49+,Two year,DSL,Credit card (automatic),74.2,4805.65,No,0.0193,Low,17.18
6439-GTPCA,Female,0,No,No,45,25-48,Month-to-month,Fiber optic,Electronic check,87.25,3941.7,Yes,0.3348,Medium,350.54
6621-YOBKI,Male,0,No,No,5,0-12,Month-to-month,No,Mailed check,20.35,92.75,No,0.1646,Low,40.2
1216-JWVUX,Male,0,Yes,Yes,25,25-48,Month-to-month,Fiber optic,Electronic check,75.5,1901.05,No,0.4213,Medium,381.7
7564-GHCVB,Female,0,Yes,Yes,72,49+,Two year,Fiber optic,Bank transfer (automatic),79.05,5730.7,No,0.0201,Low,19.07
1173-NOEYG,Female,0,Yes,No,27,25-48,Month-to-month,Fiber optic,Bank transfer (automatic),90.15,2423.4,No,0.4512,Medium,488.11
7595-EHCDL,Male,0,Yes,Yes,32,25-48,Month-to-month,DSL,Credit card (automatic),50.6,1653.45,No,0.2371,Low,143.97
6647-ZEDXT,Female,0,No,No,30,25-48,One year,Fiber optic,Credit card (automatic),110.45,3327.05,No,0.2248,Low,297.95
2521-NPUZR,Male,0,Yes,No,70,49+,Two year,Fiber optic,Credit card (automatic),101.0,7085.5,No,0.0184,Low,22.3
1307-TVUFB,Male,1,No,No,42,25-48,Month-to-month,Fiber optic,Bank transfer (automatic),79.35,3344.1,No,0.3629,Medium,345.55
7503-MIOGA,Female,1,Yes,No,72,49+,Two year,DSL,Bank transfer (automatic),89.85,6697.35,No,0.0198,Low,21.35
4381-MHQDC,Female,0,No,No,47,25-48,Two year,DSL,Mailed check,65.0,2879.9,No,0.0206,Low,16.07
6923-JHPMP,Female,0,No,No,2,0-12,Month-to-month,Fiber optic,Electronic check,80.45,137.1,No,0.5836,High,563.41
5138-WVKYJ,Male,0,No,No,10,0-12,Month-to-month,Fiber optic,Electronic check,98.55,1008.55,Yes,0.6482,High,766.56
4018-PPNDW,Female,0,Yes,Yes,61,49+,Two year,No,Mailed check,24.1,1551.6,No,0.0066,Low,1.91
1635-FJFCC,Female,0,No,No,5,0-12,Month-to-month,DSL,Credit card (automatic),44.05,202.15,No,0.3764,Medium,198.97
2499-AJYUA,Female,1,Yes,No,72,49+,Two year,Fiber optic,Credit card (automatic),110.8,7882.25,No,0.0781,Low,103.84
6919-ELBGL,Male,1,Yes,Yes,72,49+,Two year,Fiber optic,Bank transfer (automatic),114.95,8196.4,No,0.0488,Low,67.31
3966-HRMZA,Female,1,No,No,3,0-12,Month-to-month,Fiber optic,Mailed check,75.05,202.9,No,0.5514,High,496.59
6425-JWTDV,Male,0,Yes,No,48,25-48,Two year,No,Mailed check,19.25,855.1,No,0.0072,Low,1.66
8405-IGQFX,Female,0,No,No,63,49+,One year,Fiber optic,Credit card (automatic),90.05,5817.0,No,0.0925,Low,99.96
8224-IVVPA,Female,0,No,No,27,25-48,Month-to-month,DSL,Mailed check,56.7,1652.95,No,0.1347,Low,91.65
9477-LGWQI,Male,0,Yes,Yes,70,49+,Two year,DSL,Credit card (automatic),80.15,5600.15,No,0.0128,Low,12.31
1410-RSCMR,Male,0,Yes,Yes,7,0-12,Month-to-month,DSL,Credit card (automatic),71.35,515.75,No,0.1969,Low,168.59
3115-CZMZD,Male,0,No,Yes,0,0-12,Two year,No,Mailed check,20.25,0.0,No,0.0479,Low,11.64
0139-IVFJG,Female,0,Yes,No,2,0-12,Month-to-month,Fiber optic,Electronic check,90.35,190.5,No,0.5223,High,566.28
6683-VLCTZ,Male,1,No,No,20,13-24,Month-to-month,Fiber optic,Electronic check,98.55,1842.8,Yes,0.7675,High,907.65
5730-DBDSI,Male,0,No,No,66,49+,Two year,No,Bank transfer (automatic),19.7,1253.8,No,0.0028,Low,0.66
0030-FNXPP,Female,0,No,No,3,0-12,Month-to-month,No,Mailed check,19.85,57.2,No,0.1767,Low,42.09
2189-WWOEW,Female,0,No,Yes,15,13-24,Month-to-month,Fiber optic,Bank transfer (automatic),85.9,1269.55,Yes,0.4565,Medium,470.56
5684-FJVYR,Female,0,Yes,Yes,72,49+,Two year,Fiber optic,Bank transfer (automatic),90.35,6563.4,No,0.0195,Low,21.14
4013-GUXND,Male,0,No,No,1,0-12,Month-to-month,No,Mailed check,20.8,20.8,No,0.1895,Low,47.3
1894-IGFSG,Female,0,No,No,22,13-24,Month-to-month,Fiber optic,Electronic check,89.25,1907.85,Yes,0.5762,High,617.11
7379-POKDZ,Male,0,Yes,No,3,0-12,Month-to-month,Fiber optic,Electronic check,70.3,208.85,Yes,0.6939,High,585.37
1266-NZYUI,Female,0,Yes,Yes,72,49+,Two year,DSL,Bank transfer (automatic),66.85,4758.8,No,0.0045,Low,3.61
7969-FFOWG,Male,0,Yes,Yes,65,49+,Two year,No,Mailed check,19.9,1292.6,No,0.0026,Low,0.62
4718-DHSMV,Female,0,No,No,11,0-12,Month-to-month,DSL,Mailed check,35.8,363.15,No,0.518,High,222.53
5175-WLYXL,Male,0,No,No,22,13-24,Month-to-month,Fiber optic,Mailed check,78.85,1600.25,No,0.4997,Medium,472.82
7817-OMJNA,Male,0,No,No,14,13-24,One year,No,Bank transfer (automatic),20.4,275.7,No,0.0564,Low,13.81
8728-SKJLR,Male,0,No,No,41,25-48,Month-to-month,Fiber optic,Electronic check,74.25,3089.1,No,0.3084,Medium,274.78
3137-NYQQI,Male,0,Yes,No,17,13-24,One year,DSL,Mailed check,64.8,1175.6,No,0.0985,Low,76.59
7706-DZNKK,Male,0,No,No,11,0-12,Month-to-month,No,Credit card (automatic),20.45,237.3,No,0.1631,Low,40.02
0236-HFWSV,Male,0,No,No,15,13-24,Month-to-month,Fiber optic,Electronic check,93.35,1444.65,Yes,0.779,High,872.64
3900-AQPHZ,Female,0,No,No,1,0-12,Month-to-month,No,Mailed check,19.9,19.9,Yes,0.1903,Low,45.44
5842-POCOP,Female,0,Yes,No,5,0-12,Month-to-month,Fiber optic,Mailed check,88.9,454.15,Yes,0.5603,High,597.73
2037-XJFUP,Male,0,Yes,No,33,25-48,One year,Fiber optic,Electronic check,95.8,3036.75,Yes,0.4087,Medium,469.84
8823-RLPWL,Female,0,Yes,No,72,49+,Two year,Fiber optic,Credit card (automatic),110.65,8065.65,No,0.068,Low,90.29
9505-SQFSW,Female,0,Yes,Yes,3,0-12,Month-to-month,DSL,Mailed check,40.3,92.5,No,0.4197,Medium,202.97
7314-OXENN,Male,0,No,No,2,0-12,Month-to-month,Fiber optic,Electronic check,82.0,184.65,Yes,0.7102,High,698.84
3758-CKOQL,Female,0,Yes,No,59,49+,One year,Fiber optic,Credit card (automatic),107.0,6152.3,No,0.086,Low,110.42
0322-CHQRU,Male,0,No,No,2,0-12,Month-to-month,DSL,Electronic check,45.35,89.5,Yes,0.413,Medium,224.75
5676-CFLYY,Male,0,Yes,Yes,71,49+,Two year,DSL,Credit card (automatic),73.35,5154.5,No,0.0127,Low,11.18
7521-AFHAB,Female,0,Yes,Yes,5,0-12,Month-to-month,DSL,Mailed check,44.8,220.45,No,0.271,Low,145.69
0285-INHLN,Male,0,Yes,Yes,27,25-48,Month-to-month,DSL,Credit card (automatic),54.75,1510.3,No,0.1068,Low,70.17
4678-DVQEO,Female,0,No,No,1,0-12,Month-to-month,DSL,Electronic check,52.2,52.2,Yes,0.4033,Medium,252.63
5125-CNDSP,Male,0,No,Yes,63,49+,One year,DSL,Bank transfer (automatic),40.6,2588.95,No,0.0145,Low,7.06
0691-IFBQW,Female,1,No,No,46,25-48,One year,Fiber optic,Electronic check,110.0,4874.8,Yes,0.3093,Medium,408.28
4992-LTJNE,Male,0,Yes,Yes,72,49+,Two year,DSL,Bank transfer (automatic),55.3,3983.6,No,0.0061,Low,4.05
2202-OUTMO,Female,0,Yes,No,34,25-48,Month-to-month,DSL,Bank transfer (automatic),60.85,2003.6,No,0.1117,Low,81.56
0810-BDHAW,Female,0,Yes,Yes,24,13-24,One year,DSL,Electronic check,78.4,1832.4,No,0.1405,Low,132.18
0229-LFJAF,Male,0,No,No,72,49+,Two year,DSL,Bank transfer (automatic),69.65,4908.25,No,0.0052,Low,4.35
7131-ZQZNK,Female,0,Yes,Yes,60,49+,Two year,DSL,Credit card (automatic),59.85,3590.2,No,0.0132,Low,9.48
3442-ZHHCC,Male,0,No,No,68,49+,One year,DSL,Credit card (automatic),76.9,5023.0,No,0.0295,Low,27.22
5726-CVNYA,Female,0,Yes,Yes,8,0-12,Two year,No,Mailed check,19.85,146.6,No,0.0485,Low,11.55
9871-ELEYA,Female,0,No,Yes,34,25-48,Two year,DSL,Credit card (automatic),67.65,2339.3,No,0.0175,Low,14.21
4257-GAESD,Female,0,No,No,6,0-12,Month-to-month,DSL,Credit card (automatic),45.0,298.7,No,0.5191,High,280.31
5173-WXOQV,Male,0,Yes,No,2,0-12,Month-to-month,DSL,Mailed check,64.2,143.65,No,0.3662,Medium,282.12
2040-OBMLJ,Male,0,No,No,31,25-48,One year,Fiber optic,Credit card (automatic),81.7,2548.65,No,0.1538,Low,150.79
6286-ZHAOK,Female,0,Yes,Yes,20,13-24,Month-to-month,No,Bank transfer (automatic),25.55,507.4,No,0.1256,Low,38.51
3807-XHCJH,Female,0,Yes,Yes,1,0-12,Month-to-month,No,Electronic check,20.0,20.0,No,0.206,Low,49.44
3009-JWMPU,Male,0,No,No,62,49+,One year,Fiber optic,Electronic check,96.75,6125.4,Yes,0.3219,Medium,373.73
5671-RQRLP,Female,1,Yes,No,70,49+,Two year,Fiber optic,Credit card (automatic),75.65,5411.4,No,0.0589,Low,53.47
1450-GALXR,Female,0,No,No,10,0-12,Month-to-month,Fiber optic,Electronic check,98.5,1058.25,Yes,0.7357,High,869.6
8859-AXJZP,Male,0,Yes,Yes,39,25-48,Two year,No,Mailed check,23.8,903.8,No,0.0175,Low,5.0
3174-AKMAS,Female,0,Yes,No,46,25-48,Two year,DSL,Credit card (automatic),64.2,3009.5,No,0.0261,Low,20.11
3138-BKYAV,Male,0,No,No,6,0-12,Month-to-month,Fiber optic,Electronic check,85.35,489.45,Yes,0.6795,High,695.94
9926-PJHDQ,Female,0,Yes,Yes,72,49+,Two year,DSL,Bank transfer (automatic),76.8,5468.45,No,0.0258,Low,23.78
7382-DFJTU,Male,0,No,No,18,13-24,Month-to-month,DSL,Credit card (automatic),55.2,1058.1,No,0.1463,Low,96.91
2798-NYLMZ,Male,0,Yes,No,71,49+,Two year,Fiber optic,Credit card (automatic),108.55,7616.0,No,0.0585,Low,76.2
4289-DTDKW,Male,0,Yes,No,40,25-48,Month-to-month,Fiber optic,Electronic check,101.3,4113.1,Yes,0.5884,High,715.26
1820-TQVEV,Male,0,No,No,1,0-12,Month-to-month,Fiber optic,Electronic check,69.55,69.55,Yes,0.7087,High,591.48
2239-JALAW,Male,0,No,No,58,49+,One year,Fiber optic,Bank transfer (automatic),103.25,6017.65,Yes,0.2359,Low,292.28
4853-RULSV,Male,0,No,No,70,49+,Two year,Fiber optic,Credit card (automatic),104.0,7250.15,Yes,0.0571,Low,71.26
8098-TDCBU,Female,0,Yes,No,42,25-48,Two year,No,Electronic check,25.25,1108.2,No,0.0174,Low,5.27
3551-GAEGL,Male,0,Yes,Yes,34,25-48,One year,DSL,Bank transfer (automatic),30.4,938.65,No,0.051,Low,18.6
4785-NKHCX,Male,1,No,No,5,0-12,Month-to-month,No,Bank transfer (automatic),20.05,94.15,No,0.1753,Low,42.18
3196-NVXLZ,Female,0,No,No,25,25-48,Month-to-month,Fiber optic,Mailed check,84.6,2088.05,No,0.5776,High,586.38
6275-YDUVO,Female,0,No,No,2,0-12,Month-to-month,Fiber optic,Mailed check,86.2,178.7,Yes,0.6603,High,683.01
0036-IHMOT,Female,0,Yes,Yes,55,49+,One year,Fiber optic,Bank transfer (automatic),103.7,5656.75,No,0.1187,Low,147.71
0115-TFERT,Male,0,Yes,No,21,13-24,Month-to-month,Fiber optic,Electronic check,111.2,2317.1,Yes,0.6217,High,829.6
4178-EGMON,Male,0,Yes,No,70,49+,Two year,Fiber optic,Credit card (automatic),88.0,5986.45,No,0.0251,Low,26.51
4220-TINQT,Female,0,Yes,No,61,49+,Month-to-month,Fiber optic,Electronic check,106.35,6751.35,No,0.4098,Medium,522.99
5318-YKDPV,Male,0,Yes,Yes,43,25-48,Two year,DSL,Credit card (automatic),79.15,3566.6,No,0.0263,Low,24.98
7975-TZMLR,Male,0,No,No,47,25-48,One year,Fiber optic,Electronic check,103.1,4889.3,No,0.3803,Medium,470.51
0295-QVKPB,Male,0,No,No,5,0-12,Month-to-month,DSL,Credit card (automatic),63.95,318.1,No,0.3439,Medium,263.91
4335-BSMJS,Female,0,No,No,62,49+,Two year,No,Credit card (automatic),25.8,1563.95,No,0.0065,Low,2.01
2311-QYMUQ,Female,0,Yes,Yes,16,13-24,Month-to-month,Fiber optic,Credit card (automatic),89.45,1430.25,Yes,0.4514,Medium,484.53
3643-AHCFP,Male,1,Yes,No,7,0-12,Month-to-month,Fiber optic,Bank transfer (automatic),95.6,644.35,Yes,0.7676,High,880.59
9146-JRIOX,Female,0,Yes,Yes,14,13-24,Month-to-month,No,Mailed check,25.55,372.45,No,0.1232,Low,37.77
3104-OWCGK,Male,0,Yes,Yes,60,49+,One year,Fiber optic,Electronic check,90.95,5453.4,Yes,0.1012,Low,110.45
5337-IIWKZ,Male,0,Yes,Yes,34,25-48,Month-to-month,DSL,Electronic check,44.85,1442.6,No,0.2491,Low,134.07
9101-BWFSS,Female,0,Yes,No,50,49+,One year,Fiber optic,Electronic check,108.55,5610.7,Yes,0.1654,Low,215.45
9650-VBUOG,Male,0,Yes,Yes,38,25-48,Two year,No,Credit card (automatic),25.05,963.95,No,0.0112,Low,3.37
3487-EARAT,Female,0,Yes,Yes,70,49+,One year,DSL,Credit card (automatic),74.1,5222.3,No,0.0088,Low,7.82
2672-TGEFF,Female,0,Yes,Yes,37,25-48,Month-to-month,Fiber optic,Electronic check,88.8,3340.55,No,0.485,Medium,516.82
9231-ZJYAM,Female,1,No,No,4,0-12,Month-to-month,Fiber optic,Electronic check,78.85,292.8,Yes,0.7601,High,719.21
4250-WAROZ,Male,1,Yes,Yes,60,49+,Month-to-month,Fiber optic,Electronic check,93.25,5774.55,No,0.2867,Low,320.82
8184-WMOFI,Male,0,Yes,Yes,62,49+,One year,DSL,Credit card (automatic),71.4,4487.3,No,0.0127,Low,10.88
6982-SSHFK,Male,0,No,No,1,0-12,Month-to-month,DSL,Mailed check,44.4,44.4,Yes,0.3568,Medium,190.1
6092-QZVPP,Male,0,No,No,36,25-48,Month-to-month,DSL,Credit card (automatic),79.2,2854.95,No,0.1364,Low,129.63
4625-LAMOB,Male,0,No,No,44,25-48,Two year,No,Credit card (automatic),20.4,905.55,No,0.0075,Low,1.84
0727-BMPLR,Female,1,No,No,55,49+,One year,Fiber optic,Electronic check,100.0,5509.3,Yes,0.3753,Medium,450.36
0392-BZIUW,Female,0,Yes,No,72,49+,Two year,Fiber optic,Credit card (automatic),105.0,7589.8,No,0.074,Low,93.24
1038-ZAGBI,Female,0,Yes,Yes,12,0-12,One year,No,Bank transfer (automatic),19.8,229.6,Yes,0.0504,Low,11.98
6549-NNDYT,Female,0,No,No,13,13-24,Month-to-month,DSL,Bank transfer (automatic),30.85,394.1,No,0.3214,Medium,118.98
3027-ZTDHO,Male,0,No,No,1,0-12,Month-to-month,Fiber optic,Electronic check,89.9,89.9,Yes,0.7903,High,852.58
0422-OHQHQ,Female,0,Yes,Yes,15,13-24,One year,No,Mailed check,20.55,295.95,No,0.0466,Low,11.49
6916-HIJSE,Female,0,No,No,65,49+,Two year,DSL,Bank transfer (automatic),84.85,5459.2,No,0.0137,Low,13.95
2316-ESMLS,Female,0,Yes,Yes,12,0-12,One year,DSL,Credit card (automatic),33.15,444.75,No,0.0922,Low,36.68
9778-OGKQZ,Male,0,Yes,No,72,49+,Two year,DSL,Credit card (automatic),92.0,6782.15,No,0.0163,Low,18.0
7408-OFWXJ,Female,0,Yes,Yes,72,49+,Two year,DSL,Credit card (automatic),89.8,6510.45,No,0.0089,Low,9.59
6007-TCTST,Female,0,Yes,Yes,72,49+,Two year,Fiber optic,Bank transfer (automatic),115.8,8476.5,No,0.0432,Low,60.03
2252-NKNSI,Male,0,No,Yes,52,49+,Two year,DSL,Mailed check,85.15,4461.85,No,0.0251,Low,25.65
8713-IGZSO,Male,0,No,No,2,0-12,Month-to-month,No,Mailed check,24.85,62.0,No,0.235,Low,70.08
7905-TVXTA,Female,0,No,No,5,0-12,Month-to-month,DSL,Electronic check,64.35,352.65,No,0.3449,Medium,266.33
7695-PKLCZ,Female,0,No,No,68,49+,Two year,No,Credit card (automatic),20.5,1424.9,No,0.0025,Low,0.62
2382-BCKQJ,Female,0,No,Yes,62,49+,One year,Fiber optic,Electronic check,100.15,6413.65,Yes,0.2626,Low,315.59
8374-UULRV,Male,0,No,No,72,49+,Two year,DSL,Credit card (automatic),86.05,6309.65,No,0.0107,Low,11.05
2207-NHRJK,Male,0,No,No,1,0-12,Month-to-month,DSL,Electronic check,50.8,50.8,Yes,0.3772,Medium,229.94
3224-DFQNQ,Female,0,Yes,No,66,49+,One year,Fiber optic,Electronic check,89.0,5898.6,No,0.0564,Low,60.24
5275-PMFUT,Male,0,Yes,Yes,72,49+,Two year,DSL,Credit card (automatic),64.8,4719.75,No,0.0116,Low,9.02
4795-UXVCJ,Male,0,No,No,26,25-48,One year,No,Credit card (automatic),19.8,457.3,No,0.0325,Low,7.72
9777-IQHWP,Male,0,Yes,Yes,64,49+,Two year,Fiber optic,Bank transfer (automatic),93.4,5822.3,No,0.0377,Low,42.25
0947-MUGVO,Male,1,Yes,No,20,13-24,Month-to-month,Fiber optic,Electronic check,73.65,1463.5,Yes,0.5651,High,499.44
9944-HKVVB,Female,0,No,No,3,0-12,Month-to-month,Fiber optic,Electronic check,95.1,307.4,Yes,0.7444,High,849.51
4124-MMETB,Male,0,No,No,22,13-24,Month-to-month,Fiber optic,Credit card (automatic),94.65,2104.55,Yes,0.646,High,733.73
3671-SHRSP,Male,0,Yes,No,4,0-12,Month-to-month,Fiber optic,Mailed check,80.6,319.15,Yes,0.5156,High,498.69
0979-MOZQI,Male,0,Yes,No,62,49+,Two year,DSL,Bank transfer (automatic),39.0,2337.45,No,0.0225,Low,10.53
2732-ISEZX,Female,0,No,No,5,0-12,Month-to-month,No,Mailed check,20.5,104.3,No,0.2178,Low,53.58
3313-QKNKB,Male,0,Yes,No,59,49+,One year,Fiber optic,Electronic check,85.55,5084.65,Yes,0.1863,Low,191.26
0323-XWWTN,Male,0,No,Yes,3,0-12,Two year,No,Mailed check,26.4,121.25,No,0.0764,Low,24.2
1937-OTUKY,Female,0,Yes,No,72,49+,Two year,Fiber optic,Bank transfer (automatic),98.2,7015.9,No,0.0405,Low,47.73
1573-LGXBA,Male,0,Yes,Yes,57,49+,One year,Fiber optic,Credit card (automatic),97.55,5598.0,No,0.1519,Low,177.81
1764-VUUMT,Male,0,No,Yes,66,49+,Two year,No,Credit card (automatic),19.95,1269.1,No,0.0022,Low,0.53
5073-WXOYN,Female,0,No,No,60,49+,Month-to-month,DSL,Electronic check,50.8,3027.4,Yes,0.1912,Low,116.56
4713-ZBURT,Male,0,No,Yes,45,25-48,Two year,Fiber optic,Bank transfer (automatic),99.7,4634.35,No,0.1229,Low,147.04
3050-GBUSH,Female,0,No,No,3,0-12,Month-to-month,DSL,Credit card (automatic),34.8,113.95,No,0.5843,High,244.0
0207-MDKNV,Female,0,No,No,15,13-24,Month-to-month,Fiber optic,Electronic check,105.1,1582.75,Yes,0.4305,Medium,542.95
7876-AEHIG,Female,0,No,Yes,51,49+,One year,DSL,Bank transfer (automatic),60.15,3077.0,No,0.0354,Low,25.55
7945-HLKEA,Female,0,No,No,60,49+,One year,DSL,Electronic check,64.75,4039.5,No,0.0255,Low,19.81
9342-VNIMQ,Male,0,No,No,33,25-48,Month-to-month,DSL,Bank transfer (automatic),54.65,1665.2,No,0.1913,Low,125.45
9851-KIELU,Male,0,No,No,10,0-12,Month-to-month,Fiber optic,Electronic check,110.1,1043.3,Yes,0.5161,High,681.87
3523-BRGUW,Male,1,No,No,26,25-48,One year,No,Credit card (automatic),19.3,504.2,No,0.0382,Low,8.85
3908-BLSYF,Female,0,No,No,6,0-12,Month-to-month,Fiber optic,Electronic check,83.9,497.55,Yes,0.6322,High,636.5
3199-NPKCN,Female,0,Yes,No,67,49+,One year,Fiber optic,Electronic check,111.25,7511.65,No,0.1651,Low,220.41
5170-PTRKA,Female,0,Yes,Yes,49,49+,One year,DSL,Credit card (automatic),35.8,1782.0,No,0.0277,Low,11.9
4661-NJEUX,Male,0,No,No,1,0-12,Month-to-month,No,Mailed check,20.05,20.05,No,0.2573,Low,61.91
2123-AGEEN,Female,1,No,No,7,0-12,Month-to-month,Fiber optic,Electronic check,84.35,609.65,No,0.7344,High,743.36
1258-YMZNM,Female,1,No,No,27,25-48,One year,Fiber optic,Bank transfer (automatic),110.5,2857.6,No,0.3316,Medium,439.7
0048-LUMLS,Male,0,Yes,Yes,37,25-48,One year,Fiber optic,Credit card (automatic),91.2,3247.55,No,0.1815,Low,198.63
7549-MYGPK,Female,0,Yes,Yes,63,49+,Month-to-month,Fiber optic,Electronic check,100.55,6215.35,Yes,0.2244,Low,270.76
5898-IGSLP,Male,0,Yes,Yes,31,25-48,Month-to-month,Fiber optic,Electronic check,89.3,2823.0,No,0.2455,Low,263.08
3804-RVTGV,Male,0,Yes,Yes,50,49+,Month-to-month,Fiber optic,Bank transfer (automatic),103.85,5017.9,Yes,0.3733,Medium,465.21
6259-WJQLC,Male,1,No,No,32,25-48,Month-to-month,Fiber optic,Credit card (automatic),81.1,2619.25,No,0.4572,Medium,444.95
9227-LUNBG,Female,0,No,No,1,0-12,Month-to-month,DSL,Electronic check,24.6,24.6,Yes,0.5622,High,165.96
7997-EASSD,Female,0,Yes,No,63,49+,One year,Fiber optic,Credit card (automatic),81.2,4965.1,No,0.0843,Low,82.14
0730-KOAVE,Male,0,No,No,30,25-48,Month-to-month,Fiber optic,Credit card (automatic),94.3,2679.7,No,0.3808,Medium,430.91
8975-SKGRX,Male,0,Yes,No,71,49+,Two year,Fiber optic,Bank transfer (automatic),116.1,8310.55,No,0.0549,Low,76.49
0678-RLHVP,Female,0,No,No,53,49+,Two year,Fiber optic,Electronic check,105.55,5682.25,No,0.1484,Low,187.96
4315-MURBD,Female,0,No,No,12,0-12,Month-to-month,Fiber optic,Bank transfer (automatic),98.9,1120.95,Yes,0.4579,Medium,543.44
2267-FPIMA,Male,0,Yes,No,50,49+,Month-to-month,Fiber optic,Credit card (automatic),94.4,4914.9,No,0.2749,Low,311.41
1051-GEJLJ,Female,0,No,No,2,0-12,Month-to-month,No,Mailed check,19.5,27.55,No,0.1848,Low,43.24
9734-YWGEX,Female,0,No,No,9,0-12,Month-to-month,Fiber optic,Credit card (automatic),98.3,923.5,Yes,0.6449,High,760.72
2719-BDAQO,Male,0,No,No,17,13-24,Month-to-month,Fiber optic,Electronic check,93.85,1625.65,Yes,0.526,High,592.38
5285-MVEHD,Female,0,Yes,No,56,49+,One year,Fiber optic,Credit card (automatic),105.6,6068.65,No,0.1327,Low,168.16
0379-DJQHR,Male,0,Yes,Yes,67,49+,Two year,DSL,Credit card (automatic),81.35,5398.6,No,0.0095,Low,9.27
0781-LKXBR,Male,1,No,No,9,0-12,Month-to-month,Fiber optic,Electronic check,100.5,918.6,Yes,0.8145,High,982.29
5543-QDCRY,Male,0,No,No,4,0-12,Month-to-month,DSL,Electronic check,56.4,234.85,No,0.5351,High,362.16
0297-RBCSG,Male,0,No,No,19,13-24,One year,DSL,Bank transfer (automatic),65.35,1231.85,No,0.1197,Low,93.87
4694-PHWFW,Female,0,No,Yes,8,0-12,Month-to-month,No,Mailed check,19.95,170.9,No,0.1198,Low,28.68
0835-JKADZ,Female,0,No,No,71,49+,Two year,Fiber optic,Electronic check,111.25,7984.15,No,0.1036,Low,138.31
1907-UBQFC,Male,1,No,No,10,0-12,Month-to-month,Fiber optic,Electronic check,72.85,688.65,Yes,0.6441,High,563.07
7508-SMHXL,Female,1,No,No,15,13-24,Month-to-month,Fiber optic,Credit card (automatic),89.0,1288.3,No,0.5351,High,571.49
3865-YIOTT,Male,0,Yes,Yes,72,49+,One year,Fiber optic,Bank transfer (automatic),106.1,7848.5,No,0.1186,Low,151.0
5993-BQHEA,Male,0,No,No,12,0-12,One year,No,Credit card (automatic),20.05,267.0,No,0.0606,Low,14.58
6024-RUGGH,Male,0,Yes,Yes,72,49+,Two year,No,Bank transfer (automatic),25.2,1798.9,No,0.0037,Low,1.12
6513-EECDB,Male,1,Yes,No,1,0-12,Month-to-month,Fiber optic,Electronic check,73.55,73.55,Yes,0.7974,High,703.79
3956-CJUST,Female,1,No,No,23,13-24,Month-to-month,Fiber optic,Bank transfer (automatic),75.4,1643.55,No,0.3597,Medium,325.46
4079-WWQQQ,Male,0,No,No,72,49+,Two year,DSL,Bank transfer (automatic),65.55,4807.45,No,0.0146,Low,11.48
6103-BOCOU,Female,0,No,No,26,25-48,Month-to-month,Fiber optic,Electronic check,80.7,2193.0,No,0.5735,High,555.38
5149-TGWDZ,Female,0,No,No,21,13-24,One year,Fiber optic,Mailed check,104.55,2239.4,No,0.3081,Medium,386.54
7471-WNSUF,Male,0,Yes,No,60,49+,One year,No,Bank transfer (automatic),24.15,1505.9,No,0.0109,Low,3.16
8942-DBMHZ,Male,0,No,No,12,0-12,Month-to-month,No,Mailed check,20.45,255.35,No,0.1253,Low,30.75
4301-VVZKA,Male,0,Yes,No,16,13-24,Month-to-month,Fiber optic,Electronic check,75.4,1189.4,No,0.6609,High,597.98
9199-PWQVC,Female,0,Yes,No,63,49+,One year,DSL,Credit card (automatic),79.7,4786.15,No,0.049,Low,46.86
4824-GUCBY,Female,1,No,No,22,13-24,Month-to-month,Fiber optic,Electronic check,81.7,1820.9,No,0.3339,Medium,327.36
5393-HJZSM,Female,0,Yes,Yes,32,25-48,Month-to-month,DSL,Bank transfer (automatic),76.3,2404.15,No,0.0587,Low,53.75
7074-IEVOJ,Female,1,No,No,3,0-12,Month-to-month,Fiber optic,Electronic check,79.4,205.05,Yes,0.7411,High,706.12
9625-QSTYE,Female,0,No,No,13,13-24,Month-to-month,Fiber optic,Electronic check,81.15,952.3,Yes,0.5484,High,534.03
0862-PRCBS,Female,0,Yes,Yes,68,49+,Two year,Fiber optic,Credit card (automatic),103.75,7039.45,No,0.0616,Low,76.69
8812-ZRHFP,Female,0,Yes,Yes,30,25-48,One year,Fiber optic,Electronic check,86.45,2538.05,No,0.233,Low,241.71
5146-CBVOE,Female,0,No,No,16,13-24,Month-to-month,Fiber optic,Bank transfer (automatic),75.1,1212.85,No,0.3592,Medium,323.71
0454-OKRCT,Male,0,No,No,33,25-48,Two year,Fiber optic,Bank transfer (automatic),80.6,2651.1,No,0.0548,Low,53.0
5787-KXGIY,Male,0,Yes,No,72,49+,Two year,No,Credit card (automatic),19.3,1304.8,No,0.0021,Low,0.49
4750-ZRXIU,Female,1,No,No,4,0-12,Month-to-month,Fiber optic,Electronic check,84.6,360.1,Yes,0.8069,High,819.16
4198-VFOEA,Female,0,No,No,12,0-12,One year,DSL,Mailed check,33.6,435.45,No,0.1653,Low,66.65
6630-UJZMY,Female,1,Yes,No,4,0-12,Month-to-month,Fiber optic,Electronic check,83.25,308.05,No,0.8148,High,813.99
5709-LVOEQ,Female,0,Yes,Yes,0,0-12,Two year,DSL,Mailed check,80.85,0.0,No,0.0838,Low,81.3
6400-BWQKW,Female,0,No,No,6,0-12,Month-to-month,Fiber optic,Electronic check,79.05,434.5,Yes,0.6392,High,606.35
2692-AQCPF,Female,0,Yes,No,65,49+,One year,Fiber optic,Credit card (automatic),108.05,7118.9,No,0.1573,Low,203.96
0347-UBKUZ,Female,0,No,No,15,13-24,Month-to-month,No,Mailed check,19.9,320.45,No,0.1106,Low,26.41
0835-DUUIQ,Female,0,No,Yes,24,13-24,One year,No,Bank transfer (automatic),21.05,531.55,No,0.0284,Low,7.17
0811-GSDTP,Female,0,No,Yes,13,13-24,Month-to-month,DSL,Electronic check,30.15,382.2,No,0.3331,Medium,120.52
7567-ECMCM,Male,0,No,No,24,13-24,Month-to-month,Fiber optic,Credit card (automatic),79.85,2001.0,No,0.4911,Medium,470.57
6115-ZTBFQ,Female,0,Yes,No,72,49+,Two year,DSL,Bank transfer (automatic),65.5,4919.7,No,0.0104,Low,8.17
6353-BRMMA,Female,0,Yes,Yes,54,49+,Month-to-month,Fiber optic,Bank transfer (automatic),104.1,5645.8,No,0.2705,Low,337.91
6680-WKXRZ,Female,0,No,No,3,0-12,Month-to-month,Fiber optic,Bank transfer (automatic),74.4,215.8,Yes,0.5829,High,520.41
6231-WFGFH,Male,0,Yes,Yes,4,0-12,Month-to-month,No,Mailed check,20.5,77.6,No,0.1952,Low,48.02
9904-EHEVJ,Female,1,Yes,Yes,32,25-48,Month-to-month,Fiber optic,Mailed check,91.35,2896.55,No,0.4968,Medium,544.59
7028-DVOIQ,Male,1,No,No,35,25-48,Month-to-month,Fiber optic,Electronic check,99.05,3395.8,Yes,0.6845,High,813.6
6169-PPETC,Male,0,Yes,Yes,35,25-48,Two year,No,Bank transfer (automatic),20.5,759.35,No,0.0095,Low,2.34
4208-UFFGW,Male,1,No,No,2,0-12,Month-to-month,DSL,Mailed check,44.95,85.15,Yes,0.3767,Medium,203.19
8584-KMVXD,Female,0,No,No,8,0-12,Month-to-month,Fiber optic,Electronic check,75.6,535.55,No,0.5098,High,462.49
8467-WYNSR,Male,0,No,No,22,13-24,Month-to-month,DSL,Mailed check,55.1,1253.15,No,0.1003,Low,66.32
0851-DFJKB,Female,0,No,No,15,13-24,Month-to-month,DSL,Electronic check,58.95,955.15,No,0.1638,Low,115.87
5382-SOYZL,Male,0,No,No,22,13-24,Month-to-month,Fiber optic,Electronic check,95.1,2162.6,No,0.7342,High,837.87
9448-REEVD,Male,0,Yes,No,1,0-12,Month-to-month,DSL,Credit card (automatic),44.7,44.7,Yes,0.3351,Medium,179.75
3261-CQXOL,Female,0,Yes,Yes,71,49+,Two year,No,Bank transfer (automatic),25.45,1813.35,No,0.0026,Low,0.79
8388-FYNPZ,Male,0,No,No,4,0-12,Month-to-month,DSL,Electronic check,56.75,245.15,No,0.2836,Low,193.13
4002-BQWPQ,Male,0,No,No,25,25-48,Month-to-month,DSL,Bank transfer (automatic),81.75,2028.8,No,0.1182,Low,115.95
5651-YLPRD,Female,0,Yes,Yes,32,25-48,Month-to-month,Fiber optic,Electronic check,86.1,2723.75,No,0.4249,Medium,439.01
2826-DXLQO,Male,1,Yes,No,7,0-12,Month-to-month,DSL,Bank transfer (automatic),29.8,220.45,No,0.3463,Medium,123.84
4378-BZYFP,Male,0,No,No,17,13-24,One year,No,Mailed check,20.5,365.8,No,0.0756,Low,18.6
9489-UTFKA,Male,1,Yes,No,8,0-12,Month-to-month,DSL,Bank transfer (automatic),60.9,551.95,No,0.2714,Low,198.34
4849-PYRLQ,Female,1,No,No,56,49+,Two year,DSL,Bank transfer (automatic),73.25,4054.2,No,0.0167,Low,14.68
9117-SHLZX,Male,0,No,No,1,0-12,Month-to-month,DSL,Mailed check,45.7,45.7,Yes,0.4358,Medium,238.99
9889-TMAHG,Male,1,No,No,8,0-12,Month-to-month,Fiber optic,Credit card (automatic),100.3,832.35,Yes,0.4228,Medium,508.88
4541-RMRLG,Male,0,No,No,7,0-12,Month-to-month,No,Electronic check,19.25,112.3,Yes,0.2009,Low,46.41
7764-BDPEE,Male,0,No,Yes,3,0-12,Month-to-month,No,Mailed check,20.85,60.65,No,0.1452,Low,36.33
3429-IFLEM,Female,0,No,No,71,49+,Two year,DSL,Credit card (automatic),77.35,5550.1,No,0.0052,Low,4.83
3158-MOERK,Female,0,No,No,2,0-12,Month-to-month,Fiber optic,Electronic check,96.0,174.8,Yes,0.8212,High,946.02
7294-TMAOP,Female,0,No,No,1,0-12,Month-to-month,Fiber optic,Electronic check,90.55,90.55,Yes,0.7139,High,775.72
5002-GCQFH,Male,0,Yes,No,49,49+,Month-to-month,Fiber optic,Bank transfer (automatic),93.85,4733.1,No,0.2866,Low,322.77
0556-FJEGU,Male,0,No,No,58,49+,Two year,DSL,Bank transfer (automatic),70.1,4048.95,No,0.0122,Low,10.26
8919-FYFQZ,Male,1,Yes,No,44,25-48,Month-to-month,DSL,Electronic check,30.35,1359.7,Yes,0.2217,Low,80.74
0604-THJFP,Female,0,Yes,Yes,59,49+,Two year,DSL,Credit card (automatic),75.95,4542.35,No,0.0182,Low,16.59
2834-JRTUA,Male,0,No,No,71,49+,Two year,Fiber optic,Electronic check,108.05,7532.15,Yes,0.0841,Low,109.04
5875-YPQFJ,Male,0,No,No,1,0-12,Month-to-month,Fiber optic,Electronic check,69.9,69.9,Yes,0.7065,High,592.61
5879-SESNB,Female,0,No,No,11,0-12,Month-to-month,Fiber optic,Electronic check,75.25,888.65,No,0.6086,High,549.57
6646-QVXLR,Male,1,Yes,No,62,49+,One year,Fiber optic,Electronic check,103.75,6383.35,Yes,0.3185,Medium,396.53
6461-PPAXN,Female,0,Yes,Yes,35,25-48,One year,DSL,Bank transfer (automatic),54.95,1916.0,No,0.0345,Low,22.75
3318-ISQFQ,Female,0,No,No,20,13-24,Month-to-month,No,Bank transfer (automatic),19.5,413.0,No,0.1182,Low,27.66
1106-HRLKZ,Male,0,Yes,Yes,40,25-48,Two year,No,Mailed check,19.6,808.95,No,0.0083,Low,1.95
2483-XSSMZ,Female,0,No,No,39,25-48,One year,DSL,Electronic check,47.85,1886.4,No,0.075,Low,43.07
8603-IJWDN,Male,0,No,No,1,0-12,Month-to-month,Fiber optic,Electronic check,86.6,86.6,Yes,0.7919,High,822.94
8165-ZJRNM,Female,0,Yes,Yes,72,49+,Two year,No,Bank transfer (automatic),23.75,1679.25,No,0.0025,Low,0.71
9369-XFEHK,Female,1,Yes,No,33,25-48,Month-to-month,Fiber optic,Bank transfer (automatic),80.6,2656.5,Yes,0.4247,Medium,410.77
2604-XVDAM,Female,0,No,No,12,0-12,Month-to-month,DSL,Bank transfer (automatic),43.8,540.95,No,0.2476,Low,130.14
3717-OFRTN,Male,0,No,No,1,0-12,Month-to-month,No,Bank transfer (automatic),19.75,19.75,No,0.1827,Low,43.3
9046-JBFWA,Male,0,No,Yes,27,25-48,Month-to-month,No,Mailed check,19.15,537.35,No,0.0562,Low,12.91
3280-NMUVX,Male,0,Yes,Yes,34,25-48,One year,No,Credit card (automatic),19.6,678.8,No,0.019,Low,4.47
1206-EHBDD,Female,0,Yes,No,56,49+,Two year,Fiber optic,Bank transfer (automatic),80.3,4513.65,No,0.0295,Low,28.43
8361-LBRDI,Female,0,No,No,58,49+,Two year,No,Credit card (automatic),24.35,1423.85,No,0.0056,Low,1.64
4883-KCPZJ,Female,0,Yes,Yes,22,13-24,Two year,No,Credit card (automatic),25.25,555.4,No,0.022,Low,6.67
9108-EQPNQ,Female,0,Yes,Yes,10,0-12,Two year,No,Credit card (automatic),26.1,225.55,No,0.0359,Low,11.24
7277-KAMWT,Male,0,No,No,13,13-24,Two year,No,Credit card (automatic),20.0,268.45,No,0.0306,Low,7.34
3842-IYKUE,Female,0,No,No,35,25-48,Month-to-month,Fiber optic,Credit card (automatic),85.3,2917.5,Yes,0.218,Low,223.14
6641-XRPSU,Female,0,No,No,34,25-48,Month-to-month,Fiber optic,Credit card (automatic),70.0,2416.1,Yes,0.3332,Medium,279.89
1374-DMZUI,Female,1,No,No,4,0-12,Month-to-month,Fiber optic,Electronic check,94.3,424.45,Yes,0.8423,High,953.15
2545-LXYVJ,Male,0,Yes,No,72,49+,Two year,No,Bank transfer (automatic),20.7,1492.1,No,0.0022,Low,0.55
3234-VKACU,Male,0,No,No,2,0-12,Month-to-month,DSL,Electronic check,70.3,132.4,No,0.4329,Medium,365.19
8357-EQXFO,Female,0,No,No,7,0-12,Month-to-month,Fiber optic,Electronic check,95.35,660.9,Yes,0.7458,High,853.34
1989-PRJHP,Male,1,Yes,No,27,25-48,Month-to-month,Fiber optic,Electronic check,75.5,1893.95,Yes,0.6018,High,545.23
8120-JDCAM,Male,0,Yes,Yes,4,0-12,Month-to-month,Fiber optic,Mailed check,69.55,284.9,No,0.5684,High,474.39
8917-FAEMR,Female,0,No,No,37,25-48,Two year,No,Mailed check,19.85,784.25,No,0.0115,Low,2.74
7047-YXDMZ,Male,0,No,No,21,13-24,Month-to-month,No,Mailed check,20.0,417.7,No,0.0874,Low,20.98
2858-EIMXH,Female,1,Yes,No,53,49+,One year,Fiber optic,Credit card (automatic),95.85,5016.25,No,0.2893,Low,332.75
9524-EGPJC,Female,0,No,No,18,13-24,Month-to-month,Fiber optic,Electronic check,90.1,1612.75,Yes,0.6167,High,666.78
6993-OHLXR,Female,0,No,No,2,0-12,Month-to-month,Fiber optic,Electronic check,68.95,119.75,Yes,0.6167,High,510.26
8818-XYFCQ,Male,0,Yes,Yes,32,25-48,Month-to-month,Fiber optic,Credit card (automatic),99.55,3204.65,Yes,0.4302,Medium,513.92
6419-ZTTLE,Male,1,Yes,No,23,13-24,One year,No,Electronic check,20.75,485.2,No,0.0899,Low,22.39
0929-HYQEW,Male,0,No,No,3,0-12,Month-to-month,DSL,Mailed check,50.15,160.85,No,0.3226,Medium,194.14
6614-YOLAC,Female,0,Yes,Yes,71,49+,Two year,DSL,Mailed check,58.65,4145.25,No,0.0087,Low,6.12
7426-RHZGU,Male,0,No,No,9,0-12,Month-to-month,Fiber optic,Bank transfer (automatic),95.9,827.45,No,0.5751,High,661.83
4065-JJAVA,Female,0,No,No,1,0-12,Month-to-month,DSL,Electronic check,49.5,49.5,No,0.3812,Medium,226.43
4695-VADHF,Male,0,Yes,Yes,18,13-24,Month-to-month,DSL,Electronic check,57.45,990.85,Yes,0.2913,Low,200.82
3863-IUBJR,Male,0,Yes,Yes,12,0-12,One year,DSL,Credit card (automatic),53.65,696.35,Yes,0.1459,Low,93.93
7649-SIJJF,Male,0,Yes,No,71,49+,Two year,DSL,Mailed check,80.1,5585.4,No,0.0124,Low,11.92
9361-YNQWJ,Female,0,No,No,64,49+,One year,No,Bank transfer (automatic),24.4,1601.2,No,0.0125,Low,3.66
3748-FVMZZ,Male,0,No,No,4,0-12,Month-to-month,DSL,Electronic check,40.05,162.45,No,0.5883,High,282.74
9391-TTOYH,Female,0,No,No,23,13-24,Month-to-month,No,Mailed check,19.5,470.2,No,0.1119,Low,26.18
1452-XRSJV,Female,0,Yes,Yes,39,25-48,Month-to-month,DSL,Credit card (automatic),51.05,2066.0,No,0.0543,Low,33.26
3422-WJOYD,Male,0,Yes,No,28,25-48,One year,DSL,Mailed check,54.35,1426.45,No,0.0425,Low,27.72
8242-SOQUO,Female,1,No,No,5,0-12,Month-to-month,Fiber optic,Electronic check,84.7,392.5,No,0.7153,High,727.03
7460-ITWWP,Female,1,Yes,No,45,25-48,Month-to-month,Fiber optic,Electronic check,86.1,3861.45,No,0.4517,Medium,466.7
7147-AYBAA,Male,0,No,No,37,25-48,Month-to-month,Fiber optic,Mailed check,70.35,2552.9,No,0.3332,Medium,281.29
7868-TMWMZ,Female,1,Yes,No,60,49+,Two year,Fiber optic,Bank transfer (automatic),110.0,6668.35,No,0.0578,Low,76.3
4822-RVYBB,Male,1,No,No,8,0-12,Month-to-month,Fiber optic,Electronic check,100.6,819.4,Yes,0.8183,High,987.85
6732-FZUGP,Female,0,No,No,47,25-48,One year,Fiber optic,Credit card (automatic),94.9,4615.25,No,0.1321,Low,150.44
8436-BJUMM,Male,0,Yes,Yes,26,25-48,Month-to-month,Fiber optic,Electronic check,83.75,2070.6,Yes,0.6008,High,603.8
4184-TJFAN,Female,1,Yes,Yes,3,0-12,Month-to-month,Fiber optic,Mailed check,88.3,273.75,Yes,0.4764,Medium,504.79
8329-GWVPJ,Female,0,Yes,Yes,50,49+,Month-to-month,Fiber optic,Bank transfer (automatic),69.75,3557.7,No,0.1967,Low,164.64
1352-VHKAJ,Male,0,Yes,Yes,27,25-48,Month-to-month,DSL,Bank transfer (automatic),71.6,1957.1,No,0.2129,Low,182.92
4145-UQXUQ,Female,1,No,No,8,0-12,Month-to-month,Fiber optic,Electronic check,92.1,729.95,Yes,0.7832,High,865.59
2632-TACXW,Female,0,Yes,No,62,49+,Two year,No,Bank transfer (automatic),23.65,1416.75,No,0.0049,Low,1.39
8146-QQKZH,Female,0,Yes,No,71,49+,Two year,DSL,Bank transfer (automatic),81.85,5924.4,No,0.009,Low,8.84
1767-CJKBA,Male,0,No,No,66,49+,Two year,No,Mailed check,25.1,1697.7,No,0.0044,Low,1.33
6445-TNRXS,Male,0,Yes,Yes,68,49+,Two year,Fiber optic,Bank transfer (automatic),114.7,7849.85,No,0.0483,Low,66.48
4581-LNWUM,Female,0,No,No,13,13-24,Month-to-month,DSL,Electronic check,49.15,649.4,No,0.5507,High,324.8
4869-EPIUS,Male,0,Yes,No,56,49+,One year,Fiber optic,Electronic check,80.9,4557.5,No,0.203,Low,197.07
9948-YPTDG,Male,0,Yes,No,38,25-48,Month-to-month,Fiber optic,Electronic check,79.45,3013.05,Yes,0.2916,Low,278.01
1236-WFCDV,Male,1,No,No,14,13-24,Month-to-month,Fiber optic,Credit card (automatic),90.45,1266.1,Yes,0.5693,High,617.92
1915-OAKWD,Female,0,No,Yes,16,13-24,One year,No,Bank transfer (automatic),19.3,360.35,No,0.0604,Low,13.99
7296-PIXQY,Female,0,Yes,Yes,14,13-24,Month-to-month,Fiber optic,Electronic check,70.2,1046.5,No,0.4596,Medium,387.17
4883-QICIH,Male,0,Yes,Yes,32,25-48,Month-to-month,Fiber optic,Bank transfer (automatic),69.75,2347.9,Yes,0.3205,Medium,268.26
3354-OADJP,Female,0,No,No,8,0-12,One year,DSL,Bank transfer (automatic),54.25,447.75,No,0.0796,Low,51.82
3524-WQDSG,Female,0,Yes,Yes,43,25-48,Month-to-month,Fiber optic,Bank transfer (automatic),99.3,4209.95,No,0.4486,Medium,534.55
0810-DHDBD,Female,0,No,No,52,49+,One year,DSL,Credit card (automatic),74.0,3877.65,No,0.0309,Low,27.44
4026-SKKHW,Male,0,No,No,3,0-12,Month-to-month,DSL,Mailed check,50.25,152.3,No,0.333,Medium,200.8
2829-HYVZP,Male,0,No,No,29,25-48,One year,No,Mailed check,19.8,572.2,No,0.0456,Low,10.83
8329-IBCTI,Female,0,No,No,1,0-12,Month-to-month,No,Mailed check,19.65,19.65,Yes,0.1915,Low,45.16
1271-SJBGZ,Male,1,No,No,12,0-12,Month-to-month,DSL,Electronic check,43.65,526.95,Yes,0.5453,High,285.63
3845-JHAMY,Female,0,Yes,Yes,16,13-24,Month-to-month,DSL,Credit card (automatic),35.5,552.7,No,0.3915,Medium,166.78
7013-PSXHK,Female,0,No,No,40,25-48,One year,DSL,Mailed check,80.75,3208.65,No,0.1278,Low,123.84
5669-SRAIP,Female,0,No,No,5,0-12,Month-to-month,DSL,Electronic check,39.5,210.75,Yes,0.5682,High,269.33
5981-ITEMU,Male,0,Yes,No,40,25-48,Month-to-month,Fiber optic,Bank transfer (automatic),97.1,3706.95,Yes,0.5089,High,592.97
3486-NPGST,Female,0,No,No,36,25-48,One year,No,Mailed check,19.55,620.75,No,0.0226,Low,5.3
6941-PMGEP,Female,0,No,No,5,0-12,Month-to-month,Fiber optic,Electronic check,80.0,412.5,Yes,0.7213,High,692.45
1624-WOIWJ,Female,0,No,No,10,0-12,Month-to-month,Fiber optic,Mailed check,84.7,832.05,Yes,0.5177,High,526.19
2074-GKOWZ,Male,0,Yes,Yes,2,0-12,Month-to-month,Fiber optic,Bank transfer (automatic),89.55,185.55,Yes,0.6727,High,722.88
0376-YMCJC,Male,0,No,No,23,13-24,Month-to-month,Fiber optic,Electronic check,90.6,1943.2,Yes,0.5758,High,626.01
6100-FJZDG,Male,0,Yes,Yes,26,25-48,One year,No,Bank transfer (automatic),20.05,505.9,No,0.0394,Low,9.48
4829-ZLJTK,Female,1,Yes,No,72,49+,Two year,Fiber optic,Electronic check,112.4,8046.85,No,0.1075,Low,145.0
1730-VFMWO,Female,0,Yes,No,34,25-48,Month-to-month,DSL,Bank transfer (automatic),50.2,1815.3,No,0.089,Low,53.61
7143-BQIBA,Male,0,No,No,10,0-12,Month-to-month,DSL,Bank transfer (automatic),62.25,612.95,No,0.1821,Low,136.03
3800-LYTRK,Female,0,No,No,14,13-24,One year,DSL,Mailed check,55.7,795.15,No,0.0667,Low,44.58
0634-SZPQA,Female,0,No,No,23,13-24,Month-to-month,Fiber optic,Bank transfer (automatic),90.05,2169.8,Yes,0.4789,Medium,517.5
9646-NMHXE,Male,0,Yes,No,47,25-48,Two year,No,Mailed check,19.65,973.1,No,0.0076,Low,1.79
7030-NJVDP,Male,0,Yes,No,24,13-24,Month-to-month,Fiber optic,Electronic check,89.25,2210.2,No,0.4177,Medium,447.36
5536-RTPWK,Male,0,Yes,No,49,49+,Month-to-month,Fiber optic,Bank transfer (automatic),99.05,4853.75,Yes,0.4395,Medium,522.39
8883-GRDWQ,Male,1,No,No,20,13-24,One year,DSL,Mailed check,54.0,1055.9,No,0.0652,Low,42.25
6166-ILMNY,Female,0,No,No,2,0-12,Month-to-month,Fiber optic,Bank transfer (automatic),69.75,144.55,Yes,0.5183,High,433.82
3097-NNSPB,Female,0,No,No,2,0-12,Month-to-month,DSL,Credit card (automatic),49.05,91.1,Yes,0.3643,Medium,214.43
7771-ZONAT,Male,0,No,No,22,13-24,Two year,DSL,Bank transfer (automatic),56.75,1304.85,No,0.0921,Low,62.72
0655-RBDUG,Male,0,No,No,7,0-12,Month-to-month,Fiber optic,Bank transfer (automatic),98.05,713.0,Yes,0.7468,High,878.68
2111-DWYHN,Male,0,No,No,1,0-12,Month-to-month,No,Mailed check,21.1,21.1,No,0.1881,Low,47.63
4194-WHFCB,Female,0,Yes,Yes,59,49+,Month-to-month,Fiber optic,Bank transfer (automatic),96.65,5580.8,No,0.1815,Low,210.5
4121-AGSIN,Female,0,Yes,Yes,58,49+,One year,No,Credit card (automatic),24.5,1497.9,No,0.013,Low,3.82
4361-BKAXE,Female,0,No,No,41,25-48,Month-to-month,Fiber optic,Bank transfer (automatic),114.5,4527.45,Yes,0.3074,Medium,422.37
9845-PEEKO,Female,1,No,No,59,49+,Two year,Fiber optic,Credit card (automatic),79.2,4590.35,No,0.0719,Low,68.33
0455-XFASS,Female,0,Yes,Yes,3,0-12,Month-to-month,Fiber optic,Electronic check,69.55,200.2,No,0.6436,High,537.15
0301-KOBTQ,Male,0,No,No,32,25-48,Two year,No,Bank transfer (automatic),20.05,614.45,No,0.0192,Low,4.62
1751-NCDLI,Male,1,Yes,No,46,25-48,Month-to-month,Fiber optic,Electronic check,98.85,4564.9,No,0.6254,High,741.85
4367-NUYAO,Male,0,Yes,Yes,0,0-12,Two year,No,Mailed check,25.75,0.0,No,0.0631,Low,19.5
9878-TNQGW,Male,0,No,No,2,0-12,Month-to-month,Fiber optic,Electronic check,80.95,171.15,Yes,0.739,High,717.86
9170-ARBTB,Female,0,Yes,Yes,52,49+,One year,No,Credit card (automatic),19.6,1012.4,No,0.0082,Low,1.93
4441-NIHPT,Female,1,No,No,13,13-24,Month-to-month,Fiber optic,Electronic check,74.3,940.35,Yes,0.6386,High,569.38
8999-BOHSE,Female,1,No,No,11,0-12,Month-to-month,Fiber optic,Bank transfer (automatic),89.7,1047.7,Yes,0.6018,High,647.78
7241-AJHFS,Male,0,No,No,32,25-48,Month-to-month,Fiber optic,Bank transfer (automatic),87.65,2766.4,No,0.1938,Low,203.84
7029-RPUAV,Male,1,Yes,No,17,13-24,Month-to-month,Fiber optic,Credit card (automatic),100.45,1622.45,Yes,0.6993,High,842.94
4546-FOKWR,Female,0,No,No,16,13-24,Month-to-month,Fiber optic,Credit card (automatic),74.75,1129.35,No,0.5534,High,496.4
9036-CSKBW,Female,0,No,No,51,49+,One year,Fiber optic,Bank transfer (automatic),107.45,5680.9,No,0.1554,Low,200.37
5832-TRLPB,Male,0,No,No,29,25-48,One year,DSL,Bank transfer (automatic),75.35,2243.9,No,0.1288,Low,116.46
8590-YFFQO,Male,0,Yes,No,70,49+,Two year,DSL,Credit card (automatic),64.95,4523.25,No,0.0039,Low,3.04
8659-IOOPU,Female,0,Yes,Yes,71,49+,Two year,Fiber optic,Electronic check,100.45,7159.7,No,0.0334,Low,40.26
1338-CECEE,Male,0,Yes,Yes,41,25-48,One year,DSL,Bank transfer (automatic),68.5,2839.95,No,0.0665,Low,54.66
7439-DKZTW,Male,0,No,No,1,0-12,Month-to-month,Fiber optic,Electronic check,80.55,80.55,No,0.747,High,722.05
4646-QZXTF,Female,0,Yes,No,7,0-12,Month-to-month,DSL,Bank transfer (automatic),81.25,580.1,No,0.2141,Low,208.75
4607-CHPCA,Male,0,Yes,Yes,25,25-48,One year,Fiber optic,Electronic check,90.4,2178.6,Yes,0.4175,Medium,452.9
9742-XOKTS,Male,0,Yes,Yes,67,49+,One year,Fiber optic,Electronic check,89.55,6038.55,No,0.0449,Low,48.25
6921-OZMFH,Male,0,Yes,Yes,5,0-12,Month-to-month,DSL,Mailed check,55.7,259.4,No,0.3307,Medium,221.04
9578-FOMUK,Male,0,No,Yes,15,13-24,Month-to-month,No,Electronic check,24.8,324.15,No,0.2102,Low,62.56
4712-UYOOI,Female,0,Yes,Yes,20,13-24,Month-to-month,No,Electronic check,20.0,417.65,No,0.0984,Low,23.62
8824-RWFXJ,Male,0,Yes,Yes,3,0-12,Month-to-month,DSL,Mailed check,56.15,168.15,Yes,0.3168,Medium,213.46
7722-CVFXN,Male,0,Yes,Yes,54,49+,One year,Fiber optic,Electronic check,105.2,5637.85,No,0.2188,Low,276.21
8717-VCTXJ,Male,0,No,No,42,25-48,One year,No,Mailed check,19.55,839.4,No,0.0259,Low,6.08
7363-QTBIW,Female,0,Yes,No,9,0-12,Month-to-month,Fiber optic,Electronic check,79.75,769.1,No,0.7025,High,672.29
4159-NAAIX,Female,0,No,No,63,49+,Two year,Fiber optic,Bank transfer (automatic),97.45,6253.0,No,0.0855,Low,99.98
0971-QIFJK,Female,0,Yes,No,69,49+,Two year,No,Bank transfer (automatic),24.25,1641.8,No,0.0036,Low,1.05
9397-TZSHA,Female,0,No,No,69,49+,Two year,No,Credit card (automatic),24.6,1678.05,No,0.0034,Low,1.0
3391-JSQEW,Male,0,Yes,No,40,25-48,Month-to-month,DSL,Mailed check,50.15,2058.5,No,0.1294,Low,77.87
0343-QLUZP,Male,0,No,No,60,49+,Two year,DSL,Bank transfer (automatic),39.6,2424.5,No,0.0104,Low,4.94
9763-PDTKK,Female,0,No,No,4,0-12,Month-to-month,Fiber optic,Bank transfer (automatic),94.4,387.2,Yes,0.4477,Medium,507.15
2176-LVPNX,Female,1,No,No,71,49+,Two year,DSL,Mailed check,89.85,6293.45,No,0.014,Low,15.09
7627-JKIAZ,Female,0,Yes,No,37,25-48,Month-to-month,Fiber optic,Credit card (automatic),78.95,2839.65,Yes,0.3889,Medium,368.44
3312-UUMZW,Male,0,Yes,No,32,25-48,Month-to-month,Fiber optic,Credit card (automatic),98.85,3145.9,No,0.5502,High,652.65
1271-UODNO,Male,0,No,No,39,25-48,Two year,DSL,Credit card (automatic),53.85,2200.7,No,0.0393,Low,25.4
8461-EFQYM,Female,0,No,No,38,25-48,One year,No,Electronic check,24.25,914.4,No,0.0557,Low,16.21
6900-RBKER,Male,0,No,No,52,49+,Two year,Fiber optic,Credit card (automatic),89.45,4577.75,No,0.1214,Low,130.31
6891-JPYFF,Female,0,Yes,Yes,48,25-48,Month-to-month,Fiber optic,Credit card (automatic),105.25,4997.5,No,0.2884,Low,364.25
1459-QNFQT,Male,0,Yes,Yes,70,49+,Two year,DSL,Bank transfer (automatic),59.5,4144.8,No,0.0097,Low,6.93
1047-NNCBF,Male,0,No,No,20,13-24,Month-to-month,Fiber optic,Credit card (automatic),70.55,1493.55,No,0.363,Medium,307.32
3696-XRIEN,Female,0,No,No,50,49+,One year,DSL,Credit card (automatic),82.5,4179.1,No,0.0666,Low,65.93
4081-DYXAV,Female,0,No,No,19,13-24,One year,DSL,Credit card (automatic),44.85,893.55,Yes,0.3161,Medium,170.13
0074-HDKDG,Male,0,Yes,Yes,25,25-48,One year,DSL,Bank transfer (automatic),61.6,1611.0,No,0.059,Low,43.61
8791-GFXLZ,Male,0,No,No,12,0-12,Month-to-month,DSL,Bank transfer (automatic),49.05,593.05,No,0.2905,Low,170.99
8111-SLLHI,Male,1,Yes,No,39,25-48,Month-to-month,Fiber optic,Electronic check,105.65,4284.8,Yes,0.6385,High,809.49
0927-LCSMG,Male,0,No,No,7,0-12,Month-to-month,Fiber optic,Mailed check,74.65,544.55,Yes,0.4932,Medium,441.81
9330-DHBFL,Female,0,Yes,Yes,23,13-24,One year,DSL,Mailed check,66.25,1533.8,No,0.0477,Low,37.92
0098-BOWSO,Male,0,No,No,27,25-48,Month-to-month,No,Electronic check,19.4,529.8,No,0.1271,Low,29.59
3452-ABWRL,Male,1,No,No,47,25-48,Month-to-month,Fiber optic,Credit card (automatic),86.05,3865.6,No,0.406,Medium,419.24
5859-HZYLF,Male,0,Yes,Yes,26,25-48,Two year,No,Credit card (automatic),19.15,515.75,No,0.0206,Low,4.73
8257-RZAHR,Female,0,Yes,No,14,13-24,Month-to-month,DSL,Bank transfer (automatic),64.7,941.0,Yes,0.3371,Medium,261.72
5293-WXJAK,Female,1,Yes,No,11,0-12,Month-to-month,Fiber optic,Bank transfer (automatic),104.05,1133.65,Yes,0.6714,High,838.31
3156-QLHBO,Male,0,No,Yes,2,0-12,Month-to-month,No,Mailed check,19.25,48.35,No,0.1576,Low,36.41
2208-NQBCT,Female,0,Yes,Yes,26,25-48,Month-to-month,Fiber optic,Electronic check,81.95,2070.05,No,0.2329,Low,229.03
1779-PWPMG,Female,1,Yes,No,72,49+,Two year,Fiber optic,Bank transfer (automatic),114.65,8333.95,No,0.0615,Low,84.61
6621-NRZAK,Female,0,Yes,Yes,63,49+,Two year,No,Credit card (automatic),20.0,1209.25,No,0.0025,Low,0.6
0831-JNISG,Male,0,Yes,Yes,71,49+,Two year,No,Mailed check,19.8,1396.25,No,0.002,Low,0.48
0774-IFUVM,Male,0,Yes,Yes,11,0-12,Month-to-month,DSL,Bank transfer (automatic),65.15,723.35,No,0.3117,Medium,243.69
3082-WQRVY,Male,1,Yes,No,14,13-24,One year,No,Mailed check,19.65,228.65,No,0.0715,Low,16.86
9553-DLCLU,Female,0,No,Yes,13,13-24,Two year,DSL,Credit card (automatic),88.95,1161.75,No,0.0499,Low,53.26
1641-BYBTK,Male,0,No,Yes,6,0-12,Month-to-month,No,Mailed check,20.2,98.35,No,0.1787,Low,43.32
2460-NGXBJ,Male,1,Yes,Yes,11,0-12,Month-to-month,Fiber optic,Credit card (automatic),75.2,775.3,No,0.5826,High,525.74
2446-ZKVAF,Male,0,Yes,No,18,13-24,Month-to-month,DSL,Credit card (automatic),56.8,1074.65,No,0.22,Low,149.95
0841-NULXI,Male,0,No,No,1,0-12,Month-to-month,DSL,Electronic check,35.55,35.55,Yes,0.698,High,297.77
3522-CDKHF,Female,0,Yes,No,32,25-48,Month-to-month,Fiber optic,Bank transfer (automatic),75.5,2324.7,No,0.2687,Low,243.44
1430-SFQSA,Male,0,No,No,29,25-48,One year,DSL,Mailed check,35.6,1072.6,No,0.0606,Low,25.89
0411-EZJZE,Female,0,No,No,3,0-12,Month-to-month,DSL,Electronic check,60.25,170.5,No,0.6164,High,445.66
7851-WZEKY,Female,0,No,No,2,0-12,Month-to-month,Fiber optic,Electronic check,95.15,196.9,Yes,0.8257,High,942.78
8844-TONUD,Male,0,Yes,Yes,13,13-24,Month-to-month,Fiber optic,Mailed check,96.65,1162.85,Yes,0.5888,High,682.89
8807-ARQET,Female,0,No,No,41,25-48,Month-to-month,DSL,Electronic check,40.35,1677.85,No,0.2691,Low,130.3
8992-CEUEN,Female,0,No,No,1,0-12,Month-to-month,No,Electronic check,18.85,18.85,No,0.248,Low,56.1
4320-QMLLA,Male,0,No,No,7,0-12,Month-to-month,DSL,Mailed check,54.85,370.4,No,0.3522,Medium,231.82
8777-PVYGU,Female,0,Yes,No,52,49+,One year,DSL,Mailed check,64.3,3410.6,No,0.0487,Low,37.58
8292-ITGYJ,Female,0,Yes,Yes,45,25-48,Two year,No,Bank transfer (automatic),24.65,1138.8,No,0.0121,Low,3.58
6870-ZWMNX,Male,0,Yes,No,70,49+,Two year,DSL,Credit card (automatic),76.1,5264.25,No,0.0112,Low,10.23
0621-CXBKL,Female,0,No,No,53,49+,Two year,No,Mailed check,18.7,1005.7,No,0.0056,Low,1.26
5268-DSMNQ,Female,1,Yes,No,62,49+,One year,Fiber optic,Credit card (automatic),97.95,5936.55,No,0.1613,Low,189.59
5334-JLAXU,Female,0,Yes,No,60,49+,Month-to-month,Fiber optic,Credit card (automatic),94.1,5475.9,No,0.2043,Low,230.7
4086-YQSNZ,Female,1,Yes,No,3,0-12,Month-to-month,Fiber optic,Electronic check,80.4,224.05,Yes,0.7617,High,734.89
6242-MBHPK,Female,1,Yes,No,23,13-24,Month-to-month,Fiber optic,Electronic check,95.1,2326.05,No,0.6072,High,692.94
5868-CZJDR,Male,0,No,Yes,1,0-12,Month-to-month,DSL,Mailed check,31.35,31.35,Yes,0.4699,Medium,176.78
9359-UGBTK,Female,0,No,No,67,49+,One year,DSL,Bank transfer (automatic),72.35,4991.5,No,0.0192,Low,16.67
0135-NMXAP,Female,0,No,No,12,0-12,Month-to-month,Fiber optic,Bank transfer (automatic),89.75,1052.4,Yes,0.6163,High,663.76
4782-OSFXZ,Female,1,Yes,No,71,49+,Two year,DSL,Bank transfer (automatic),82.7,5831.2,No,0.0127,Low,12.6
6479-OAUSD,Male,0,No,No,25,25-48,One year,No,Credit card (automatic),19.9,510.8,No,0.0344,Low,8.21
7129-ACFOG,Female,0,No,No,5,0-12,Month-to-month,DSL,Electronic check,53.8,283.95,No,0.4491,Medium,289.94
4189-NAKJS,Male,0,No,No,26,25-48,One year,DSL,Credit card (automatic),51.55,1295.4,No,0.1434,Low,88.71
5562-BETPV,Male,0,Yes,Yes,1,0-12,One year,No,Mailed check,19.65,19.65,No,0.089,Low,20.99
1282-IHQAC,Male,1,No,No,70,49+,One year,DSL,Credit card (automatic),44.05,3011.65,No,0.0426,Low,22.52
9127-FHJBZ,Male,0,Yes,Yes,72,49+,Two year,Fiber optic,Electronic check,114.0,8093.15,No,0.0616,Low,84.27
6270-OMFIW,Male,0,Yes,No,60,49+,One year,Fiber optic,Electronic check,94.4,5610.25,Yes,0.2242,Low,253.97
1641-RQDAY,Female,1,Yes,Yes,32,25-48,Month-to-month,Fiber optic,Electronic check,100.4,3217.65,No,0.6178,High,744.33
0107-WESLM,Male,0,No,No,1,0-12,Month-to-month,No,Electronic check,19.85,19.85,Yes,0.3214,Medium,76.56
6994-ORCWG,Female,0,No,No,14,13-24,One year,DSL,Mailed check,54.25,773.2,No,0.2104,Low,136.97
1346-UFHAX,Female,0,No,No,13,13-24,Month-to-month,Fiber optic,Credit card (automatic),80.0,1029.35,No,0.4774,Medium,458.3
3992-YWPKO,Female,0,No,No,6,0-12,Month-to-month,Fiber optic,Credit card (automatic),109.9,669.45,Yes,0.6131,High,808.56
2933-XEUJM,Female,0,No,No,46,25-48,Two year,DSL,Mailed check,79.2,3593.8,No,0.04,Low,38.02
0125-LZQXK,Male,0,No,No,15,13-24,Month-to-month,Fiber optic,Electronic check,101.35,1553.95,Yes,0.6209,High,755.14
5461-QKNTN,Male,1,Yes,No,43,25-48,Month-to-month,Fiber optic,Electronic check,94.3,3953.15,No,0.4451,Medium,503.68
4835-YSJMR,Male,0,No,No,39,25-48,Two year,DSL,Bank transfer (automatic),49.8,1971.15,No,0.0284,Low,16.97
8399-YNDCH,Male,1,No,No,21,13-24,Month-to-month,DSL,Bank transfer (automatic),60.05,1236.15,Yes,0.3254,Medium,234.48
3164-YAXFY,Male,0,No,No,57,49+,Month-to-month,DSL,Electronic check,53.75,3196.0,No,0.1889,Low,121.84
0887-WBJVH,Female,0,Yes,No,53,49+,One year,Fiber optic,Electronic check,93.45,4872.2,No,0.2237,Low,250.86
4660-IRIBM,Male,0,Yes,Yes,18,13-24,Month-to-month,Fiber optic,Mailed check,87.9,1500.5,No,0.4135,Medium,436.16
5673-FSSMF,Female,0,No,No,1,0-12,Month-to-month,DSL,Electronic check,60.15,60.15,Yes,0.6348,High,458.2
7670-ZBPOQ,Female,0,Yes,No,58,49+,One year,DSL,Bank transfer (automatic),61.05,3478.75,No,0.0251,Low,18.39
8089-UZWLX,Female,1,No,No,71,49+,Two year,Fiber optic,Bank transfer (automatic),104.05,7413.55,No,0.0808,Low,100.89
0080-OROZO,Female,0,No,No,35,25-48,One year,Fiber optic,Electronic check,99.25,3532.0,No,0.3256,Medium,387.79
3916-NRPAP,Male,0,No,No,3,0-12,Month-to-month,Fiber optic,Credit card (automatic),85.7,256.75,No,0.5475,High,563.05
6807-SIWJI,Male,0,No,No,38,25-48,One year,Fiber optic,Electronic check,104.85,3887.25,No,0.332,Medium,417.72
8221-HVAYI,Male,0,Yes,Yes,35,25-48,Two year,DSL,Credit card (automatic),69.15,2490.15,No,0.0221,Low,18.34
1579-KLYDT,Male,0,No,No,7,0-12,Month-to-month,Fiber optic,Electronic check,90.45,593.45,Yes,0.7583,High,823.06
5232-NXPAY,Female,0,No,No,47,25-48,Two year,DSL,Mailed check,74.45,3510.3,No,0.0296,Low,26.44
8967-SZQAS,Female,0,No,No,14,13-24,Month-to-month,DSL,Electronic check,50.45,765.45,No,0.2677,Low,162.07
4468-KAZHE,Female,1,Yes,No,20,13-24,Month-to-month,DSL,Electronic check,60.0,1259.35,No,0.3952,Medium,284.54
0455-ENTCR,Male,0,Yes,No,66,49+,Two year,DSL,Electronic check,85.25,5538.35,No,0.0191,Low,19.54
8944-AILEF,Male,0,Yes,No,15,13-24,Month-to-month,No,Credit card (automatic),19.45,340.85,No,0.1467,Low,34.24
5542-NKVRU,Female,0,No,No,42,25-48,Two year,No,Bank transfer (automatic),20.75,844.45,No,0.0118,Low,2.94
7126-RBHSD,Female,0,Yes,No,17,13-24,Month-to-month,Fiber optic,Electronic check,78.9,1348.95,No,0.4702,Medium,445.19
5370-IIVVL,Male,0,No,No,37,25-48,One year,Fiber optic,Credit card (automatic),104.5,3778.0,No,0.2638,Low,330.81
6789-HJBWG,Female,0,No,No,12,0-12,Month-to-month,DSL,Electronic check,49.4,611.65,No,0.3687,Medium,218.57
3927-NLNRY,Male,0,Yes,No,53,49+,One year,Fiber optic,Bank transfer (automatic),94.25,4867.95,Yes,0.1922,Low,217.38
9087-EYCPR,Female,0,No,No,60,49+,Two year,No,Mailed check,25.0,1505.05,No,0.0056,Low,1.68
6791-YBNAK,Male,0,Yes,Yes,18,13-24,Month-to-month,DSL,Credit card (automatic),25.55,467.85,No,0.2437,Low,74.72
6358-LYNGM,Male,0,No,No,1,0-12,Month-to-month,Fiber optic,Electronic check,74.9,74.9,Yes,0.7621,High,684.98
6077-BDPXA,Female,0,No,No,3,0-12,Month-to-month,Fiber optic,Electronic check,70.15,194.2,No,0.6848,High,576.46
0013-MHZWF,Female,0,No,Yes,9,0-12,Month-to-month,DSL,Credit card (automatic),69.4,571.45,No,0.3123,Medium,260.08
5494-HECPR,Female,0,No,No,1,0-12,Month-to-month,Fiber optic,Electronic check,80.25,80.25,Yes,0.7445,High,716.95
8268-YDIXR,Male,0,Yes,No,56,49+,One year,Fiber optic,Electronic check,93.15,5253.95,No,0.1346,Low,150.46
9824-BEMCV,Male,0,Yes,Yes,17,13-24,Month-to-month,Fiber optic,Electronic check,69.0,1149.65,Yes,0.5348,High,442.81
1373-ORVIZ,Female,0,Yes,Yes,11,0-12,Month-to-month,DSL,Electronic check,66.35,740.8,Yes,0.3985,Medium,317.29
4291-SHSBH,Male,0,No,No,7,0-12,Month-to-month,Fiber optic,Electronic check,69.55,521.35,No,0.6657,High,555.59
6980-IMXXE,Female,0,Yes,Yes,69,49+,Two year,No,Bank transfer (automatic),20.2,1412.65,No,0.002,Low,0.48
9866-QEVEE,Male,0,No,No,19,13-24,Month-to-month,Fiber optic,Bank transfer (automatic),86.0,1532.45,Yes,0.5967,High,615.79
9897-KXHCM,Female,0,Yes,Yes,3,0-12,Month-to-month,Fiber optic,Electronic check,80.3,250.05,Yes,0.6902,High,665.08
0040-HALCW,Male,0,Yes,Yes,54,49+,Two year,No,Credit card (automatic),20.4,1090.6,No,0.0039,Low,0.95
0784-GTUUK,Male,0,Yes,No,62,49+,One year,No,Credit card (automatic),23.75,1446.8,No,0.0137,Low,3.9
7979-CORPM,Male,0,No,No,24,13-24,Month-to-month,Fiber optic,Credit card (automatic),90.55,2282.55,Yes,0.5284,High,574.16
2294-DMMUS,Female,0,Yes,Yes,62,49+,Month-to-month,DSL,Credit card (automatic),70.45,4300.45,No,0.1226,Low,103.65
0872-JCPIB,Male,0,No,No,17,13-24,Month-to-month,DSL,Bank transfer (automatic),65.75,1111.2,No,0.2331,Low,183.92
3055-MJDSB,Male,0,No,No,9,0-12,Month-to-month,DSL,Mailed check,24.6,190.1,No,0.4926,Medium,145.42
9091-WTUUY,Male,0,Yes,Yes,64,49+,Two year,DSL,Mailed check,69.25,4447.75,No,0.007,Low,5.82
1618-CFHME,Female,0,No,No,2,0-12,Month-to-month,Fiber optic,Electronic check,75.9,143.35,Yes,0.7458,High,679.27
3165-HDOEW,Male,0,Yes,Yes,1,0-12,Month-to-month,DSL,Mailed check,45.85,45.85,Yes,0.3852,Medium,211.94
6581-NQCBA,Female,0,Yes,No,16,13-24,Month-to-month,DSL,Electronic check,49.95,810.2,Yes,0.5309,High,318.22
7115-IRDHS,Female,0,Yes,No,72,49+,Two year,No,Bank transfer (automatic),24.65,1830.05,No,0.0032,Low,0.95
8496-DMZUK,Male,0,No,No,30,25-48,One year,Fiber optic,Bank transfer (automatic),90.4,2820.65,No,0.1427,Low,154.8
2040-VZIKE,Female,0,Yes,No,49,49+,Month-to-month,Fiber optic,Mailed check,100.85,4847.35,No,0.3792,Medium,458.91
9068-VPWQQ,Male,0,Yes,No,61,49+,Two year,DSL,Credit card (automatic),75.35,4729.3,No,0.0125,Low,11.3
0178-SZBHO,Male,0,Yes,Yes,47,25-48,Month-to-month,Fiber optic,Electronic check,87.2,4017.45,No,0.3296,Medium,344.89
0384-RVBPI,Male,0,No,No,20,13-24,Month-to-month,DSL,Credit card (automatic),64.4,1398.6,No,0.1689,Low,130.53
1689-MRZQR,Male,0,Yes,Yes,34,25-48,Month-to-month,Fiber optic,Electronic check,78.3,2564.3,Yes,0.3719,Medium,349.44
1299-AURJA,Female,0,Yes,Yes,70,49+,Two year,No,Bank transfer (automatic),24.7,1685.9,No,0.0027,Low,0.8
4525-VZCZG,Male,0,No,Yes,54,49+,One year,Fiber optic,Electronic check,105.85,5826.65,No,0.1211,Low,153.82
1543-LLLFT,Male,1,Yes,No,61,49+,One year,Fiber optic,Mailed check,98.3,6066.55,No,0.1584,Low,186.85
5835-BEQEU,Male,0,No,No,3,0-12,Month-to-month,Fiber optic,Electronic check,76.95,228.4,Yes,0.738,High,681.47
2788-CJQAQ,Male,0,No,No,13,13-24,One year,No,Mailed check,19.45,270.2,No,0.0652,Low,15.22
5565-FILXA,Female,1,No,No,16,13-24,Month-to-month,Fiber optic,Electronic check,96.15,1529.2,Yes,0.7798,High,899.73
0319-QZTCO,Female,0,Yes,Yes,3,0-12,Month-to-month,DSL,Credit card (automatic),58.7,168.6,No,0.3632,Medium,255.84
2120-SMPEX,Male,0,No,No,25,25-48,Month-to-month,No,Mailed check,20.15,536.35,No,0.1039,Low,25.12
0096-FCPUF,Male,0,No,No,30,25-48,Month-to-month,DSL,Mailed check,64.5,1888.45,No,0.2343,Low,181.35
0668-OGMHD,Female,0,Yes,No,21,13-24,Month-to-month,DSL,Electronic check,28.5,629.35,No,0.2708,Low,92.61
5552-ZNFSJ,Male,0,No,No,1,0-12,Month-to-month,DSL,Electronic check,45.3,45.3,Yes,0.4232,Medium,230.05
2223-KAGMX,Female,0,No,No,15,13-24,Month-to-month,No,Bank transfer (automatic),19.4,289.3,Yes,0.104,Low,24.21
6507-ZJSUR,Male,1,Yes,No,23,13-24,Month-to-month,Fiber optic,Electronic check,90.45,2117.25,No,0.6954,High,754.79
9408-HRXRK,Female,0,Yes,Yes,45,25-48,Month-to-month,Fiber optic,Electronic check,105.15,4730.9,No,0.4028,Medium,508.25
5593-SUAOO,Female,0,Yes,Yes,24,13-24,One year,Fiber optic,Bank transfer (automatic),83.15,2033.05,No,0.1976,Low,197.17
7321-PKUYW,Female,0,No,No,11,0-12,Month-to-month,Fiber optic,Electronic check,90.15,987.95,Yes,0.5781,High,625.39
2833-SLKDQ,Male,0,No,No,1,0-12,Month-to-month,DSL,Mailed check,45.05,45.05,Yes,0.3523,Medium,190.45
6766-HFKLA,Female,0,Yes,No,56,49+,Two year,Fiber optic,Bank transfer (automatic),103.2,5744.35,No,0.0855,Low,105.88
7595-EUIVN,Female,0,No,No,1,0-12,Month-to-month,Fiber optic,Electronic check,75.8,75.8,Yes,0.57,High,518.47
7617-EYGLW,Male,0,No,No,1,0-12,Month-to-month,No,Electronic check,19.45,19.45,No,0.2487,Low,58.05
2026-TGDHM,Female,0,No,No,7,0-12,Month-to-month,Fiber optic,Electronic check,79.3,523.15,Yes,0.7102,High,675.83
9220-ZNKJI,Female,1,Yes,No,55,49+,Two year,Fiber optic,Credit card (automatic),88.8,4805.3,No,0.05,Low,53.28
4030-VPZBD,Female,0,No,No,2,0-12,Month-to-month,DSL,Electronic check,30.9,59.05,Yes,0.541,High,200.6
2226-ICFDO,Female,0,Yes,Yes,72,49+,Two year,DSL,Credit card (automatic),85.9,6110.75,No,0.0135,Low,13.92
0723-VSOBE,Female,1,No,No,45,25-48,One year,DSL,Electronic check,34.2,1596.6,No,0.1261,Low,51.75
5529-GIBVH,Female,0,No,No,47,25-48,Two year,No,Mailed check,20.15,1046.2,No,0.0073,Low,1.77
4187-CINZD,Female,1,No,No,46,25-48,One year,Fiber optic,Credit card (automatic),95.25,4424.2,Yes,0.18,Low,205.74
9992-UJOEL,Male,0,No,No,2,0-12,Month-to-month,DSL,Mailed check,50.3,92.75,No,0.3861,Medium,233.05
4741-WWJQZ,Female,0,Yes,No,2,0-12,Month-to-month,Fiber optic,Electronic check,80.15,194.55,No,0.5122,High,492.63
6625-UTXEW,Female,0,Yes,No,12,0-12,Month-to-month,DSL,Electronic check,51.25,612.1,No,0.3606,Medium,221.77
6818-WOBHJ,Female,1,Yes,No,68,49+,Month-to-month,Fiber optic,Bank transfer (automatic),89.6,6127.6,Yes,0.2632,Low,282.99
6244-BESBM,Male,0,Yes,Yes,69,49+,Two year,Fiber optic,Credit card (automatic),95.2,6671.7,No,0.0481,Low,54.95
1004-NOZNR,Male,1,No,Yes,56,49+,One year,Fiber optic,Credit card (automatic),94.8,5264.3,No,0.0938,Low,106.71
1251-STYSZ,Female,1,No,No,4,0-12,Month-to-month,Fiber optic,Electronic check,80.25,303.7,No,0.6792,High,654.07
2612-PHGOX,Male,0,Yes,No,64,49+,Two year,DSL,Bank transfer (automatic),76.1,4818.8,No,0.0203,Low,18.54
2408-TZMJL,Male,0,Yes,No,59,49+,One year,Fiber optic,Electronic check,110.15,6448.05,Yes,0.2303,Low,304.41
8480-PPONV,Male,0,Yes,Yes,62,49+,Two year,Fiber optic,Bank transfer (automatic),115.55,7159.05,No,0.038,Low,52.69
8780-IHCRN,Male,0,Yes,Yes,63,49+,Two year,No,Credit card (automatic),24.65,1574.5,No,0.0037,Low,1.09
4598-ZADCK,Female,0,No,No,53,49+,One year,DSL,Electronic check,53.6,2879.2,No,0.0562,Low,36.15
1257-SXUXQ,Male,0,Yes,Yes,5,0-12,Month-to-month,No,Mailed check,19.45,86.05,No,0.1415,Low,33.03
9681-KYGYB,Male,1,Yes,No,49,49+,Month-to-month,Fiber optic,Electronic check,88.2,4159.45,No,0.3192,Medium,337.84
7182-OVLBJ,Female,0,Yes,Yes,62,49+,Two year,Fiber optic,Bank transfer (automatic),101.15,6638.35,No,0.0811,Low,98.44
5095-ETBRJ,Female,0,Yes,No,55,49+,Two year,DSL,Mailed check,56.8,3112.05,No,0.0075,Low,5.11
7005-CYUIL,Female,1,Yes,No,71,49+,Two year,Fiber optic,Electronic check,99.4,7168.25,No,0.0451,Low,53.8
4821-WQOYN,Female,0,Yes,Yes,72,49+,Two year,No,Credit card (automatic),20.1,1326.25,No,0.0024,Low,0.58
4730-AWNAU,Male,0,Yes,Yes,36,25-48,One year,DSL,Credit card (automatic),60.7,2234.55,No,0.0604,Low,44.0
3452-FLHYD,Male,0,Yes,No,25,25-48,One year,No,Bank transfer (automatic),20.95,495.15,No,0.0499,Low,12.54
2388-LAESQ,Female,1,Yes,No,72,49+,Two year,Fiber optic,Bank transfer (automatic),114.85,8317.95,No,0.061,Low,84.07
9531-NSBMR,Female,0,No,No,36,25-48,One year,No,Bank transfer (automatic),19.25,679.8,No,0.0307,Low,7.09
6260-ONULR,Male,0,No,No,1,0-12,Month-to-month,DSL,Mailed check,62.8,62.8,No,0.569,High,428.8
4389-UEFCZ,Female,0,Yes,No,72,49+,Two year,Fiber optic,Electronic check,105.5,7544.0,No,0.1055,Low,133.56
8711-LOBKY,Male,0,Yes,Yes,59,49+,Two year,No,Mailed check,19.85,1188.25,No,0.0035,Low,0.83
9134-CEQMF,Male,1,Yes,No,7,0-12,Month-to-month,Fiber optic,Electronic check,89.5,676.7,Yes,0.7916,High,850.18
8985-OOPOS,Female,0,No,No,1,0-12,One year,DSL,Credit card (automatic),74.1,74.1,No,0.2013,Low,179.0
8800-ZKRFW,Female,0,Yes,Yes,30,25-48,Month-to-month,Fiber optic,Electronic check,107.5,3242.5,No,0.5292,High,682.67
2616-FLVQC,Male,0,No,No,64,49+,Two year,No,Mailed check,19.55,1240.15,No,0.0034,Low,0.8
9968-FFVVH,Male,0,No,No,63,49+,One year,DSL,Bank transfer (automatic),68.8,4111.35,No,0.0136,Low,11.23
3108-PCCGG,Male,1,Yes,No,72,49+,Two year,DSL,Credit card (automatic),84.45,5899.85,No,0.0167,Low,16.92
7993-PYKOF,Male,0,Yes,No,8,0-12,Month-to-month,Fiber optic,Electronic check,75.0,632.95,Yes,0.469,Medium,422.1
8390-FESFV,Female,0,No,No,62,49+,Two year,DSL,Bank transfer (automatic),84.5,5193.2,No,0.0211,Low,21.4
3022-BEXHZ,Male,0,Yes,Yes,67,49+,Two year,Fiber optic,Bank transfer (automatic),111.2,7530.8,No,0.0676,Low,90.21
5027-XWQHA,Male,0,No,No,6,0-12,Month-to-month,DSL,Electronic check,44.75,270.95,Yes,0.379,Medium,203.52
6248-TKCQV,Female,0,Yes,Yes,70,49+,Two year,DSL,Bank transfer (automatic),80.6,5460.2,No,0.014,Low,13.54
6729-GDNGC,Female,1,No,No,20,13-24,Month-to-month,Fiber optic,Bank transfer (automatic),80.7,1614.2,No,0.459,Medium,444.5
6198-ZFIOJ,Female,0,No,No,5,0-12,Month-to-month,Fiber optic,Electronic check,75.6,402.5,No,0.6509,High,590.5
5989-OMNJE,Female,0,Yes,Yes,24,13-24,One year,DSL,Electronic check,57.6,1367.75,No,0.1608,Low,111.14
4566-QVRRW,Female,0,Yes,No,11,0-12,Month-to-month,DSL,Electronic check,44.05,483.7,Yes,0.4241,Medium,224.18
1291-CUOCY,Male,0,Yes,No,72,49+,Two year,Fiber optic,Credit card (automatic),110.6,7962.2,No,0.0714,Low,94.76
9795-SHUHB,Female,0,Yes,Yes,66,49+,Two year,DSL,Credit card (automatic),58.2,3810.8,No,0.005,Low,3.49
3230-IUALN,Female,0,Yes,Yes,45,25-48,Two year,DSL,Mailed check,81.0,3533.6,No,0.0244,Low,23.72
0042-RLHYP,Female,0,Yes,Yes,69,49+,Two year,No,Bank transfer (automatic),19.7,1396.9,No,0.002,Low,0.47
8519-IMDHU,Male,1,Yes,No,15,13-24,Month-to-month,Fiber optic,Bank transfer (automatic),85.6,1345.55,Yes,0.6745,High,692.85
4945-RVMTE,Female,0,No,No,28,25-48,Month-to-month,DSL,Bank transfer (automatic),59.55,1646.45,No,0.2425,Low,173.29
0201-OAMXR,Female,0,No,No,70,49+,One year,Fiber optic,Credit card (automatic),115.55,8127.6,Yes,0.0693,Low,96.09
1866-NXPSP,Female,0,No,No,36,25-48,One year,DSL,Mailed check,75.55,2680.15,No,0.0501,Low,45.42
3372-KWFBM,Male,1,No,No,16,13-24,Month-to-month,Fiber optic,Electronic check,86.6,1281.0,Yes,0.7301,High,758.72
7831-QGOXH,Female,0,No,No,18,13-24,Month-to-month,Fiber optic,Electronic check,85.2,1553.9,Yes,0.697,High,712.61
6393-WRYZE,Female,0,Yes,No,34,25-48,Month-to-month,Fiber optic,Electronic check,97.65,3207.55,Yes,0.6386,High,748.31
3941-XTSKM,Male,0,Yes,Yes,42,25-48,One year,DSL,Credit card (automatic),45.1,2049.05,No,0.0911,Low,49.3
1661-CZBAU,Male,0,No,No,48,25-48,One year,DSL,Bank transfer (automatic),70.95,3629.2,No,0.0524,Low,44.61
6599-RCLCJ,Male,0,Yes,No,47,25-48,Month-to-month,Fiber optic,Electronic check,109.55,5124.55,Yes,0.468,Medium,615.23
9831-BPFRI,Female,0,Yes,Yes,39,25-48,One year,Fiber optic,Electronic check,89.55,3474.45,Yes,0.1834,Low,197.08
5158-RIVOP,Female,0,Yes,Yes,11,0-12,Two year,No,Credit card (automatic),20.9,202.3,No,0.0259,Low,6.5
9788-YTFGE,Male,0,No,No,7,0-12,Month-to-month,No,Mailed check,19.95,147.5,No,0.2091,Low,50.06
9277-JOOMO,Female,0,No,No,3,0-12,Month-to-month,No,Mailed check,24.6,86.35,No,0.2245,Low,66.27
1907-YLNYW,Male,0,No,No,8,0-12,Month-to-month,DSL,Electronic check,66.7,579.0,No,0.3872,Medium,309.91
1725-MIMXW,Male,0,No,Yes,1,0-12,Month-to-month,No,Mailed check,19.45,19.45,Yes,0.2195,Low,51.23
8947-YRTDV,Male,0,Yes,Yes,32,25-48,One year,Fiber optic,Mailed check,94.8,3131.55,No,0.1197,Low,136.17
3161-ONRWK,Male,0,Yes,Yes,60,49+,One year,DSL,Bank transfer (automatic),65.85,3928.3,No,0.0126,Low,9.96
0114-RSRRW,Female,0,Yes,No,10,0-12,Month-to-month,No,Bank transfer (automatic),19.95,187.75,No,0.1752,Low,41.94
4565-NLZBV,Female,0,Yes,No,71,49+,Two year,No,Bank transfer (automatic),24.65,1710.15,No,0.0047,Low,1.39
0031-PVLZI,Female,0,Yes,Yes,4,0-12,Month-to-month,No,Mailed check,20.35,76.35,Yes,0.1413,Low,34.51
7206-GZCDC,Female,1,No,No,1,0-12,Month-to-month,Fiber optic,Electronic check,69.25,69.25,Yes,0.7349,High,610.7
6682-VCIXC,Female,0,Yes,Yes,43,25-48,One year,DSL,Bank transfer (automatic),51.25,2151.6,No,0.0427,Low,26.26
4791-QRGMF,Male,0,Yes,No,59,49+,One year,Fiber optic,Bank transfer (automatic),99.5,5961.1,Yes,0.2541,Low,303.4
6475-VHUIZ,Female,0,Yes,No,23,13-24,Month-to-month,DSL,Electronic check,54.25,1221.55,No,0.1773,Low,115.42
3910-MRQOY,Female,0,Yes,No,72,49+,Two year,No,Bank transfer (automatic),19.4,1496.45,No,0.0022,Low,0.51
0661-WCQNQ,Male,0,Yes,No,22,13-24,One year,DSL,Credit card (automatic),56.25,1292.2,No,0.0666,Low,44.96
7537-RBWEA,Female,0,No,No,1,0-12,Month-to-month,DSL,Mailed check,25.15,25.15,No,0.5737,High,173.14
4656-CAURT,Male,0,No,No,69,49+,Two year,No,Bank transfer (automatic),23.95,1713.1,No,0.0037,Low,1.06
0121-SNYRK,Male,0,No,No,50,49+,One year,DSL,Mailed check,35.4,1748.9,No,0.0367,Low,15.59
1768-ZAIFU,Female,1,No,No,1,0-12,Month-to-month,DSL,Electronic check,25.2,25.2,Yes,0.6782,High,205.09
4671-LXRDQ,Male,0,No,No,2,0-12,Month-to-month,DSL,Mailed check,45.0,96.45,Yes,0.4315,Medium,233.01
3733-LSYCE,Female,0,Yes,No,15,13-24,Month-to-month,Fiber optic,Bank transfer (automatic),75.35,1114.55,No,0.369,Medium,333.65
6265-FRMTQ,Male,0,No,No,31,25-48,Two year,No,Bank transfer (automatic),20.4,609.1,No,0.0138,Low,3.38
1934-SJVJK,Male,0,No,No,1,0-12,Month-to-month,No,Mailed check,20.15,20.15,Yes,0.1926,Low,46.57
3838-OZURD,Male,0,Yes,No,66,49+,Month-to-month,Fiber optic,Credit card (automatic),105.0,7133.25,Yes,0.3348,Medium,421.85
1371-DWPAZ,Female,0,Yes,Yes,0,0-12,Two year,DSL,Credit card (automatic),56.05,0.0,No,0.0733,Low,49.3
9269-CQOOL,Male,0,No,Yes,3,0-12,Month-to-month,DSL,Credit card (automatic),54.7,169.45,Yes,0.3981,Medium,261.31
2017-CCBLH,Female,0,No,No,8,0-12,Two year,No,Mailed check,20.0,141.6,No,0.0412,Low,9.89
7690-KPNCU,Male,0,Yes,Yes,64,49+,One year,DSL,Credit card (automatic),73.05,4688.65,No,0.0342,Low,29.98
0536-BGFMZ,Female,0,Yes,No,28,25-48,Month-to-month,No,Mailed check,20.5,563.05,No,0.0641,Low,15.77
2293-IJWPS,Female,0,Yes,No,57,49+,One year,Fiber optic,Credit card (automatic),100.75,5985.0,No,0.2567,Low,310.35
2845-HSJCY,Female,0,Yes,Yes,14,13-24,Month-to-month,Fiber optic,Electronic check,87.25,1258.6,Yes,0.6925,High,725.05
5469-NUJUR,Male,0,No,No,19,13-24,Two year,No,Mailed check,19.95,373.5,No,0.0371,Low,8.88
1184-PJVDB,Male,0,Yes,No,10,0-12,Month-to-month,Fiber optic,Electronic check,79.95,857.2,Yes,0.6996,High,671.2
2625-TRCZQ,Female,0,Yes,No,51,49+,Month-to-month,DSL,Electronic check,49.65,2553.35,No,0.2612,Low,155.62
4102-HLENU,Female,0,Yes,No,67,49+,Two year,DSL,Mailed check,65.65,4322.85,No,0.0089,Low,7.01
7266-GSSJX,Male,0,Yes,Yes,11,0-12,Month-to-month,No,Electronic check,20.45,250.8,No,0.1944,Low,47.71
7722-VJRQD,Male,0,Yes,Yes,72,49+,Two year,DSL,Bank transfer (automatic),60.95,4549.05,No,0.0092,Low,6.73
7073-QETQY,Male,0,Yes,Yes,66,49+,One year,No,Electronic check,20.35,1359.5,No,0.0096,Low,2.34
9415-DPEWS,Female,0,No,No,18,13-24,Month-to-month,Fiber optic,Electronic check,88.35,1639.3,Yes,0.6307,High,668.67
5624-RYAMH,Female,0,No,No,9,0-12,Month-to-month,No,Electronic check,19.5,178.85,No,0.245,Low,57.33
0196-JTUQI,Female,0,No,No,9,0-12,Month-to-month,Fiber optic,Credit card (automatic),75.2,633.85,No,0.6085,High,549.11
7130-YXBRO,Male,0,Yes,No,48,25-48,Month-to-month,Fiber optic,Bank transfer (automatic),111.45,5315.1,No,0.3478,Medium,465.15
9272-LSVYH,Male,0,No,No,10,0-12,Month-to-month,Fiber optic,Mailed check,70.15,735.5,No,0.4728,Medium,398.0
7943-RQCHR,Female,0,No,No,9,0-12,Month-to-month,Fiber optic,Electronic check,94.75,889.9,Yes,0.7976,High,906.87
3793-MMFUH,Female,1,No,No,13,13-24,Month-to-month,Fiber optic,Electronic check,95.05,1290.0,Yes,0.8014,High,914.08
3249-ZPQRG,Male,0,No,No,4,0-12,Month-to-month,Fiber optic,Electronic check,78.45,330.05,Yes,0.638,High,600.61
2568-BRGYX,Male,0,No,No,4,0-12,Month-to-month,Fiber optic,Electronic check,70.2,237.95,Yes,0.6805,High,573.25
3084-DOWLE,Female,0,Yes,No,72,49+,Two year,DSL,Bank transfer (automatic),92.0,6474.4,No,0.0107,Low,11.81
1084-MNSMJ,Female,0,Yes,Yes,51,49+,Two year,DSL,Credit card (automatic),85.5,4421.95,No,0.0117,Low,12.0
7721-JXEAW,Male,0,Yes,No,59,49+,Month-to-month,DSL,Bank transfer (automatic),41.05,2452.7,Yes,0.11,Low,54.19
7249-WBIYX,Male,0,Yes,No,10,0-12,Month-to-month,Fiber optic,Electronic check,85.6,813.85,Yes,0.7503,High,770.71
4238-HFHSN,Male,1,Yes,No,61,49+,Month-to-month,Fiber optic,Electronic check,82.15,4904.85,No,0.3,Medium,295.74
6250-CGGUN,Male,0,No,No,54,49+,One year,Fiber optic,Electronic check,84.4,4484.05,No,0.0635,Low,64.31
5478-JJVZK,Female,0,No,No,33,25-48,Month-to-month,DSL,Mailed check,60.9,2033.85,No,0.1459,Low,106.62
7596-IIWYC,Female,0,No,No,27,25-48,Two year,No,Bank transfer (automatic),20.25,538.2,No,0.0235,Low,5.71
6567-HOOPW,Female,1,No,No,1,0-12,Month-to-month,Fiber optic,Electronic check,79.2,79.2,Yes,0.7765,High,737.99
9793-WECQC,Male,0,No,No,23,13-24,Month-to-month,Fiber optic,Mailed check,95.3,2192.9,No,0.4568,Medium,522.4
4291-HPAXL,Male,0,No,Yes,1,0-12,Month-to-month,No,Mailed check,19.85,19.85,No,0.161,Low,38.35
8999-YPYBV,Male,0,Yes,Yes,45,25-48,Two year,DSL,Mailed check,84.35,3858.05,No,0.0236,Low,23.89
1839-FBNFR,Female,0,Yes,Yes,39,25-48,Two year,No,Bank transfer (automatic),19.85,854.8,No,0.0115,Low,2.74
3164-AALRN,Male,0,No,No,5,0-12,One year,DSL,Mailed check,70.0,347.4,Yes,0.3384,Medium,284.26
3071-MVJCD,Male,0,Yes,Yes,72,49+,Two year,DSL,Bank transfer (automatic),82.3,5815.15,No,0.006,Low,5.93
1697-BCSHV,Female,0,Yes,Yes,58,49+,Month-to-month,DSL,Bank transfer (automatic),66.8,3970.4,No,0.0953,Low,76.39
0562-KBDVM,Female,0,No,No,70,49+,Two year,DSL,Bank transfer (automatic),44.6,3058.15,No,0.0071,Low,3.8
1131-SUEKT,Male,0,Yes,Yes,61,49+,One year,Fiber optic,Bank transfer (automatic),98.45,6145.2,No,0.1066,Low,125.94
3717-OEAUQ,Male,0,No,No,2,0-12,Month-to-month,Fiber optic,Mailed check,70.7,129.2,No,0.5349,High,453.81
4538-WNTMJ,Female,0,Yes,Yes,46,25-48,One year,No,Mailed check,24.95,1165.9,No,0.0166,Low,4.97
3334-CTHOL,Female,0,No,No,1,0-12,Month-to-month,DSL,Bank transfer (automatic),49.95,49.95,Yes,0.4878,Medium,292.39
4704-ERYFC,Female,0,Yes,No,22,13-24,Month-to-month,Fiber optic,Electronic check,69.25,1554.0,Yes,0.5438,High,451.9
9432-RUVSL,Female,0,No,No,48,25-48,Two year,Fiber optic,Credit card (automatic),102.5,4904.25,No,0.0739,Low,90.9
8060-HIWJJ,Male,0,No,No,64,49+,Two year,DSL,Credit card (automatic),86.55,5632.55,No,0.0197,Low,20.46
7684-XSZIY,Male,0,Yes,Yes,72,49+,Two year,No,Bank transfer (automatic),24.3,1643.25,No,0.0025,Low,0.73
9089-UOWJG,Female,0,Yes,Yes,12,0-12,Month-to-month,DSL,Credit card (automatic),58.35,740.55,No,0.3235,Medium,226.51
8621-MNIHH,Female,1,Yes,No,34,25-48,Month-to-month,Fiber optic,Electronic check,94.25,3217.55,Yes,0.5934,High,671.14
8039-ACLPL,Female,0,Yes,Yes,72,49+,Two year,DSL,Credit card (automatic),68.75,4888.2,No,0.0056,Low,4.62
9885-AIBVB,Male,0,Yes,No,29,25-48,Month-to-month,Fiber optic,Electronic check,85.8,2440.25,No,0.516,High,531.27
1934-MKPXS,Male,0,Yes,Yes,33,25-48,One year,No,Credit card (automatic),20.1,620.55,No,0.0194,Low,4.68
2592-YKDIF,Female,0,No,No,1,0-12,Month-to-month,No,Mailed check,20.35,20.35,No,0.1882,Low,45.96
2272-JKMSI,Female,0,Yes,Yes,62,49+,One year,Fiber optic,Electronic check,110.8,6840.95,No,0.1846,Low,245.44
0471-LVHGK,Male,0,Yes,No,41,25-48,One year,DSL,Electronic check,73.0,3001.2,Yes,0.2298,Low,201.3
9518-RWHZL,Female,0,No,No,64,49+,One year,Fiber optic,Credit card (automatic),100.05,6254.2,Yes,0.2051,Low,246.24
8714-CTZJW,Female,0,No,No,4,0-12,Month-to-month,Fiber optic,Credit card (automatic),82.85,319.6,No,0.6432,High,639.47
3569-EDBPQ,Female,0,No,No,24,13-24,Month-to-month,Fiber optic,Electronic check,84.35,1938.05,No,0.4067,Medium,411.66
3131-NWVFJ,Female,0,Yes,Yes,14,13-24,One year,No,Mailed check,19.55,294.5,No,0.0503,Low,11.8
7521-YXVZY,Male,0,No,Yes,3,0-12,Month-to-month,No,Mailed check,19.95,58.3,No,0.1486,Low,35.57
5419-CONWX,Female,1,No,No,4,0-12,Month-to-month,Fiber optic,Credit card (automatic),99.8,442.85,Yes,0.6782,High,812.21
6240-EURKS,Female,0,No,Yes,18,13-24,Month-to-month,DSL,Electronic check,35.0,553.0,Yes,0.4668,Medium,196.06
2373-NTKOD,Male,0,No,No,8,0-12,Month-to-month,DSL,Electronic check,66.25,546.45,No,0.5587,High,444.17
1970-KKFWL,Female,0,No,No,35,25-48,Two year,No,Bank transfer (automatic),23.3,797.1,No,0.0163,Low,4.56
6960-HVYXR,Female,0,No,No,1,0-12,Month-to-month,Fiber optic,Electronic check,76.0,76.0,Yes,0.6766,High,617.06
9337-SRRNI,Male,0,No,Yes,66,49+,Two year,No,Credit card (automatic),25.3,1673.8,No,0.0045,Low,1.37
0895-UADGO,Male,0,No,Yes,8,0-12,Two year,DSL,Mailed check,44.55,343.45,No,0.1073,Low,57.36
5678-VFNEQ,Female,0,Yes,No,71,49+,One year,Fiber optic,Credit card (automatic),104.1,7412.25,No,0.1393,Low,174.01
5977-CKHON,Female,0,Yes,Yes,43,25-48,Month-to-month,Fiber optic,Bank transfer (automatic),92.55,4039.0,No,0.3622,Medium,402.26
7024-OHCCK,Female,1,No,No,2,0-12,Month-to-month,Fiber optic,Electronic check,93.85,170.85,Yes,0.8498,High,957.04
2692-BUCFV,Male,1,No,No,29,25-48,Month-to-month,Fiber optic,Bank transfer (automatic),101.45,2948.6,No,0.514,High,625.74
7861-UVUFT,Female,0,Yes,No,15,13-24,Month-to-month,Fiber optic,Electronic check,84.3,1308.4,Yes,0.6574,High,665.03
1830-GGFNM,Male,0,Yes,Yes,65,49+,Two year,Fiber optic,Credit card (automatic),94.55,6078.75,No,0.0168,Low,19.06
5302-BDJNT,Male,0,No,No,35,25-48,Month-to-month,Fiber optic,Electronic check,95.5,3418.2,No,0.4076,Medium,467.11
5223-UZAVK,Male,0,No,No,64,49+,One year,Fiber optic,Credit card (automatic),100.3,6603.8,No,0.1083,Low,130.35
4859-ZSRDZ,Female,0,Yes,Yes,58,49+,Two year,DSL,Credit card (automatic),55.5,3166.9,No,0.0285,Low,18.98
5651-WYIPH,Female,1,No,No,18,13-24,Month-to-month,DSL,Credit card (automatic),49.85,865.75,No,0.2558,Low,153.02
9350-VLHMB,Male,0,Yes,Yes,67,49+,Month-to-month,Fiber optic,Bank transfer (automatic),89.55,6373.1,No,0.2192,Low,235.55
3498-LZGQZ,Male,0,Yes,Yes,63,49+,Two year,No,Mailed check,19.15,1177.05,No,0.0042,Low,0.97
8785-CJSHH,Female,0,Yes,No,60,49+,Month-to-month,Fiber optic,Electronic check,99.8,5985.75,No,0.4494,Medium,538.2
5357-TZHPP,Male,1,No,No,9,0-12,Month-to-month,Fiber optic,Credit card (automatic),84.4,732.5,Yes,0.7058,High,714.83
3870-SPZSI,Female,0,Yes,Yes,70,49+,Two year,Fiber optic,Credit card (automatic),113.05,7869.05,No,0.0439,Low,59.55
0680-DFNNY,Male,0,Yes,No,15,13-24,Month-to-month,Fiber optic,Electronic check,101.1,1504.05,Yes,0.7631,High,925.79
7560-QRBXH,Female,0,No,Yes,48,25-48,One year,No,Mailed check,19.95,936.7,No,0.0106,Low,2.54
7077-XJMET,Male,0,Yes,No,12,0-12,Month-to-month,DSL,Electronic check,74.15,741.4,No,0.4378,Medium,389.55
8752-GHJFU,Male,1,Yes,No,71,49+,One year,Fiber optic,Electronic check,92.0,6585.2,No,0.0865,Low,95.5
6896-SRVYQ,Male,1,No,No,44,25-48,Month-to-month,Fiber optic,Electronic check,73.85,3122.4,No,0.303,Medium,268.52
7767-UXAGJ,Male,0,No,No,1,0-12,Month-to-month,DSL,Electronic check,50.45,50.45,Yes,0.5846,High,353.92
4652-ODEVH,Male,0,Yes,Yes,45,25-48,Two year,No,Mailed check,24.45,1088.25,No,0.0092,Low,2.7
6510-UPNKS,Female,0,No,No,23,13-24,One year,No,Credit card (automatic),24.8,615.35,No,0.05,Low,14.88
6718-BDGHG,Female,0,Yes,No,43,25-48,One year,DSL,Bank transfer (automatic),64.85,2908.2,No,0.0873,Low,67.94
9046-DQMTP,Male,0,No,No,35,25-48,Month-to-month,No,Bank transfer (automatic),20.75,739.9,No,0.044,Low,10.96
6439-LAJXL,Male,0,Yes,No,9,0-12,Month-to-month,DSL,Mailed check,68.95,593.85,No,0.2285,Low,189.06
1571-SAVHK,Male,0,No,No,12,0-12,Month-to-month,Fiber optic,Mailed check,99.95,1132.75,Yes,0.6482,High,777.45
9052-VKDUW,Female,1,Yes,No,65,49+,Month-to-month,Fiber optic,Credit card (automatic),109.4,7227.45,No,0.2889,Low,379.27
9546-CQJSU,Female,0,No,No,2,0-12,Month-to-month,Fiber optic,Electronic check,91.4,193.6,Yes,0.7779,High,853.2
1666-JZPZT,Male,0,No,No,27,25-48,Month-to-month,DSL,Mailed check,49.0,1291.35,No,0.2109,Low,124.01
5777-KJIRB,Female,0,No,No,40,25-48,One year,DSL,Mailed check,50.25,2023.55,No,0.0739,Low,44.56
0506-LVNGN,Female,1,No,No,5,0-12,Month-to-month,Fiber optic,Credit card (automatic),75.55,349.65,Yes,0.5951,High,539.52
7677-SJJJK,Male,0,Yes,Yes,8,0-12,One year,No,Credit card (automatic),19.9,153.95,No,0.0593,Low,14.16
2480-EJWYP,Female,1,Yes,No,58,49+,One year,Fiber optic,Bank transfer (automatic),97.8,5458.8,No,0.2491,Low,292.34
3253-HKOKL,Female,0,Yes,Yes,52,49+,One year,Fiber optic,Electronic check,100.3,5244.45,No,0.1351,Low,162.61
7055-HNEOJ,Male,0,Yes,No,3,0-12,Month-to-month,DSL,Mailed check,55.8,154.55,No,0.3251,Medium,217.69
5514-YQENT,Male,0,No,Yes,41,25-48,Two year,Fiber optic,Electronic check,111.15,4507.15,No,0.0875,Low,116.71
3211-AAPKX,Male,0,No,No,20,13-24,Month-to-month,Fiber optic,Mailed check,98.55,2031.95,No,0.6116,High,723.28
8445-DNBAE,Male,0,No,Yes,1,0-12,Month-to-month,DSL,Electronic check,50.05,50.05,No,0.5318,High,319.4
2951-QOQTK,Male,0,No,Yes,4,0-12,Month-to-month,Fiber optic,Credit card (automatic),80.8,332.45,Yes,0.4154,Medium,402.77
2958-NHPPS,Male,0,No,No,23,13-24,Month-to-month,No,Electronic check,20.85,473.9,No,0.104,Low,26.02
6806-YDEUL,Female,1,No,No,6,0-12,Month-to-month,No,Bank transfer (automatic),19.5,106.8,No,0.1678,Low,39.27
1735-XMJVH,Male,0,Yes,Yes,8,0-12,Month-to-month,No,Mailed check,19.35,152.6,No,0.1728,Low,40.12
6890-PFRQX,Male,0,No,No,18,13-24,Month-to-month,DSL,Mailed check,69.5,1199.4,No,0.241,Low,200.99
0222-CNVPT,Male,1,No,No,52,49+,Month-to-month,DSL,Credit card (automatic),48.8,2555.05,No,0.1704,Low,99.79
5899-OUVKV,Male,0,No,No,31,25-48,Month-to-month,Fiber optic,Electronic check,94.5,2979.2,No,0.5752,High,652.28
8681-ICONS,Male,0,Yes,Yes,29,25-48,Month-to-month,No,Mailed check,20.65,654.85,No,0.0725,Low,17.97
1621-YNCJH,Female,0,Yes,No,36,25-48,Two year,Fiber optic,Credit card (automatic),106.05,3834.4,No,0.0856,Low,108.93
3473-XIIIT,Female,0,Yes,No,16,13-24,Month-to-month,Fiber optic,Electronic check,100.0,1534.75,Yes,0.7313,High,877.56
6362-QHAFM,Male,0,Yes,No,42,25-48,One year,Fiber optic,Electronic check,108.3,4586.15,No,0.3458,Medium,449.4
7893-IXHRQ,Male,0,No,No,1,0-12,Month-to-month,No,Electronic check,20.55,20.55,Yes,0.2425,Low,59.8
3070-BDOQC,Female,0,No,No,60,49+,Two year,Fiber optic,Electronic check,99.65,5941.05,No,0.127,Low,151.87
2952-QAYZF,Male,0,No,No,5,0-12,Month-to-month,Fiber optic,Electronic check,85.3,424.15,Yes,0.6922,High,708.54
6234-PFPXL,Male,0,Yes,No,22,13-24,Month-to-month,Fiber optic,Credit card (automatic),95.9,2234.95,No,0.315,Medium,362.5
9824-QCJPK,Male,0,Yes,No,36,25-48,One year,No,Mailed check,20.0,666.75,No,0.0235,Low,5.64
4763-PGDPO,Female,0,No,No,4,0-12,Month-to-month,Fiber optic,Electronic check,70.4,281.0,Yes,0.5908,High,499.11
4283-IVYCI,Male,0,No,No,9,0-12,Month-to-month,DSL,Mailed check,64.95,547.8,No,0.1866,Low,145.44
1866-OBPNR,Male,0,Yes,Yes,1,0-12,Month-to-month,Fiber optic,Credit card (automatic),74.6,74.6,No,0.4306,Medium,385.47
8205-MQUGY,Male,0,Yes,Yes,12,0-12,Month-to-month,DSL,Electronic check,49.2,571.15,No,0.2747,Low,162.18
8970-ANWXO,Female,0,No,No,23,13-24,One year,DSL,Mailed check,73.75,1756.6,No,0.2158,Low,190.98
9480-BQJEI,Male,0,No,No,62,49+,One year,Fiber optic,Bank transfer (automatic),92.3,5731.45,No,0.1173,Low,129.92
5394-SVGJV,Male,0,No,No,37,25-48,Month-to-month,Fiber optic,Bank transfer (automatic),98.8,3475.55,Yes,0.3704,Medium,439.15
6979-TNDEU,Female,0,No,No,8,0-12,Month-to-month,No,Mailed check,19.2,156.85,No,0.1483,Low,34.17
9777-WJJPR,Male,0,Yes,No,31,25-48,Month-to-month,Fiber optic,Credit card (automatic),88.65,2683.2,No,0.4251,Medium,452.22
9283-LZQOH,Male,0,Yes,Yes,13,13-24,Month-to-month,Fiber optic,Credit card (automatic),74.4,896.75,Yes,0.5352,High,477.83
7079-QRCBC,Female,0,No,No,24,13-24,Month-to-month,Fiber optic,Electronic check,98.75,2407.3,Yes,0.7208,High,854.15
9495-SKLKD,Male,0,Yes,Yes,45,25-48,Month-to-month,Fiber optic,Bank transfer (automatic),95.95,4456.65,No,0.3364,Medium,387.33
6048-UWKAL,Female,1,Yes,No,69,49+,Two year,Fiber optic,Credit card (automatic),105.4,6998.95,No,0.0556,Low,70.32
5067-DGXLL,Male,0,No,No,2,0-12,Month-to-month,No,Mailed check,20.25,36.8,No,0.185,Low,44.96
5469-CTCWN,Male,0,Yes,Yes,61,49+,One year,Fiber optic,Electronic check,106.0,6547.7,Yes,0.183,Low,232.78
9851-QXEEQ,Male,0,No,No,41,25-48,Month-to-month,Fiber optic,Electronic check,104.7,4346.4,Yes,0.5856,High,735.75
6281-FKEWS,Female,0,No,No,44,25-48,One year,DSL,Electronic check,49.05,2265.0,No,0.2104,Low,123.84
8898-KASCD,Male,0,No,No,39,25-48,One year,DSL,Mailed check,35.55,1309.15,No,0.0571,Low,24.36
9242-TKFSV,Male,0,Yes,Yes,72,49+,Two year,DSL,Credit card (automatic),65.1,4754.3,No,0.0116,Low,9.06
9290-SHCMB,Female,1,No,No,13,13-24,Month-to-month,Fiber optic,Electronic check,96.85,1235.55,No,0.7314,High,850.03
0743-HNPFG,Female,0,Yes,Yes,51,49+,One year,DSL,Credit card (automatic),69.75,3562.5,No,0.0231,Low,19.33
2277-BKJKN,Female,1,Yes,No,71,49+,Two year,Fiber optic,Electronic check,99.2,7213.75,No,0.1176,Low,139.99
9809-IMGCQ,Male,1,No,No,22,13-24,Month-to-month,Fiber optic,Electronic check,96.7,2082.95,Yes,0.7489,High,869.02
5208-HFSBT,Female,0,No,No,2,0-12,Month-to-month,DSL,Credit card (automatic),55.05,102.75,Yes,0.2773,Low,183.18
5035-PGZXH,Female,0,No,No,56,49+,One year,Fiber optic,Electronic check,106.8,5914.4,No,0.3005,Medium,385.12
8695-WDYEA,Male,0,No,No,1,0-12,Month-to-month,DSL,Mailed check,51.25,51.25,No,0.2555,Low,157.13
6543-JXSOO,Female,0,Yes,Yes,23,13-24,One year,DSL,Mailed check,57.75,1282.85,No,0.052,Low,36.04
8016-ZMGMO,Female,1,Yes,No,66,49+,One year,DSL,Bank transfer (automatic),70.85,4738.85,No,0.056,Low,47.61
8605-ITULD,Female,0,No,No,1,0-12,Month-to-month,No,Mailed check,19.55,19.55,No,0.1919,Low,45.02
3254-YRILK,Male,1,No,No,19,13-24,Month-to-month,Fiber optic,Electronic check,88.2,1775.8,Yes,0.7072,High,748.5
6416-YJTTB,Male,0,No,No,11,0-12,Month-to-month,Fiber optic,Bank transfer (automatic),79.5,795.65,No,0.4257,Medium,406.12
2667-WYLWJ,Female,0,Yes,Yes,8,0-12,One year,No,Mailed check,19.75,145.0,Yes,0.0907,Low,21.5
4472-VESGY,Female,0,Yes,Yes,52,49+,Month-to-month,Fiber optic,Bank transfer (automatic),98.15,4993.4,No,0.1621,Low,190.92
3195-TQDZX,Male,0,No,No,3,0-12,Month-to-month,No,Electronic check,20.25,61.45,No,0.2992,Low,72.71
3128-YOVTD,Female,0,Yes,Yes,51,49+,Month-to-month,Fiber optic,Bank transfer (automatic),79.15,4018.55,No,0.1258,Low,119.48
0529-ONKER,Male,1,No,No,15,13-24,Month-to-month,Fiber optic,Electronic check,75.65,1146.65,Yes,0.611,High,554.67
1728-CXQBE,Male,1,Yes,No,64,49+,Month-to-month,Fiber optic,Electronic check,94.25,6081.4,No,0.3862,Medium,436.79
7041-TXQJH,Female,0,No,No,37,25-48,Month-to-month,DSL,Credit card (automatic),40.2,1478.85,No,0.2467,Low,119.01
5014-GSOUQ,Male,0,No,No,13,13-24,Two year,No,Mailed check,19.95,243.65,No,0.0338,Low,8.09
5724-BIDBU,Male,0,Yes,No,49,49+,One year,DSL,Electronic check,55.35,2633.95,No,0.0695,Low,46.16
0481-SUMCB,Female,1,No,No,45,25-48,One year,Fiber optic,Bank transfer (automatic),102.15,4735.35,No,0.3475,Medium,425.97
1769-GRUIK,Female,0,No,No,18,13-24,Month-to-month,Fiber optic,Electronic check,71.1,1247.75,No,0.5571,High,475.32
5240-IJOQT,Male,1,No,No,1,0-12,Month-to-month,Fiber optic,Electronic check,74.7,74.7,Yes,0.7881,High,706.45
8819-WFGGJ,Male,0,Yes,No,68,49+,Two year,DSL,Bank transfer (automatic),54.1,3794.5,No,0.0261,Low,16.94
7427-AUFPY,Male,0,No,No,54,49+,Two year,No,Credit card (automatic),19.65,1008.7,No,0.0048,Low,1.13
2811-POVEX,Female,1,Yes,Yes,23,13-24,Month-to-month,Fiber optic,Bank transfer (automatic),88.45,2130.55,No,0.4542,Medium,482.09
1092-GANHU,Male,0,No,No,17,13-24,Month-to-month,Fiber optic,Electronic check,76.65,1313.55,Yes,0.5644,High,519.14
7898-PDWQE,Male,0,Yes,No,71,49+,Two year,DSL,Credit card (automatic),80.4,5727.15,No,0.0079,Low,7.62
9972-EWRJS,Female,0,Yes,Yes,67,49+,Two year,No,Bank transfer (automatic),19.25,1372.9,No,0.0032,Low,0.74
9314-IJWSQ,Female,0,Yes,Yes,14,13-24,Month-to-month,Fiber optic,Electronic check,84.8,1203.9,No,0.682,High,694.0
0661-XEYAN,Female,1,No,No,1,0-12,Month-to-month,DSL,Mailed check,25.8,25.8,Yes,0.6037,High,186.91
5799-JRCZO,Female,0,No,Yes,63,49+,Two year,No,Credit card (automatic),19.5,1215.1,No,0.0025,Low,0.58
1921-KYSAY,Female,0,No,No,41,25-48,One year,DSL,Electronic check,68.6,2877.05,No,0.1306,Low,107.51
6198-RTPMF,Female,0,Yes,No,17,13-24,Month-to-month,Fiber optic,Electronic check,92.6,1579.7,No,0.6988,High,776.51
2924-KHUVI,Male,0,Yes,No,56,49+,One year,Fiber optic,Electronic check,100.55,5514.95,No,0.2574,Low,310.58
1925-GMVBW,Female,0,No,No,5,0-12,Month-to-month,No,Credit card (automatic),20.55,96.1,No,0.1467,Low,36.18
7881-EVUAD,Female,0,No,No,2,0-12,Month-to-month,DSL,Electronic check,42.6,72.4,Yes,0.5647,High,288.67
6184-DYUOB,Female,0,Yes,No,3,0-12,Month-to-month,No,Mailed check,19.6,55.25,No,0.2424,Low,57.01
9207-ZPANB,Male,0,No,No,37,25-48,One year,DSL,Electronic check,67.45,2443.3,No,0.0507,Low,41.04
5766-XQXMQ,Female,0,No,No,29,25-48,Month-to-month,DSL,Bank transfer (automatic),68.85,1970.5,Yes,0.1547,Low,127.81
9327-QSDED,Male,0,No,No,8,0-12,Month-to-month,DSL,Mailed check,43.55,335.4,No,0.2995,Low,156.52
1656-DRSMG,Female,0,No,No,63,49+,Month-to-month,Fiber optic,Credit card (automatic),109.85,7002.95,No,0.2733,Low,360.26
3012-VFFMN,Female,0,Yes,Yes,7,0-12,Month-to-month,No,Mailed check,20.65,158.95,No,0.125,Low,30.98
2984-AFWNC,Female,0,No,No,3,0-12,Month-to-month,Fiber optic,Electronic check,95.4,293.15,No,0.6651,High,761.41
0640-YJTPY,Male,0,Yes,Yes,72,49+,Two year,No,Bank transfer (automatic),21.0,1493.75,No,0.0017,Low,0.43
8096-LOIST,Female,0,No,No,19,13-24,Month-to-month,DSL,Electronic check,56.2,1093.4,No,0.3925,Medium,264.7
9764-REAFF,Female,0,Yes,No,59,49+,Two year,No,Bank transfer (automatic),18.4,1057.85,No,0.004,Low,0.88
3703-VAVCL,Male,0,Yes,Yes,2,0-12,Month-to-month,Fiber optic,Credit card (automatic),90.0,190.05,Yes,0.418,Medium,451.44
7107-UBYKY,Female,0,Yes,Yes,35,25-48,Month-to-month,No,Electronic check,25.75,882.55,No,0.0968,Low,29.91
4881-GQJTW,Male,0,No,No,14,13-24,Month-to-month,No,Credit card (automatic),19.6,300.4,No,0.1075,Low,25.28
8519-QJGJD,Female,0,No,No,14,13-24,Month-to-month,Fiber optic,Electronic check,75.35,1025.95,Yes,0.4981,Medium,450.38
7876-DNYAP,Female,0,Yes,Yes,69,49+,Two year,No,Credit card (automatic),19.8,1436.95,No,0.002,Low,0.48
7905-NJMXS,Male,1,Yes,No,7,0-12,Month-to-month,DSL,Electronic check,64.2,475.0,No,0.2674,Low,206.0
2882-WDTBA,Male,0,Yes,Yes,69,49+,Two year,DSL,Bank transfer (automatic),75.75,5388.15,No,0.0072,Low,6.54
2091-GPPIQ,Female,0,Yes,Yes,72,49+,Two year,DSL,Electronic check,78.95,5730.15,No,0.0263,Low,24.92
6326-MTTXK,Male,0,No,No,8,0-12,Month-to-month,Fiber optic,Electronic check,100.85,819.55,Yes,0.6998,High,846.9
5071-FBJFS,Female,0,Yes,Yes,4,0-12,Month-to-month,DSL,Electronic check,50.3,217.1,No,0.2546,Low,153.68
2796-UUZZO,Male,0,Yes,Yes,63,49+,Month-to-month,Fiber optic,Credit card (automatic),80.3,4896.35,No,0.1187,Low,114.38
2429-AYKKO,Male,0,No,No,72,49+,Two year,No,Bank transfer (automatic),19.85,1434.1,No,0.0022,Low,0.52
9798-OPFEM,Female,0,No,No,46,25-48,Two year,No,Electronic check,21.1,937.1,No,0.0142,Low,3.6
0330-IVZHA,Female,0,Yes,No,5,0-12,Month-to-month,Fiber optic,Electronic check,69.95,330.15,Yes,0.5899,High,495.16
3794-NFNCH,Male,0,Yes,No,30,25-48,Month-to-month,DSL,Mailed check,50.0,1474.9,No,0.1989,Low,119.34
5193-QLVZB,Male,0,No,No,63,49+,Two year,Fiber optic,Bank transfer (automatic),104.75,6536.5,No,0.1167,Low,146.69
7114-AEOZE,Female,0,No,No,60,49+,Two year,No,Bank transfer (automatic),19.85,1128.1,No,0.0036,Low,0.86
2886-KEFUM,Female,0,Yes,No,63,49+,One year,Fiber optic,Electronic check,107.5,6873.75,Yes,0.2728,Low,351.91
5522-NYKPB,Male,0,Yes,Yes,25,25-48,Month-to-month,Fiber optic,Electronic check,85.9,2199.05,No,0.3529,Medium,363.77
4237-RLAQD,Male,0,No,No,1,0-12,Month-to-month,DSL,Mailed check,45.85,45.85,Yes,0.4347,Medium,239.17
9957-YODKZ,Male,1,Yes,No,6,0-12,Month-to-month,Fiber optic,Electronic check,80.8,457.1,No,0.7494,High,726.62
6518-KZXCB,Male,0,No,No,22,13-24,Two year,No,Mailed check,25.25,566.5,No,0.0306,Low,9.27
2245-ADZFJ,Female,0,Yes,Yes,31,25-48,Two year,DSL,Bank transfer (automatic),80.55,2471.6,No,0.0437,Low,42.24
7776-QGYJC,Female,0,Yes,Yes,39,25-48,Month-to-month,Fiber optic,Bank transfer (automatic),81.5,3107.3,No,0.1942,Low,189.93
9313-QOLTZ,Male,0,No,No,26,25-48,Month-to-month,No,Mailed check,20.9,518.3,No,0.069,Low,17.31
9651-GTSAQ,Female,0,Yes,No,53,49+,One year,Fiber optic,Bank transfer (automatic),106.1,5769.75,Yes,0.1446,Low,184.1
3186-BAXNB,Female,0,No,No,1,0-12,Month-to-month,Fiber optic,Electronic check,91.7,91.7,Yes,0.5266,High,579.47
4672-FOTSD,Male,0,No,No,12,0-12,Month-to-month,DSL,Electronic check,67.25,832.3,No,0.2559,Low,206.51
0637-YLETY,Female,0,No,No,16,13-24,Month-to-month,Fiber optic,Credit card (automatic),95.6,1555.65,Yes,0.5713,High,655.4
9818-XQCUV,Female,0,No,No,2,0-12,Month-to-month,No,Mailed check,20.35,45.3,No,0.1815,Low,44.32
7338-ERIVA,Male,0,No,Yes,39,25-48,One year,DSL,Bank transfer (automatic),45.05,1790.6,No,0.0413,Low,22.33
1157-BQCUW,Male,0,No,No,1,0-12,Month-to-month,Fiber optic,Electronic check,74.95,74.95,Yes,0.7618,High,685.16
8259-NFJTV,Female,0,Yes,Yes,7,0-12,Month-to-month,DSL,Mailed check,34.65,246.6,No,0.2118,Low,88.07
3223-DWFIO,Male,1,No,No,4,0-12,Month-to-month,Fiber optic,Electronic check,69.35,261.65,No,0.6366,High,529.78
2660-EMUBI,Male,1,No,No,10,0-12,Month-to-month,Fiber optic,Electronic check,95.35,898.35,Yes,0.8131,High,930.35
6968-GMKPR,Female,0,No,No,55,49+,Month-to-month,Fiber optic,Electronic check,81.55,4509.5,No,0.2443,Low,239.07
4751-ERMAN,Male,0,Yes,Yes,72,49+,Two year,DSL,Bank transfer (automatic),75.4,5480.25,No,0.0176,Low,15.92
1436-ZMJAN,Female,0,Yes,No,10,0-12,Month-to-month,DSL,Credit card (automatic),67.8,653.15,No,0.4521,Medium,367.83
3292-PBZEJ,Male,1,No,No,11,0-12,Month-to-month,Fiber optic,Electronic check,111.4,1183.05,No,0.7026,High,939.24
0799-DDIHE,Female,0,Yes,Yes,15,13-24,Month-to-month,DSL,Electronic check,46.3,639.45,No,0.2427,Low,134.84
3070-FNFZQ,Female,0,Yes,Yes,23,13-24,Two year,No,Bank transfer (automatic),20.4,478.75,No,0.016,Low,3.92
2812-SFXMJ,Male,0,No,Yes,1,0-12,Month-to-month,No,Mailed check,20.05,20.05,No,0.1602,Low,38.54
7675-OZCZG,Female,1,No,No,3,0-12,Month-to-month,DSL,Electronic check,45.0,127.1,Yes,0.435,Medium,234.9
5014-WUQMG,Male,0,Yes,Yes,47,25-48,One year,Fiber optic,Electronic check,96.1,4391.45,No,0.1384,Low,159.6
5312-TSZVC,Female,0,No,Yes,15,13-24,One year,No,Mailed check,19.65,270.6,No,0.0466,Low,10.99
2003-CKLOR,Male,0,No,No,66,49+,Month-to-month,Fiber optic,Electronic check,99.5,6710.5,Yes,0.2634,Low,314.5
0993-OSGPT,Female,1,Yes,No,68,49+,One year,DSL,Bank transfer (automatic),60.65,3975.9,No,0.0185,Low,13.46
9254-RBFON,Female,0,Yes,Yes,17,13-24,One year,Fiber optic,Bank transfer (automatic),98.6,1704.95,Yes,0.2363,Low,279.59
1205-WNWPJ,Female,0,No,No,7,0-12,Month-to-month,DSL,Mailed check,59.5,415.95,Yes,0.3512,Medium,250.76
9391-EOYLI,Male,1,Yes,No,12,0-12,Month-to-month,Fiber optic,Electronic check,80.45,950.2,Yes,0.7096,High,685.05
7108-DGVUU,Female,1,Yes,No,21,13-24,One year,DSL,Bank transfer (automatic),71.7,1497.05,No,0.1561,Low,134.31
2782-JEEBU,Male,0,No,No,21,13-24,Month-to-month,DSL,Mailed check,36.0,780.15,No,0.2508,Low,108.35
5127-BZENZ,Female,0,Yes,Yes,56,49+,One year,DSL,Bank transfer (automatic),65.2,3512.15,No,0.0286,Low,22.38
2720-FVBQP,Female,0,Yes,Yes,6,0-12,Month-to-month,DSL,Credit card (automatic),48.95,273.25,No,0.388,Medium,227.91
9906-NHHVC,Female,1,No,No,65,49+,Two year,DSL,Bank transfer (automatic),53.5,3517.9,No,0.0405,Low,26.0
4522-XRWWI,Male,0,Yes,No,42,25-48,One year,DSL,Credit card (automatic),80.45,3375.9,No,0.0577,Low,55.7
3766-EJLFL,Female,0,Yes,Yes,68,49+,Two year,Fiber optic,Bank transfer (automatic),109.05,7508.55,No,0.053,Low,69.36
5939-SXWHM,Male,0,Yes,Yes,48,25-48,Two year,No,Bank transfer (automatic),26.3,1245.05,No,0.0072,Low,2.27
8152-UOBNY,Female,1,No,No,50,49+,One year,Fiber optic,Electronic check,106.8,5347.95,No,0.2974,Low,381.15
7351-KYHQH,Female,1,No,No,7,0-12,Month-to-month,DSL,Electronic check,64.95,493.65,No,0.4987,Medium,388.69
7643-RCHXS,Female,0,Yes,Yes,63,49+,Two year,No,Electronic check,19.35,1263.85,No,0.0039,Low,0.91
8246-SHFGA,Male,0,No,No,17,13-24,Month-to-month,No,Credit card (automatic),21.1,385.55,No,0.0916,Low,23.19
8387-MOJJT,Female,0,Yes,Yes,42,25-48,Month-to-month,Fiber optic,Credit card (automatic),77.95,3384.0,Yes,0.3104,Medium,290.35
0620-XEFWH,Male,0,Yes,Yes,4,0-12,Month-to-month,No,Mailed check,18.85,84.2,No,0.15,Low,33.93
6485-QXWWE,Female,0,No,Yes,62,49+,Two year,No,Bank transfer (automatic),26.0,1638.7,No,0.0038,Low,1.19
2761-OCIAX,Male,1,No,No,2,0-12,Month-to-month,Fiber optic,Electronic check,74.7,165.4,Yes,0.6945,High,622.55
7321-VGNKU,Female,0,Yes,No,2,0-12,Month-to-month,Fiber optic,Electronic check,70.35,120.25,No,0.6953,High,586.97
5327-CNLUQ,Male,0,Yes,No,48,25-48,Two year,Fiber optic,Bank transfer (automatic),96.9,4473.45,No,0.0934,Low,108.61
7552-KEYGT,Male,0,Yes,No,27,25-48,Two year,No,Bank transfer (automatic),19.55,520.55,No,0.0173,Low,4.06
5816-JMLGY,Female,0,Yes,Yes,70,49+,Two year,DSL,Bank transfer (automatic),80.4,5717.85,No,0.0138,Low,13.31
3068-OMWZA,Male,1,No,No,1,0-12,Month-to-month,Fiber optic,Electronic check,88.8,88.8,Yes,0.8213,High,875.18
2927-QRRQV,Male,0,Yes,No,46,25-48,One year,Fiber optic,Electronic check,94.65,4312.5,No,0.3067,Medium,348.35
6032-KRXXO,Male,0,No,No,30,25-48,Month-to-month,Fiber optic,Electronic check,90.25,2755.35,Yes,0.6125,High,663.34
7459-RRWQZ,Female,0,No,No,15,13-24,Month-to-month,DSL,Bank transfer (automatic),64.65,994.55,Yes,0.3241,Medium,251.44
6265-SXWBU,Male,0,Yes,Yes,69,49+,One year,Fiber optic,Credit card (automatic),95.75,6511.25,No,0.0743,Low,85.37
7941-RCJOW,Male,0,No,No,65,49+,Two year,No,Credit card (automatic),19.55,1218.65,No,0.0042,Low,0.99
6374-NTQLP,Male,1,Yes,Yes,72,49+,Two year,Fiber optic,Credit card (automatic),104.1,7447.7,No,0.0373,Low,46.6
4154-AQUGT,Male,1,Yes,No,13,13-24,Month-to-month,Fiber optic,Bank transfer (automatic),89.05,1169.35,Yes,0.5001,High,534.41
2387-KDZQY,Male,0,No,No,17,13-24,One year,No,Mailed check,20.1,279.5,No,0.075,Low,18.09
3584-WKTTW,Male,0,Yes,No,51,49+,One year,Fiber optic,Electronic check,111.55,5720.35,No,0.2303,Low,308.28
3399-BMLVW,Male,0,Yes,Yes,51,49+,Two year,DSL,Credit card (automatic),60.5,3121.45,No,0.006,Low,4.36
1971-DTCZB,Female,0,Yes,No,72,49+,Two year,DSL,Bank transfer (automatic),90.95,6468.6,No,0.0158,Low,17.24
3092-IGHWF,Male,0,Yes,Yes,67,49+,One year,Fiber optic,Electronic check,87.4,5918.8,Yes,0.0822,Low,86.21
3374-PZLXD,Male,0,No,No,34,25-48,Month-to-month,No,Mailed check,19.7,675.6,No,0.0506,Low,11.96
3813-DHBBB,Male,0,Yes,No,67,49+,Two year,DSL,Bank transfer (automatic),50.95,3521.7,No,0.0119,Low,7.28
2812-REYAT,Female,0,Yes,No,49,49+,One year,No,Bank transfer (automatic),20.05,923.1,No,0.0171,Low,4.11
6518-PPLMZ,Male,0,Yes,Yes,53,49+,Two year,No,Mailed check,19.4,1110.35,No,0.0068,Low,1.58
4939-KYYPY,Male,0,No,No,27,25-48,Month-to-month,DSL,Electronic check,59.45,1611.65,No,0.2028,Low,144.68
8017-LXHFA,Female,1,No,No,23,13-24,Month-to-month,Fiber optic,Electronic check,94.75,2293.6,Yes,0.6603,High,750.76
5930-GBIWP,Male,0,No,No,69,49+,Two year,DSL,Credit card (automatic),81.5,5553.25,No,0.0115,Low,11.25
6022-KOUQO,Female,0,Yes,Yes,2,0-12,Month-to-month,DSL,Bank transfer (automatic),29.05,44.75,No,0.3228,Medium,112.53
6352-TWCAU,Female,0,No,No,35,25-48,Month-to-month,Fiber optic,Electronic check,86.45,3029.1,Yes,0.5676,High,588.83
2361-UPSND,Female,0,Yes,No,46,25-48,One year,DSL,Mailed check,70.6,3231.05,No,0.0258,Low,21.86
6035-RIIOM,Female,0,No,No,54,49+,Two year,Fiber optic,Bank transfer (automatic),97.2,5129.45,No,0.1428,Low,166.56
2929-QNSRW,Female,0,Yes,No,56,49+,One year,Fiber optic,Electronic check,98.25,5508.35,Yes,0.3175,Medium,374.33
1262-OPMFY,Female,0,Yes,No,9,0-12,Month-to-month,Fiber optic,Bank transfer (automatic),75.75,655.9,Yes,0.5391,High,490.04
9504-DSHWM,Male,0,No,No,20,13-24,Month-to-month,DSL,Bank transfer (automatic),59.2,1191.2,No,0.1333,Low,94.7
5035-BVCXS,Male,0,No,No,11,0-12,Month-to-month,Fiber optic,Mailed check,75.9,866.4,No,0.5099,High,464.42
6267-DCFFZ,Female,1,Yes,No,30,25-48,Month-to-month,Fiber optic,Electronic check,90.05,2627.2,No,0.6138,High,663.27
3533-UVMOM,Male,0,Yes,No,68,49+,Two year,DSL,Bank transfer (automatic),70.95,4741.45,No,0.0082,Low,6.98
2439-LYPMQ,Male,1,Yes,No,38,25-48,Month-to-month,Fiber optic,Electronic check,102.6,4009.2,No,0.657,High,808.9
4248-QPAVC,Female,1,Yes,No,17,13-24,Month-to-month,Fiber optic,Bank transfer (automatic),85.35,1463.45,Yes,0.4878,Medium,499.6
1899-VXWXM,Male,0,No,No,48,25-48,One year,Fiber optic,Credit card (automatic),106.1,5082.8,Yes,0.2686,Low,341.98
1478-VPOAD,Female,0,No,No,1,0-12,Month-to-month,DSL,Electronic check,43.8,43.8,No,0.4289,Medium,225.43
9995-HOTOH,Male,0,Yes,Yes,63,49+,Two year,DSL,Electronic check,59.0,3707.6,No,0.0224,Low,15.86
2988-PLAHS,Female,0,No,No,3,0-12,One year,DSL,Electronic check,69.95,220.45,No,0.4225,Medium,354.65
1371-OJCEK,Female,0,No,No,48,25-48,One year,No,Bank transfer (automatic),24.35,1133.7,No,0.0173,Low,5.06
4999-IEZLT,Male,0,No,No,66,49+,One year,DSL,Credit card (automatic),29.45,1983.15,No,0.0172,Low,6.08
8883-ANODQ,Female,0,Yes,Yes,68,49+,Two year,Fiber optic,Credit card (automatic),84.4,5746.75,No,0.0413,Low,41.83
4690-LLKUA,Male,1,No,No,17,13-24,Month-to-month,DSL,Electronic check,45.05,770.6,Yes,0.3941,Medium,213.05
2351-RRBUE,Female,0,Yes,Yes,7,0-12,One year,No,Mailed check,20.65,134.05,No,0.0657,Low,16.28
5980-BDHPY,Male,0,Yes,No,72,49+,Two year,DSL,Bank transfer (automatic),87.1,6230.1,No,0.0172,Low,17.98
1498-DQNRX,Female,0,Yes,No,29,25-48,Month-to-month,No,Mailed check,19.85,573.05,No,0.0624,Low,14.86
9469-WEJBT,Male,0,Yes,No,37,25-48,Month-to-month,Fiber optic,Electronic check,90.35,3419.3,No,0.4103,Medium,444.85
3331-HQDTW,Female,0,No,No,34,25-48,Month-to-month,Fiber optic,Mailed check,109.8,3587.25,Yes,0.4426,Medium,583.17
9490-DFPMD,Female,1,No,No,42,25-48,Month-to-month,Fiber optic,Electronic check,84.65,3541.35,Yes,0.5582,High,567.02
2581-VKIRT,Female,0,Yes,Yes,59,49+,One year,DSL,Mailed check,65.5,3801.3,No,0.0132,Low,10.38
5442-XSDCW,Male,0,Yes,Yes,11,0-12,Month-to-month,Fiber optic,Bank transfer (automatic),79.5,868.5,Yes,0.5501,High,524.8
7426-WEIJX,Male,1,Yes,Yes,60,49+,Month-to-month,Fiber optic,Electronic check,80.95,4859.1,No,0.2236,Low,217.21
2851-MMUTZ,Female,0,No,No,27,25-48,Month-to-month,DSL,Mailed check,56.15,1439.35,No,0.1371,Low,92.38
3049-NDXFL,Female,0,No,No,1,0-12,Month-to-month,Fiber optic,Mailed check,85.8,85.8,Yes,0.6597,High,679.23
8580-AECUZ,Male,1,No,No,1,0-12,Month-to-month,Fiber optic,Electronic check,79.1,79.1,Yes,0.7808,High,741.14
3307-TLCUD,Male,0,Yes,No,17,13-24,Month-to-month,DSL,Mailed check,34.4,592.75,No,0.2404,Low,99.24
6625-FLENO,Male,0,Yes,No,58,49+,Two year,No,Mailed check,20.75,1185.95,No,0.0045,Low,1.12
2967-MXRAV,Male,0,Yes,Yes,1,0-12,One year,No,Mailed check,18.8,18.8,No,0.0911,Low,20.55
7963-GQRMY,Female,0,Yes,Yes,3,0-12,Month-to-month,DSL,Mailed check,44.3,134.5,Yes,0.2904,Low,154.38
8189-HBVRW,Female,0,No,No,53,49+,Month-to-month,Fiber optic,Electronic check,90.8,4921.2,No,0.194,Low,211.38
4163-KIUHY,Male,0,No,No,35,25-48,Month-to-month,No,Electronic check,25.6,901.25,No,0.1194,Low,36.68
1228-FZFRV,Male,0,Yes,Yes,50,49+,Month-to-month,Fiber optic,Credit card (automatic),105.95,5341.8,Yes,0.2389,Low,303.74
3500-NSDOA,Male,0,Yes,Yes,68,49+,Two year,DSL,Credit card (automatic),70.8,4859.95,No,0.0095,Low,8.07
1171-TYKUR,Male,0,Yes,No,47,25-48,Month-to-month,No,Electronic check,25.4,1139.2,No,0.0526,Low,16.03
3761-FLYZI,Female,1,Yes,No,65,49+,Month-to-month,Fiber optic,Bank transfer (automatic),108.8,7082.45,No,0.3519,Medium,459.44
2058-DCJBE,Male,0,No,No,5,0-12,Month-to-month,Fiber optic,Electronic check,69.75,324.6,Yes,0.6768,High,566.48
5364-XYIRR,Male,0,Yes,No,51,49+,Month-to-month,Fiber optic,Electronic check,94.65,4812.75,Yes,0.5473,High,621.62
4829-AUOAX,Female,0,No,No,46,25-48,Month-to-month,Fiber optic,Bank transfer (automatic),96.05,4399.5,Yes,0.3794,Medium,437.3
1219-NNDDO,Female,0,No,No,9,0-12,Month-to-month,Fiber optic,Electronic check,76.85,663.55,No,0.6927,High,638.81
8388-DMKAE,Female,0,No,No,8,0-12,Two year,No,Mailed check,20.25,174.65,No,0.0412,Low,10.01
4403-BWPAY,Male,0,No,No,14,13-24,One year,No,Credit card (automatic),24.8,321.7,No,0.1029,Low,30.62
9659-QEQSY,Female,0,No,No,45,25-48,Month-to-month,Fiber optic,Electronic check,115.65,5125.5,No,0.3705,Medium,514.18
5405-ZMYXQ,Female,0,No,No,8,0-12,Month-to-month,Fiber optic,Credit card (automatic),74.6,548.9,No,0.6202,High,555.2
5047-LHVLY,Male,1,No,Yes,1,0-12,Month-to-month,DSL,Mailed check,50.15,50.15,Yes,0.4099,Medium,246.68
1442-OKRJE,Male,0,Yes,Yes,66,49+,One year,Fiber optic,Bank transfer (automatic),103.15,7031.3,No,0.0944,Low,116.85
4737-AQCPU,Male,0,Yes,Yes,72,49+,Two year,DSL,Credit card (automatic),72.1,5016.65,No,0.0039,Low,3.37
9158-VCTQB,Female,0,Yes,No,41,25-48,Month-to-month,Fiber optic,Bank transfer (automatic),113.6,4594.95,Yes,0.3213,Medium,438.0
2808-CHTDM,Female,0,Yes,Yes,23,13-24,Two year,No,Mailed check,25.1,611.45,No,0.0237,Low,7.14
6311-UEUME,Female,0,No,No,29,25-48,Month-to-month,Fiber optic,Electronic check,78.9,2384.15,Yes,0.5552,High,525.66
0793-TWELN,Female,0,No,No,4,0-12,Month-to-month,Fiber optic,Electronic check,80.15,319.85,No,0.6486,High,623.82
3283-WCWXT,Male,0,Yes,Yes,6,0-12,Two year,No,Mailed check,25.4,153.3,No,0.0495,Low,15.09
1060-ENTOF,Female,1,Yes,No,67,49+,One year,Fiber optic,Credit card (automatic),105.4,7035.6,No,0.0852,Low,107.76
0999-QXNSA,Male,1,No,Yes,7,0-12,Month-to-month,DSL,Mailed check,45.75,344.2,No,0.3596,Medium,197.42
5451-MHQOF,Male,0,Yes,Yes,56,49+,One year,No,Mailed check,24.45,1431.65,No,0.0161,Low,4.72
4836-WNFNO,Female,0,Yes,No,72,49+,Two year,No,Credit card (automatic),25.0,1849.2,No,0.0031,Low,0.93
9225-BZLNZ,Male,0,Yes,No,72,49+,Two year,DSL,Electronic check,85.25,6083.1,No,0.0318,Low,32.53
0354-VXMJC,Male,0,Yes,Yes,23,13-24,Two year,No,Credit card (automatic),19.6,426.65,No,0.016,Low,3.76
4422-QVIJA,Female,0,No,Yes,35,25-48,Month-to-month,DSL,Mailed check,50.15,1655.35,No,0.1274,Low,76.67
9365-SRSZE,Male,1,Yes,No,27,25-48,Month-to-month,Fiber optic,Electronic check,70.55,1943.9,No,0.5344,High,452.42
6839-ITVZJ,Female,0,Yes,Yes,26,25-48,Month-to-month,DSL,Electronic check,60.05,1616.15,Yes,0.2093,Low,150.82
8332-OSJDW,Male,0,Yes,Yes,12,0-12,One year,No,Mailed check,26.4,314.95,No,0.0703,Low,22.27
4735-BJKOU,Female,0,No,No,40,25-48,Two year,No,Mailed check,20.15,804.85,No,0.0098,Low,2.37
0274-JKUJR,Male,0,Yes,Yes,7,0-12,Month-to-month,DSL,Mailed check,58.85,465.7,No,0.3499,Medium,247.1
5740-YHGTW,Male,0,Yes,Yes,70,49+,Month-to-month,Fiber optic,Credit card (automatic),97.55,6669.05,No,0.1298,Low,151.94
8917-SZTTJ,Male,0,Yes,Yes,60,49+,Two year,No,Credit card (automatic),19.65,1161.75,No,0.003,Low,0.71
1696-MZVAU,Male,0,Yes,Yes,39,25-48,One year,DSL,Credit card (automatic),25.25,947.75,No,0.0828,Low,25.09
7359-WWYJV,Male,0,Yes,No,72,49+,Two year,Fiber optic,Credit card (automatic),114.45,8375.05,No,0.038,Low,52.19
0375-HVGXO,Female,0,No,No,1,0-12,Month-to-month,DSL,Electronic check,34.7,34.7,Yes,0.6988,High,290.98
4906-ZHGPK,Male,0,Yes,Yes,54,49+,One year,DSL,Electronic check,70.7,3770.0,No,0.0611,Low,51.84
8593-WHYHV,Male,0,No,No,3,0-12,Month-to-month,Fiber optic,Electronic check,85.3,264.8,Yes,0.7885,High,807.11
3795-GWTRD,Female,0,Yes,Yes,63,49+,Two year,DSL,Credit card (automatic),75.55,4707.85,No,0.0055,Low,4.99
1298-PHBTI,Male,0,Yes,Yes,71,49+,Two year,Fiber optic,Electronic check,84.8,6152.4,No,0.0426,Low,43.35
6223-DHJGV,Female,0,No,No,42,25-48,One year,No,Mailed check,20.65,958.1,No,0.0252,Low,6.24
6961-MJKBO,Male,0,No,No,47,25-48,Two year,No,Bank transfer (automatic),20.45,943.0,No,0.0067,Low,1.64
6097-EQISJ,Female,0,Yes,Yes,66,49+,One year,Fiber optic,Credit card (automatic),102.45,6615.15,Yes,0.1574,Low,193.51
4423-YLHDV,Female,0,Yes,No,21,13-24,Month-to-month,Fiber optic,Bank transfer (automatic),104.4,2200.25,Yes,0.5611,High,702.95
8158-WPEZG,Male,0,No,No,11,0-12,Month-to-month,DSL,Electronic check,35.65,425.1,No,0.4124,Medium,176.42
0107-YHINA,Male,0,No,Yes,1,0-12,Month-to-month,Fiber optic,Electronic check,99.75,99.75,Yes,0.7942,High,950.66
4918-FYJNT,Female,1,Yes,No,55,49+,Month-to-month,Fiber optic,Electronic check,90.45,5044.8,No,0.2195,Low,238.25
0727-BNRLG,Male,0,No,No,69,49+,Two year,Fiber optic,Credit card (automatic),97.65,6743.55,No,0.0551,Low,64.57
4854-CIDCF,Female,1,No,No,3,0-12,Month-to-month,Fiber optic,Electronic check,73.85,196.4,No,0.6337,High,561.58
8640-SDGKB,Male,0,No,No,4,0-12,Month-to-month,DSL,Electronic check,74.4,299.7,Yes,0.5059,High,451.67
3280-MRDOF,Male,1,No,No,30,25-48,Two year,DSL,Credit card (automatic),69.1,2093.9,No,0.0793,Low,65.76
6435-SRWBJ,Female,0,No,No,5,0-12,Month-to-month,Fiber optic,Electronic check,82.75,417.75,No,0.6613,High,656.67
9964-WBQDJ,Female,0,Yes,No,71,49+,Two year,No,Credit card (automatic),24.4,1725.4,No,0.0046,Low,1.35
6303-KFWSL,Female,0,No,No,29,25-48,One year,DSL,Electronic check,55.25,1620.2,No,0.1665,Low,110.39
1702-CCFNJ,Male,0,Yes,No,52,49+,Month-to-month,DSL,Bank transfer (automatic),61.35,3169.55,No,0.0556,Low,40.93
8932-CZHRQ,Male,0,No,No,68,49+,One year,DSL,Credit card (automatic),76.75,5233.25,No,0.0216,Low,19.89
0386-CWRGM,Female,0,Yes,Yes,46,25-48,Two year,No,Mailed check,19.4,967.85,No,0.0063,Low,1.47
5515-RUGKN,Male,0,No,No,8,0-12,Month-to-month,DSL,Credit card (automatic),54.75,438.05,No,0.4062,Medium,266.87
0404-AHASP,Male,0,Yes,No,72,49+,Two year,No,Credit card (automatic),19.7,1421.9,No,0.0022,Low,0.52
7279-NMVJC,Female,0,No,No,17,13-24,One year,No,Bank transfer (automatic),19.9,323.15,No,0.049,Low,11.7
2081-VEYEH,Male,0,No,No,3,0-12,Month-to-month,Fiber optic,Electronic check,107.95,318.6,No,0.6438,High,833.98
6407-UTSLV,Female,1,No,No,2,0-12,Month-to-month,Fiber optic,Bank transfer (automatic),83.8,163.7,No,0.6603,High,664.0
4116-TZAQJ,Female,0,No,No,9,0-12,Month-to-month,Fiber optic,Credit card (automatic),74.25,639.65,Yes,0.4406,Medium,392.57
9060-HJJRW,Female,0,No,No,51,49+,One year,DSL,Credit card (automatic),56.4,2928.5,No,0.1007,Low,68.15
2587-YNLES,Female,0,Yes,Yes,6,0-12,Two year,No,Mailed check,20.1,100.35,No,0.0368,Low,8.88
7398-SKNQZ,Female,0,Yes,No,3,0-12,Month-to-month,Fiber optic,Electronic check,94.9,273.2,No,0.7652,High,871.41
5935-FCCNB,Female,1,No,No,17,13-24,Month-to-month,Fiber optic,Electronic check,94.2,1608.15,No,0.7844,High,886.69
1958-RNRKS,Male,0,Yes,No,30,25-48,Month-to-month,DSL,Electronic check,49.9,1441.95,No,0.2431,Low,145.57
5136-RGMZO,Male,0,No,No,31,25-48,Month-to-month,DSL,Electronic check,71.05,2168.15,No,0.2615,Low,222.95
8345-MVDYC,Female,0,No,No,45,25-48,Two year,DSL,Bank transfer (automatic),81.65,3618.7,No,0.0192,Low,18.81
8226-BXGES,Male,0,Yes,No,64,49+,One year,Fiber optic,Bank transfer (automatic),89.45,5692.65,No,0.057,Low,61.18
3877-JRJIP,Male,0,No,No,1,0-12,Month-to-month,DSL,Electronic check,59.85,59.85,Yes,0.6421,High,461.16
8375-DKEBR,Female,1,No,No,1,0-12,Month-to-month,Fiber optic,Electronic check,69.6,69.6,Yes,0.7328,High,612.03
9705-IOVQQ,Male,1,Yes,Yes,61,49+,One year,Fiber optic,Electronic check,99.0,5969.3,No,0.2031,Low,241.28
1015-OWJKI,Male,0,No,No,1,0-12,Month-to-month,No,Mailed check,19.05,19.05,No,0.1978,Low,45.22
7511-YMXVQ,Male,0,No,No,9,0-12,Month-to-month,DSL,Electronic check,45.4,418.8,Yes,0.6788,High,369.81
2040-XBAVJ,Male,0,Yes,Yes,72,49+,Two year,Fiber optic,Bank transfer (automatic),114.45,8100.55,No,0.0296,Low,40.65
7551-JOHTI,Female,0,No,No,1,0-12,Month-to-month,No,Mailed check,19.5,19.5,Yes,0.1922,Low,44.97
8887-IPQNC,Female,0,Yes,No,7,0-12,Month-to-month,DSL,Mailed check,44.25,313.45,No,0.3879,Medium,205.97
8646-JCOMS,Female,0,Yes,No,66,49+,One year,Fiber optic,Bank transfer (automatic),90.55,6130.95,No,0.0801,Low,87.04
9804-ICWBG,Male,0,No,No,1,0-12,Month-to-month,Fiber optic,Electronic check,69.9,69.9,Yes,0.7065,High,592.61
1222-KJNZD,Male,0,Yes,Yes,40,25-48,Month-to-month,No,Bank transfer (automatic),20.4,745.3,No,0.041,Low,10.04
0106-GHRQR,Male,0,No,No,16,13-24,Month-to-month,DSL,Bank transfer (automatic),71.4,1212.1,No,0.3634,Medium,311.36
5318-IXUZF,Female,0,No,No,2,0-12,Month-to-month,Fiber optic,Bank transfer (automatic),87.15,183.75,Yes,0.6043,High,631.98
3768-VHXQO,Male,0,Yes,No,67,49+,Two year,No,Credit card (automatic),24.85,1583.5,No,0.0038,Low,1.13
8952-WCVCD,Female,0,Yes,No,41,25-48,One year,Fiber optic,Bank transfer (automatic),104.45,4162.05,No,0.1846,Low,231.38
2418-TPEUN,Female,0,Yes,Yes,56,49+,Two year,No,Credit card (automatic),19.8,1119.9,No,0.0051,Low,1.21
3963-RYFNS,Female,0,No,No,72,49+,Two year,Fiber optic,Bank transfer (automatic),116.45,8013.55,No,0.0467,Low,65.26
3198-VELRD,Female,0,Yes,Yes,3,0-12,Month-to-month,Fiber optic,Bank transfer (automatic),84.75,264.85,Yes,0.6731,High,684.54
8540-ZQGEA,Female,0,Yes,No,54,49+,Two year,No,Credit card (automatic),20.05,1102.4,No,0.0048,Low,1.15
1320-REHCS,Male,1,No,No,52,49+,Month-to-month,Fiber optic,Electronic check,110.75,5832.0,No,0.4663,Medium,619.71
4137-JOPHL,Female,0,No,No,50,49+,Two year,Fiber optic,Bank transfer (automatic),89.7,4304.5,No,0.0693,Low,74.59
9436-ZBZCT,Male,0,No,No,14,13-24,Month-to-month,Fiber optic,Electronic check,89.95,1178.4,Yes,0.647,High,698.37
7801-CEDNV,Male,0,Yes,No,27,25-48,One year,DSL,Credit card (automatic),48.7,1421.75,No,0.0584,Low,34.13
2057-BOYKM,Female,1,Yes,No,72,49+,Two year,Fiber optic,Bank transfer (automatic),96.6,6827.5,No,0.0274,Low,31.76
3658-QQJYD,Male,0,No,No,62,49+,One year,DSL,Credit card (automatic),74.3,4698.05,No,0.0389,Low,34.68
1803-BGNBD,Female,0,No,No,12,0-12,Month-to-month,DSL,Electronic check,54.3,654.5,No,0.2893,Low,188.51
0134-XWXCE,Female,1,No,No,44,25-48,One year,DSL,Bank transfer (automatic),74.85,3268.05,No,0.0648,Low,58.2
6950-TWMYB,Male,0,Yes,Yes,54,49+,Two year,Fiber optic,Bank transfer (automatic),79.95,4362.05,No,0.0344,Low,33.0
5848-FHRFC,Female,0,No,No,68,49+,Two year,No,Bank transfer (automatic),20.05,1386.9,No,0.0026,Low,0.63
2243-FNMMI,Male,0,No,No,20,13-24,Month-to-month,No,Mailed check,19.4,415.4,No,0.093,Low,21.65
2511-MORQY,Male,0,Yes,Yes,50,49+,One year,DSL,Bank transfer (automatic),54.9,2614.1,No,0.038,Low,25.03
5356-KZCKT,Male,0,No,No,58,49+,Two year,No,Credit card (automatic),24.45,1513.6,No,0.0084,Low,2.46
9470-XCCEM,Male,0,Yes,Yes,35,25-48,Month-to-month,Fiber optic,Bank transfer (automatic),89.65,3161.6,No,0.4044,Medium,435.05
6519-CFDBX,Female,0,No,No,2,0-12,Month-to-month,DSL,Electronic check,45.4,80.95,No,0.4982,Medium,271.42
3902-MIVLE,Male,0,Yes,Yes,63,49+,Two year,DSL,Mailed check,75.7,4676.7,No,0.0098,Low,8.9
0409-WTMPL,Female,0,Yes,No,58,49+,One year,Fiber optic,Credit card (automatic),110.65,6526.65,No,0.1692,Low,224.66
8763-KIAFH,Female,0,Yes,Yes,27,25-48,One year,No,Mailed check,20.55,583.3,No,0.0397,Low,9.79
3669-WHAFY,Female,0,Yes,No,71,49+,Two year,Fiber optic,Credit card (automatic),115.15,8078.1,No,0.0511,Low,70.61
3055-VTCGS,Female,0,No,No,63,49+,One year,DSL,Credit card (automatic),58.55,3503.5,No,0.0277,Low,19.46
3144-KMTWZ,Male,0,Yes,No,71,49+,Month-to-month,Fiber optic,Bank transfer (automatic),93.25,6669.45,No,0.2351,Low,263.08
7279-BUYWN,Female,1,No,No,41,25-48,Month-to-month,Fiber optic,Electronic check,113.2,4689.5,Yes,0.503,High,683.28
7156-MHUGY,Male,1,No,No,13,13-24,Month-to-month,Fiber optic,Electronic check,90.5,1201.15,Yes,0.75,High,814.5
7198-GLXTC,Male,0,No,No,2,0-12,Month-to-month,Fiber optic,Electronic check,79.0,143.65,Yes,0.6734,High,638.38
2007-QVGAW,Female,0,Yes,Yes,68,49+,Two year,No,Bank transfer (automatic),19.35,1292.65,No,0.003,Low,0.7
5207-PLSTK,Male,0,Yes,Yes,1,0-12,Month-to-month,DSL,Mailed check,48.75,48.75,No,0.304,Medium,177.84
2307-FYNNL,Male,1,No,No,65,49+,Two year,Fiber optic,Electronic check,109.05,7108.2,No,0.1122,Low,146.82
5605-XNWEN,Male,1,Yes,No,72,49+,Two year,No,Bank transfer (automatic),25.0,1802.55,No,0.0053,Low,1.59
2155-AMQRX,Female,0,No,No,28,25-48,Month-to-month,DSL,Credit card (automatic),54.9,1505.15,No,0.185,Low,121.88
6181-AXXYF,Male,0,Yes,Yes,72,49+,Two year,No,Credit card (automatic),24.75,1859.1,No,0.0025,Low,0.74
5091-HFAZW,Female,0,No,No,2,0-12,Month-to-month,Fiber optic,Electronic check,91.15,168.5,No,0.6007,High,657.05
0516-VRYBW,Female,0,No,Yes,18,13-24,One year,No,Bank transfer (automatic),20.15,390.85,Yes,0.0379,Low,9.16
2519-LBNQL,Male,1,Yes,No,60,49+,One year,Fiber optic,Electronic check,104.35,6339.45,No,0.3344,Medium,418.74
8623-ULFNQ,Female,1,No,No,26,25-48,Month-to-month,DSL,Electronic check,66.05,1652.4,No,0.3535,Medium,280.18
8380-PEFPE,Male,0,No,Yes,1,0-12,Month-to-month,Fiber optic,Electronic check,71.65,71.65,Yes,0.6454,High,554.91
5687-DKDTV,Female,0,No,No,4,0-12,Month-to-month,No,Mailed check,20.35,77.5,Yes,0.168,Low,41.03
1568-LJSZU,Male,0,Yes,Yes,68,49+,Two year,DSL,Credit card (automatic),92.2,6392.85,No,0.0145,Low,16.04
7530-HDYDS,Female,0,No,No,38,25-48,Month-to-month,Fiber optic,Credit card (automatic),84.25,3264.5,Yes,0.2187,Low,221.11
7789-HKSBS,Female,1,Yes,No,42,25-48,One year,Fiber optic,Bank transfer (automatic),105.2,4599.15,No,0.2986,Low,376.95
7416-CKTEP,Female,0,Yes,No,57,49+,Two year,No,Bank transfer (automatic),19.6,1134.25,No,0.0063,Low,1.48
2586-CWXVV,Male,0,Yes,No,54,49+,Month-to-month,DSL,Electronic check,30.4,1621.35,No,0.0983,Low,35.86
3096-IZETN,Female,0,No,No,12,0-12,Month-to-month,Fiber optic,Bank transfer (automatic),78.1,947.3,Yes,0.5058,High,474.04
2348-KCJLT,Female,0,Yes,No,44,25-48,One year,DSL,Mailed check,61.5,2722.2,No,0.0395,Low,29.15
8401-EMUWF,Male,0,Yes,Yes,42,25-48,Month-to-month,DSL,Bank transfer (automatic),69.4,3058.3,No,0.1213,Low,101.02
4193-IBKSW,Male,0,Yes,Yes,72,49+,Two year,No,Bank transfer (automatic),24.75,1769.6,No,0.0026,Low,0.77
5377-NDTOU,Female,0,Yes,Yes,71,49+,Two year,DSL,Mailed check,91.05,6293.75,No,0.0096,Low,10.49
5922-ABDVO,Female,0,Yes,No,19,13-24,Month-to-month,Fiber optic,Mailed check,89.65,1761.05,Yes,0.5373,High,578.03
2474-LCNUE,Female,0,Yes,No,23,13-24,Month-to-month,DSL,Credit card (automatic),73.65,1642.75,No,0.3325,Medium,293.86
0839-QNXME,Female,0,No,No,30,25-48,Two year,No,Credit card (automatic),19.4,578.5,No,0.0141,Low,3.28
3506-OVLKD,Male,0,No,No,35,25-48,One year,No,Bank transfer (automatic),26.2,954.9,No,0.0304,Low,9.56
9172-ANCRX,Female,0,No,No,10,0-12,Month-to-month,Fiber optic,Electronic check,98.7,973.25,Yes,0.7204,High,853.24
6650-VJONK,Male,0,No,No,1,0-12,Month-to-month,DSL,Bank transfer (automatic),43.85,43.85,No,0.4307,Medium,226.63
2178-PMGCJ,Male,0,No,No,22,13-24,Month-to-month,Fiber optic,Mailed check,69.7,1490.4,No,0.4604,Medium,385.08
7492-TAFJD,Male,0,Yes,Yes,7,0-12,Two year,DSL,Mailed check,38.55,280.0,No,0.0782,Low,36.18
2773-MADBQ,Female,0,No,No,36,25-48,Two year,DSL,Mailed check,53.1,1901.25,No,0.0412,Low,26.25
6016-LVTJQ,Female,0,Yes,Yes,34,25-48,Month-to-month,No,Mailed check,20.65,716.4,No,0.0399,Low,9.89
7860-KSUGX,Male,0,Yes,Yes,72,49+,Two year,DSL,Credit card (automatic),64.45,4720.0,No,0.0057,Low,4.41
8966-KZXXA,Male,0,Yes,Yes,36,25-48,Two year,No,Credit card (automatic),25.1,930.95,No,0.0123,Low,3.7
6910-HADCM,Female,0,No,No,1,0-12,Month-to-month,Fiber optic,Electronic check,76.35,76.35,Yes,0.5991,High,548.9
4816-LXZYW,Female,0,No,No,23,13-24,Month-to-month,Fiber optic,Electronic check,79.15,1676.95,Yes,0.56,High,531.89
9606-PBKBQ,Male,1,Yes,No,32,25-48,Month-to-month,Fiber optic,Electronic check,85.0,2642.05,Yes,0.6381,High,650.86
5149-QYTTU,Female,0,Yes,Yes,71,49+,One year,Fiber optic,Credit card (automatic),95.15,6770.85,No,0.0385,Low,43.96
2070-XYMFH,Female,1,No,No,23,13-24,Month-to-month,Fiber optic,Mailed check,79.35,1835.3,No,0.5608,High,533.99
2085-BOJKI,Male,0,Yes,No,17,13-24,One year,Fiber optic,Bank transfer (automatic),96.65,1588.25,No,0.4255,Medium,493.49
0817-HSUSE,Male,0,No,No,1,0-12,Month-to-month,DSL,Electronic check,75.5,75.5,No,0.5226,High,473.48
5442-PPTJY,Male,0,Yes,Yes,12,0-12,Two year,No,Mailed check,19.7,258.35,No,0.0294,Low,6.95
1927-QEWMY,Female,0,Yes,No,72,49+,Two year,No,Credit card (automatic),20.5,1502.25,No,0.0021,Low,0.52
1663-MHLHE,Male,0,No,No,1,0-12,Month-to-month,No,Mailed check,19.2,19.2,No,0.1971,Low,45.41
5663-QBGIS,Male,1,Yes,No,72,49+,Two year,Fiber optic,Bank transfer (automatic),98.35,6929.4,No,0.0752,Low,88.75
4450-MDZFX,Male,0,Yes,Yes,60,49+,Month-to-month,Fiber optic,Bank transfer (automatic),74.35,4453.3,No,0.1469,Low,131.06
6701-DHKWQ,Female,0,Yes,Yes,61,49+,Two year,DSL,Credit card (automatic),51.35,3244.4,No,0.0114,Low,7.02
7554-AKDQF,Female,0,Yes,No,6,0-12,Month-to-month,DSL,Mailed check,45.65,323.45,No,0.3065,Medium,167.9
3536-IQCTX,Male,1,Yes,No,32,25-48,Month-to-month,Fiber optic,Electronic check,85.3,2661.1,Yes,0.5479,High,560.83
4911-BANWH,Female,0,No,Yes,31,25-48,Month-to-month,Fiber optic,Credit card (automatic),86.55,2697.4,Yes,0.4387,Medium,455.63
8496-EJAUI,Male,0,No,No,19,13-24,Month-to-month,Fiber optic,Credit card (automatic),73.85,1424.5,Yes,0.4297,Medium,380.8
0794-YVSGE,Male,0,Yes,Yes,72,49+,Two year,No,Bank transfer (automatic),20.3,1401.15,No,0.0017,Low,0.41
5423-BHIXO,Female,0,No,No,32,25-48,Month-to-month,DSL,Electronic check,54.2,1739.6,No,0.2691,Low,175.02
6908-VVYHM,Male,0,Yes,No,65,49+,Month-to-month,Fiber optic,Electronic check,90.65,5931.0,No,0.3334,Medium,362.67
2959-EEXWB,Female,0,Yes,Yes,45,25-48,Month-to-month,DSL,Bank transfer (automatic),50.9,2333.85,No,0.1567,Low,95.71
1839-UMACK,Male,0,No,No,42,25-48,One year,No,Electronic check,25.05,949.85,No,0.0324,Low,9.74
3030-YDNRM,Male,0,No,No,8,0-12,Month-to-month,Fiber optic,Electronic check,74.85,572.45,No,0.7162,High,643.29
7321-KKSDU,Male,0,No,Yes,32,25-48,Two year,No,Mailed check,20.5,696.8,No,0.0115,Low,2.83
3402-XRIUO,Female,1,Yes,No,22,13-24,Month-to-month,DSL,Mailed check,63.55,1381.8,No,0.1828,Low,139.4
3132-TVFDZ,Male,1,Yes,No,57,49+,Month-to-month,DSL,Electronic check,44.85,2572.95,Yes,0.269,Low,144.78
8286-AFUYI,Male,0,No,No,1,0-12,Month-to-month,DSL,Electronic check,47.95,47.95,No,0.3401,Medium,195.69
8080-DDEMJ,Male,1,No,No,1,0-12,Month-to-month,DSL,Electronic check,45.1,45.1,Yes,0.4601,Medium,249.01
8356-WUAOJ,Female,0,Yes,No,1,0-12,Month-to-month,DSL,Electronic check,45.0,45.0,No,0.5173,High,279.34
6365-MTGZX,Male,0,No,No,24,13-24,Month-to-month,Fiber optic,Electronic check,96.0,2122.45,Yes,0.5549,High,639.24
1349-WXNGG,Male,0,No,No,1,0-12,Month-to-month,No,Bank transfer (automatic),20.05,20.05,Yes,0.1813,Low,43.62
8058-DMYRU,Male,1,No,No,54,49+,Month-to-month,Fiber optic,Electronic check,90.05,4931.8,No,0.4441,Medium,479.89
9350-ZXYJC,Female,0,No,No,4,0-12,Two year,No,Credit card (automatic),25.3,116.95,No,0.0821,Low,24.93
6990-YNRIO,Male,0,Yes,Yes,65,49+,Two year,Fiber optic,Bank transfer (automatic),108.65,6937.95,Yes,0.0393,Low,51.24
8958-JPTRR,Female,0,Yes,No,56,49+,One year,No,Electronic check,24.3,1261.7,No,0.0178,Low,5.19
6959-GQEGV,Male,0,No,No,45,25-48,Month-to-month,DSL,Electronic check,75.95,3273.8,No,0.1872,Low,170.61
3173-WSSUE,Female,0,Yes,Yes,71,49+,Two year,No,Credit card (automatic),19.7,1415.85,No,0.0018,Low,0.43
1265-HVPZB,Male,0,Yes,No,59,49+,One year,DSL,Credit card (automatic),66.4,3958.2,No,0.0231,Low,18.41
4115-UMJFQ,Male,0,No,No,69,49+,One year,DSL,Bank transfer (automatic),35.75,2492.25,No,0.0275,Low,11.8
7369-TRPFD,Male,0,No,No,19,13-24,One year,No,Mailed check,18.8,279.2,No,0.0501,Low,11.3
1098-KFQEC,Female,0,Yes,Yes,55,49+,Two year,No,Credit card (automatic),19.4,1083.0,No,0.0037,Low,0.86
7190-XHTWJ,Female,0,No,No,38,25-48,One year,No,Mailed check,19.3,755.5,No,0.0213,Low,4.93
0621-TWIEM,Male,0,No,No,10,0-12,Month-to-month,DSL,Electronic check,45.55,402.6,Yes,0.4208,Medium,230.01
3537-RYBHH,Female,1,Yes,No,47,25-48,Month-to-month,DSL,Credit card (automatic),67.45,3252.0,No,0.0972,Low,78.67
2485-ITVKB,Female,0,Yes,No,2,0-12,Month-to-month,DSL,Electronic check,35.1,68.75,Yes,0.6917,High,291.34
3669-OYSJI,Male,0,No,No,1,0-12,Month-to-month,DSL,Credit card (automatic),46.2,46.2,Yes,0.3203,Medium,177.57
1612-EOHDH,Female,0,No,No,1,0-12,Month-to-month,DSL,Electronic check,45.15,45.15,Yes,0.4189,Medium,226.96
6702-OHFWR,Male,1,No,No,1,0-12,Month-to-month,DSL,Electronic check,43.3,43.3,Yes,0.6969,High,362.11
5296-BFCYD,Male,0,Yes,Yes,46,25-48,Two year,No,Mailed check,20.1,936.85,No,0.009,Low,2.17
4510-PYUSH,Female,1,No,No,38,25-48,Month-to-month,DSL,Credit card (automatic),57.15,2250.65,Yes,0.0947,Low,64.95
9359-JANWS,Female,0,Yes,No,65,49+,Two year,DSL,Credit card (automatic),58.9,3857.1,No,0.0052,Low,3.68
7517-SAWMO,Female,0,Yes,No,19,13-24,Month-to-month,Fiber optic,Electronic check,73.2,1441.1,Yes,0.4769,Medium,418.91
4143-HHPMK,Male,0,No,No,52,49+,Month-to-month,Fiber optic,Electronic check,85.35,4338.6,Yes,0.3329,Medium,340.96
3279-DYZQM,Male,0,Yes,Yes,71,49+,Two year,No,Mailed check,19.45,1378.45,No,0.002,Low,0.47
7054-LGEQW,Female,0,No,No,1,0-12,Month-to-month,DSL,Mailed check,45.95,45.95,Yes,0.3411,Medium,188.08
0523-VNGTF,Female,1,No,No,52,49+,Month-to-month,DSL,Electronic check,50.5,2566.3,No,0.1642,Low,99.51
9575-IWCAZ,Male,0,Yes,No,6,0-12,One year,No,Mailed check,25.1,171.0,No,0.1144,Low,34.46
7105-MXJLL,Female,1,Yes,No,26,25-48,One year,DSL,Mailed check,60.7,1597.4,No,0.1283,Low,93.45
7064-FRRSW,Male,1,No,No,48,25-48,One year,Fiber optic,Electronic check,99.0,4744.35,No,0.3979,Medium,472.71
7940-UQQUG,Female,0,Yes,Yes,64,49+,One year,Fiber optic,Bank transfer (automatic),104.4,6721.6,No,0.1034,Low,129.54
0923-PNFUB,Female,0,No,No,3,0-12,Month-to-month,Fiber optic,Electronic check,83.75,247.25,Yes,0.6235,High,626.62
3961-SXAXY,Male,0,No,No,1,0-12,Month-to-month,DSL,Bank transfer (automatic),44.05,44.05,No,0.4292,Medium,226.88
7010-BRBUU,Male,0,Yes,Yes,72,49+,Two year,No,Credit card (automatic),24.1,1734.65,No,0.0025,Low,0.72
3566-HJGPK,Male,0,No,No,1,0-12,Month-to-month,DSL,Mailed check,45.55,45.55,No,0.4369,Medium,238.81
3062-ICYZQ,Female,0,Yes,Yes,51,49+,Month-to-month,Fiber optic,Electronic check,93.8,4539.35,No,0.285,Low,320.8
9938-PRCVK,Female,0,Yes,Yes,41,25-48,Two year,No,Bank transfer (automatic),19.7,804.25,No,0.0072,Low,1.7
0973-KYVNF,Female,0,Yes,Yes,72,49+,Two year,DSL,Credit card (automatic),70.65,5011.15,No,0.0078,Low,6.61
5129-HHMZC,Female,0,Yes,No,43,25-48,Two year,DSL,Credit card (automatic),86.45,3574.5,No,0.0242,Low,25.11
9637-CDTKZ,Male,0,Yes,No,72,49+,Two year,Fiber optic,Credit card (automatic),114.1,8086.4,No,0.0513,Low,70.24
3946-JEWRQ,Male,0,Yes,No,47,25-48,One year,Fiber optic,Credit card (automatic),95.2,4563.0,No,0.3099,Medium,354.03
7873-CVMAW,Male,0,No,No,72,49+,Two year,DSL,Credit card (automatic),88.55,6362.35,No,0.0112,Low,11.9
0463-WZZKO,Male,0,No,No,3,0-12,Month-to-month,No,Credit card (automatic),20.75,67.1,No,0.2175,Low,54.16
3494-JCHRQ,Male,0,No,No,1,0-12,Month-to-month,Fiber optic,Electronic check,70.05,70.05,Yes,0.7055,High,593.04
6474-FVJLC,Male,0,No,No,2,0-12,Month-to-month,Fiber optic,Electronic check,86.0,165.45,Yes,0.7896,High,814.87
4524-QCSSM,Male,0,No,No,26,25-48,Month-to-month,DSL,Bank transfer (automatic),44.65,1156.55,No,0.2447,Low,131.11
5832-EXGTT,Male,0,Yes,Yes,29,25-48,Month-to-month,DSL,Mailed check,60.2,1834.15,No,0.1601,Low,115.66
8840-DQLGN,Female,1,Yes,No,35,25-48,Month-to-month,Fiber optic,Bank transfer (automatic),100.5,3653.35,Yes,0.3201,Medium,386.04
2039-JONDJ,Male,0,No,No,27,25-48,One year,DSL,Bank transfer (automatic),55.45,1477.65,No,0.0479,Low,31.87
7217-JYHOQ,Male,0,Yes,Yes,24,13-24,Month-to-month,DSL,Credit card (automatic),70.3,1706.45,No,0.1094,Low,92.29
6695-FRVEC,Male,0,Yes,Yes,67,49+,Two year,DSL,Bank transfer (automatic),60.4,3953.7,No,0.0056,Low,4.06
4547-LYTDD,Female,0,No,No,16,13-24,Month-to-month,Fiber optic,Electronic check,72.65,1194.3,Yes,0.5837,High,508.87
9894-QMIMJ,Female,0,No,No,23,13-24,One year,DSL,Bank transfer (automatic),55.8,1327.85,No,0.0779,Low,52.16
8069-YQQAJ,Male,0,No,No,14,13-24,Month-to-month,DSL,Mailed check,31.1,419.7,No,0.3886,Medium,145.03
6770-XUAGN,Female,0,Yes,Yes,1,0-12,Month-to-month,No,Electronic check,21.0,21.0,Yes,0.2672,Low,67.33
4193-ORFCL,Female,1,No,No,1,0-12,Month-to-month,DSL,Mailed check,45.1,45.1,Yes,0.3801,Medium,205.71
1636-NTNCO,Male,1,No,No,4,0-12,Month-to-month,DSL,Credit card (automatic),50.95,207.35,No,0.6191,High,378.52
3466-WAESX,Male,0,No,Yes,16,13-24,Month-to-month,DSL,Electronic check,69.1,1083.7,No,0.3215,Medium,266.59
9281-PKKZE,Female,0,Yes,No,46,25-48,Month-to-month,DSL,Electronic check,43.95,2007.85,No,0.3292,Medium,173.62
3638-VBZTA,Male,0,No,Yes,68,49+,Two year,DSL,Bank transfer (automatic),86.5,5882.75,No,0.0139,Low,14.43
7459-IMVYU,Male,0,No,No,38,25-48,Month-to-month,DSL,Electronic check,69.95,2657.55,No,0.0907,Low,76.13
7776-QWNFX,Male,1,Yes,No,30,25-48,Month-to-month,DSL,Bank transfer (automatic),50.4,1527.5,Yes,0.1879,Low,113.64
6689-TCZHQ,Female,1,No,No,5,0-12,Month-to-month,Fiber optic,Electronic check,78.95,378.4,Yes,0.6788,High,643.1
8563-OYMQY,Male,0,No,No,17,13-24,Month-to-month,Fiber optic,Credit card (automatic),90.95,1612.2,No,0.4941,Medium,539.26
0754-EEBDC,Male,0,Yes,Yes,4,0-12,Two year,No,Mailed check,19.9,76.65,No,0.0415,Low,9.91
5777-ZPQNC,Female,0,No,No,12,0-12,One year,No,Electronic check,20.15,260.7,No,0.0869,Low,21.01
1951-IEYXM,Male,0,Yes,Yes,72,49+,Two year,DSL,Credit card (automatic),90.6,6441.85,No,0.0126,Low,13.7
3318-NMQXL,Male,0,No,No,3,0-12,Month-to-month,Fiber optic,Electronic check,92.0,266.8,No,0.7688,High,848.76
3143-ILDAL,Male,0,No,No,56,49+,Month-to-month,Fiber optic,Electronic check,94.45,5124.6,Yes,0.3142,Medium,356.11
1022-RKXDR,Female,0,No,No,41,25-48,One year,No,Mailed check,24.85,962.25,No,0.0357,Low,10.65
2361-FJWNO,Male,0,No,No,40,25-48,One year,DSL,Credit card (automatic),36.0,1382.9,No,0.0432,Low,18.66
2272-UOINI,Female,0,No,No,7,0-12,Month-to-month,DSL,Electronic check,78.5,571.05,No,0.3491,Medium,328.85
8232-UTFOZ,Male,0,No,No,69,49+,Two year,No,Credit card (automatic),19.95,1399.35,No,0.0024,Low,0.57
3750-YHRYO,Male,0,Yes,Yes,7,0-12,One year,No,Mailed check,20.65,150.0,No,0.0673,Low,16.68
6637-KYRCV,Female,0,Yes,Yes,5,0-12,Month-to-month,DSL,Electronic check,30.5,167.2,No,0.5103,High,186.77
5668-MEISB,Female,0,Yes,Yes,72,49+,Two year,Fiber optic,Credit card (automatic),106.1,7657.4,No,0.0195,Low,24.83
0129-QMPDR,Male,0,Yes,Yes,44,25-48,One year,No,Bank transfer (automatic),20.5,865.05,No,0.0174,Low,4.28
7188-CBBBA,Female,0,No,No,65,49+,One year,Fiber optic,Electronic check,95.5,6153.85,No,0.1937,Low,221.98
5356-CSVSQ,Female,0,No,No,3,0-12,Month-to-month,DSL,Electronic check,64.6,174.2,No,0.4381,Medium,339.62
3221-CJMSG,Male,0,No,No,24,13-24,Month-to-month,DSL,Credit card (automatic),51.1,1269.6,No,0.1633,Low,100.14
4720-VSTSI,Female,0,No,No,44,25-48,Month-to-month,Fiber optic,Bank transfer (automatic),84.8,3862.55,Yes,0.3171,Medium,322.68
3219-JQRSL,Female,1,Yes,No,72,49+,Two year,DSL,Credit card (automatic),89.1,6352.4,No,0.0127,Low,13.58
2801-NISEI,Male,0,No,No,24,13-24,Month-to-month,DSL,Electronic check,54.95,1348.5,No,0.1233,Low,81.3
3946-MHCZW,Male,0,No,No,1,0-12,Month-to-month,DSL,Mailed check,50.9,50.9,Yes,0.3375,Medium,206.14
4623-ZKHLY,Male,0,Yes,No,22,13-24,Month-to-month,No,Bank transfer (automatic),20.45,471.55,No,0.1108,Low,27.19
6732-VAILE,Male,0,Yes,Yes,70,49+,Two year,DSL,Credit card (automatic),85.95,5931.75,No,0.0187,Low,19.29
8201-AAXCB,Male,0,Yes,Yes,25,25-48,Month-to-month,DSL,Electronic check,60.35,1404.65,No,0.2869,Low,207.77
7696-CFTAT,Male,0,Yes,Yes,37,25-48,Two year,No,Bank transfer (automatic),19.8,726.1,No,0.0088,Low,2.09
1845-CSBRZ,Female,1,Yes,Yes,22,13-24,Month-to-month,Fiber optic,Bank transfer (automatic),85.35,1961.6,No,0.476,Medium,487.52
2123-VSCOT,Female,0,Yes,Yes,59,49+,Two year,DSL,Bank transfer (automatic),72.1,4194.85,No,0.0205,Low,17.74
6651-AZVTJ,Male,0,Yes,Yes,49,49+,Month-to-month,Fiber optic,Electronic check,99.8,4872.45,Yes,0.5079,High,608.26
4566-GOLUK,Male,0,Yes,Yes,47,25-48,Month-to-month,Fiber optic,Bank transfer (automatic),107.35,5118.95,Yes,0.3437,Medium,442.75
2484-DGXPZ,Female,0,Yes,Yes,31,25-48,Month-to-month,No,Mailed check,19.55,658.95,Yes,0.0668,Low,15.67
2018-QKYGT,Male,0,Yes,Yes,1,0-12,Month-to-month,Fiber optic,Electronic check,81.05,81.05,No,0.7032,High,683.93
2792-VPPET,Male,0,No,No,3,0-12,Month-to-month,No,Electronic check,20.5,76.95,No,0.2984,Low,73.41
7409-JURKQ,Female,0,Yes,No,53,49+,One year,Fiber optic,Bank transfer (automatic),111.8,5809.75,No,0.1895,Low,254.23
3247-MHJKM,Male,0,No,No,1,0-12,Month-to-month,No,Mailed check,20.2,20.2,No,0.1923,Low,46.61
1964-SVLEA,Male,0,No,No,20,13-24,One year,No,Mailed check,19.7,415.9,No,0.0679,Low,16.05
4587-NUKOX,Female,0,No,No,3,0-12,Month-to-month,Fiber optic,Electronic check,79.1,246.5,Yes,0.5539,High,525.76
7297-DVYGA,Female,0,No,No,51,49+,One year,No,Bank transfer (automatic),19.85,996.95,No,0.0155,Low,3.69
2239-CGBUZ,Female,0,Yes,No,51,49+,One year,DSL,Bank transfer (automatic),60.5,3145.15,No,0.0213,Low,15.46
0854-UYHZD,Female,0,Yes,Yes,13,13-24,Two year,No,Mailed check,19.55,265.3,No,0.0276,Low,6.47
7243-LCGGZ,Female,0,No,No,1,0-12,Month-to-month,No,Mailed check,20.9,20.9,No,0.1857,Low,46.57
8267-KFGYD,Male,0,No,Yes,1,0-12,Month-to-month,No,Mailed check,21.05,21.05,No,0.2113,Low,53.37
4890-VMUAV,Male,0,No,No,63,49+,One year,DSL,Electronic check,71.5,4576.3,No,0.0202,Low,17.33
9261-WDCAF,Male,0,No,No,3,0-12,Month-to-month,DSL,Mailed check,54.65,189.1,No,0.391,Medium,256.42
3764-MNMOI,Male,0,No,No,46,25-48,Two year,No,Credit card (automatic),19.2,908.15,No,0.007,Low,1.61
7442-YGZFK,Male,0,No,No,1,0-12,Month-to-month,DSL,Credit card (automatic),49.8,49.8,No,0.4866,Medium,290.79
0420-BWTPW,Male,0,No,Yes,8,0-12,Month-to-month,DSL,Mailed check,25.5,215.2,Yes,0.3549,Medium,108.6
8229-BUJHX,Female,0,Yes,Yes,71,49+,Two year,No,Bank transfer (automatic),20.5,1500.95,No,0.0018,Low,0.44
7449-HVPIV,Male,0,Yes,Yes,55,49+,Month-to-month,Fiber optic,Credit card (automatic),90.4,5099.15,No,0.2943,Low,319.26
5504-WSIUR,Female,0,No,No,70,49+,One year,Fiber optic,Bank transfer (automatic),90.25,6385.95,No,0.0693,Low,75.05
8183-ONMXC,Female,0,No,No,2,0-12,Month-to-month,Fiber optic,Electronic check,80.75,159.45,Yes,0.6574,High,637.02
8466-PZBLH,Male,0,Yes,Yes,67,49+,Two year,Fiber optic,Bank transfer (automatic),104.6,6885.75,No,0.0357,Low,44.81
9614-RMGHA,Male,0,Yes,No,65,49+,Month-to-month,Fiber optic,Bank transfer (automatic),91.85,5940.85,Yes,0.2477,Low,273.01
8735-IJJEG,Male,0,Yes,No,14,13-24,Month-to-month,DSL,Credit card (automatic),50.2,668.85,No,0.2218,Low,133.61
0564-MUUQK,Female,0,Yes,Yes,20,13-24,Month-to-month,Fiber optic,Bank transfer (automatic),95.5,1916.2,No,0.4506,Medium,516.39
5054-IEXZT,Male,0,No,Yes,1,0-12,Month-to-month,Fiber optic,Electronic check,75.35,75.35,Yes,0.6134,High,554.64
5834-ASPWA,Male,0,No,No,1,0-12,Month-to-month,Fiber optic,Electronic check,75.45,75.45,Yes,0.759,High,687.2
0701-RFGFI,Female,0,Yes,Yes,49,49+,Month-to-month,Fiber optic,Bank transfer (automatic),95.4,4613.95,No,0.399,Medium,456.78
0019-EFAEP,Female,0,No,No,72,49+,Two year,Fiber optic,Bank transfer (automatic),101.3,7261.25,No,0.0461,Low,56.04
5619-PTMIK,Female,0,Yes,No,46,25-48,Month-to-month,DSL,Electronic check,53.1,2459.8,No,0.1087,Low,69.26
3737-XBQDD,Male,0,No,No,24,13-24,Month-to-month,Fiber optic,Bank transfer (automatic),84.85,2048.8,No,0.4628,Medium,471.22
5882-CMAZQ,Female,0,Yes,Yes,5,0-12,Month-to-month,DSL,Electronic check,34.25,163.55,No,0.3395,Medium,139.53
5846-QFDFI,Female,0,Yes,Yes,33,25-48,Month-to-month,Fiber optic,Credit card (automatic),88.6,2888.7,No,0.2015,Low,214.23
4445-KWOKW,Female,0,No,No,42,25-48,One year,DSL,Bank transfer (automatic),60.15,2421.6,No,0.0527,Low,38.04
3511-APPBJ,Male,0,No,No,23,13-24,One year,Fiber optic,Credit card (automatic),99.95,2292.75,No,0.2952,Low,354.06
7967-HYCDE,Male,0,No,No,8,0-12,Month-to-month,Fiber optic,Bank transfer (automatic),70.7,553.4,No,0.4643,Medium,393.91
2430-RRYUW,Male,0,No,No,66,49+,One year,DSL,Mailed check,54.8,3465.7,No,0.0173,Low,11.38
3948-XHGNA,Male,0,No,No,24,13-24,Month-to-month,DSL,Bank transfer (automatic),49.55,1210.4,Yes,0.1652,Low,98.23
3723-BFBGR,Male,1,No,No,24,13-24,Month-to-month,DSL,Credit card (automatic),54.8,1291.3,No,0.2082,Low,136.91
0565-IYCGT,Male,0,No,No,69,49+,One year,DSL,Credit card (automatic),78.6,5356.45,Yes,0.0232,Low,21.88
5447-WZAFP,Female,0,No,No,53,49+,One year,Fiber optic,Mailed check,100.3,5200.8,No,0.1977,Low,237.95
5110-CHOPY,Female,0,No,No,60,49+,Two year,DSL,Electronic check,53.6,3237.05,No,0.0336,Low,21.61
5445-UTODQ,Female,0,Yes,No,7,0-12,Month-to-month,Fiber optic,Electronic check,81.1,576.65,Yes,0.7059,High,686.98
4425-OWHWB,Female,0,No,No,20,13-24,One year,No,Credit card (automatic),19.35,433.75,No,0.0609,Low,14.14
7892-QVYKW,Female,0,Yes,Yes,23,13-24,Month-to-month,Fiber optic,Electronic check,85.6,1868.4,No,0.5162,High,530.24
9675-ICXCT,Male,0,Yes,Yes,72,49+,Two year,DSL,Electronic check,80.8,5728.55,No,0.0145,Low,14.06
1024-VRZHF,Male,0,Yes,No,11,0-12,Month-to-month,Fiber optic,Electronic check,74.95,825.7,Yes,0.7007,High,630.21
4703-MQYKT,Male,0,No,No,21,13-24,Two year,No,Mailed check,19.6,390.4,No,0.0239,Low,5.62
9497-QCMMS,Male,1,No,No,1,0-12,Month-to-month,Fiber optic,Electronic check,93.55,93.55,Yes,0.8578,High,962.97
5692-ICXLW,Male,1,No,No,31,25-48,Month-to-month,Fiber optic,Electronic check,90.7,2845.15,No,0.6089,High,662.73
0602-DDUML,Female,0,No,No,57,49+,Two year,DSL,Mailed check,69.75,3894.4,No,0.0132,Low,11.05
2208-MPXIO,Female,0,Yes,Yes,45,25-48,Two year,No,Bank transfer (automatic),20.0,886.4,No,0.0086,Low,2.06
1960-UYCNN,Male,0,No,No,10,0-12,Month-to-month,Fiber optic,Electronic check,95.25,1021.55,No,0.7144,High,816.56
0348-SDKOL,Female,0,Yes,No,58,49+,Month-to-month,Fiber optic,Credit card (automatic),102.1,5885.4,Yes,0.333,Medium,407.99
3190-FZATL,Male,0,No,Yes,14,13-24,Month-to-month,No,Mailed check,19.95,268.4,No,0.0952,Low,22.79
7336-RLLRH,Male,0,Yes,No,27,25-48,One year,DSL,Mailed check,80.85,2204.35,No,0.0992,Low,96.24
4373-MAVJG,Female,0,Yes,Yes,14,13-24,Month-to-month,Fiber optic,Bank transfer (automatic),90.9,1259.0,Yes,0.5449,High,594.38
8901-HJXTF,Female,0,Yes,Yes,12,0-12,Month-to-month,DSL,Mailed check,29.2,309.1,Yes,0.2857,Low,100.11
7710-JSYOA,Female,0,Yes,Yes,69,49+,Two year,Fiber optic,Bank transfer (automatic),93.3,6398.05,No,0.0433,Low,48.48
5419-KLXBN,Female,0,Yes,Yes,25,25-48,Month-to-month,Fiber optic,Bank transfer (automatic),89.15,2257.75,Yes,0.3964,Medium,424.07
3424-NMNBO,Male,1,Yes,No,58,49+,One year,Fiber optic,Electronic check,108.85,6287.25,Yes,0.2671,Low,348.89
9885-MFVSU,Female,0,Yes,Yes,35,25-48,Two year,DSL,Credit card (automatic),46.35,1662.05,No,0.0341,Low,18.97
4514-GFCFI,Female,1,No,No,16,13-24,Month-to-month,Fiber optic,Electronic check,84.75,1350.15,Yes,0.7398,High,752.38
0607-MVMGC,Male,0,Yes,Yes,45,25-48,One year,DSL,Credit card (automatic),78.75,3600.65,No,0.0767,Low,72.48
3365-SAIGS,Female,0,No,No,17,13-24,Month-to-month,Fiber optic,Electronic check,83.55,1329.15,No,0.6036,High,605.17
9828-AOQLM,Female,0,Yes,Yes,1,0-12,Month-to-month,DSL,Electronic check,45.7,45.7,Yes,0.4555,Medium,249.8
8022-BECSI,Male,0,No,No,22,13-24,One year,No,Mailed check,19.6,422.5,No,0.0437,Low,10.28
8000-REIQB,Female,1,No,No,1,0-12,Month-to-month,Fiber optic,Electronic check,69.95,69.95,Yes,0.7307,High,613.35
9993-LHIEB,Male,0,Yes,Yes,67,49+,Two year,DSL,Mailed check,67.85,4627.65,No,0.0065,Low,5.29
0266-CLZKZ,Female,0,Yes,Yes,67,49+,Two year,Fiber optic,Bank transfer (automatic),105.65,6717.9,No,0.0669,Low,84.82
7615-ESMYF,Female,0,Yes,No,2,0-12,Month-to-month,DSL,Electronic check,44.6,97.1,Yes,0.6641,High,355.43
3858-VOBET,Male,0,No,No,23,13-24,Month-to-month,Fiber optic,Electronic check,74.95,1710.45,Yes,0.6045,High,543.69
7020-OZKXZ,Female,1,No,No,9,0-12,Month-to-month,Fiber optic,Credit card (automatic),75.5,637.4,No,0.4701,Medium,425.91
3977-QCRSL,Female,0,No,No,5,0-12,Month-to-month,No,Mailed check,20.15,117.95,No,0.1632,Low,39.46
0017-DINOC,Male,0,No,No,54,49+,Two year,DSL,Credit card (automatic),45.2,2460.55,No,0.0144,Low,7.81
1447-PJGGA,Female,0,No,No,57,49+,Two year,Fiber optic,Electronic check,95.25,5464.65,Yes,0.1512,Low,172.82
8565-CLBZW,Male,0,No,No,24,13-24,Month-to-month,Fiber optic,Mailed check,89.85,2165.05,Yes,0.5876,High,633.55
9139-WQQDY,Female,0,Yes,Yes,49,49+,One year,Fiber optic,Mailed check,100.45,4941.8,Yes,0.1807,Low,217.82
0224-HJAPT,Male,0,No,No,5,0-12,Month-to-month,DSL,Electronic check,47.15,223.15,Yes,0.4775,Medium,270.17
8086-OVPWV,Male,0,No,No,2,0-12,Month-to-month,Fiber optic,Electronic check,80.2,181.1,Yes,0.7438,High,715.83
9430-FRQOC,Female,0,No,Yes,4,0-12,Month-to-month,Fiber optic,Mailed check,87.1,341.45,Yes,0.509,High,532.01
7639-OPLNG,Male,0,Yes,Yes,70,49+,Two year,DSL,Bank transfer (automatic),79.25,5731.85,No,0.0103,Low,9.8
3074-GQWYX,Male,0,No,No,5,0-12,Month-to-month,Fiber optic,Bank transfer (automatic),75.9,357.75,Yes,0.6485,High,590.65
1492-QGCLU,Male,0,Yes,Yes,53,49+,Month-to-month,DSL,Electronic check,85.7,4616.1,No,0.0976,Low,100.37
6845-RGTYS,Female,0,Yes,No,47,25-48,Month-to-month,Fiber optic,Electronic check,98.75,4533.7,Yes,0.3698,Medium,438.21
7328-OWMOM,Female,0,No,Yes,31,25-48,One year,No,Credit card (automatic),20.1,589.25,No,0.0204,Low,4.92
4418-LZMSV,Male,0,Yes,Yes,13,13-24,Month-to-month,DSL,Bank transfer (automatic),61.8,750.1,No,0.1212,Low,89.88
5155-AZQPB,Female,0,Yes,Yes,28,25-48,Month-to-month,DSL,Mailed check,49.9,1410.25,No,0.1684,Low,100.84
8861-HGGKB,Female,0,No,No,10,0-12,Month-to-month,Fiber optic,Electronic check,86.45,830.85,Yes,0.6601,High,684.79
1087-GRUYI,Male,0,Yes,No,38,25-48,Two year,No,Bank transfer (automatic),20.4,743.5,No,0.0103,Low,2.52
7065-YUNRY,Female,0,No,No,1,0-12,Month-to-month,DSL,Mailed check,45.3,45.3,Yes,0.4333,Medium,235.54
7694-VLBWQ,Male,0,Yes,No,67,49+,One year,Fiber optic,Electronic check,104.1,7040.85,Yes,0.1997,Low,249.47
2546-KZAAT,Male,0,Yes,No,52,49+,One year,DSL,Mailed check,75.4,3865.45,No,0.0576,Low,52.12
0181-RITDD,Male,0,Yes,Yes,62,49+,Two year,Fiber optic,Mailed check,108.15,6825.65,No,0.031,Low,40.23
5989-PGKJB,Female,0,No,No,16,13-24,Month-to-month,Fiber optic,Electronic check,86.25,1340.1,No,0.5964,High,617.27
4795-KTRTH,Female,1,Yes,No,5,0-12,Month-to-month,Fiber optic,Electronic check,81.0,371.65,Yes,0.7234,High,703.14
8272-ONJLV,Male,0,No,No,12,0-12,One year,Fiber optic,Electronic check,95.7,1184.0,No,0.4702,Medium,539.98
1488-PBLJN,Female,0,Yes,Yes,72,49+,Two year,Fiber optic,Bank transfer (automatic),116.85,8477.7,No,0.0419,Low,58.75
0308-GIQJT,Male,1,No,No,71,49+,One year,Fiber optic,Bank transfer (automatic),105.75,7382.85,No,0.1037,Low,131.6
3778-FOAQW,Female,0,Yes,No,24,13-24,One year,No,Mailed check,20.15,456.85,No,0.0393,Low,9.5
4452-ROHMO,Female,0,No,No,15,13-24,Two year,No,Mailed check,19.6,331.6,No,0.0309,Low,7.27
6481-OGDOO,Male,0,Yes,No,67,49+,One year,Fiber optic,Credit card (automatic),90.6,6056.15,Yes,0.0696,Low,75.67
3090-LETTY,Male,0,No,Yes,2,0-12,Month-to-month,DSL,Bank transfer (automatic),60.95,134.6,No,0.2161,Low,158.06
5349-AZPEW,Female,0,Yes,Yes,5,0-12,Month-to-month,DSL,Mailed check,25.05,125.5,No,0.3885,Medium,116.78
3753-TSEMP,Female,0,Yes,No,15,13-24,Month-to-month,Fiber optic,Electronic check,88.15,1390.6,Yes,0.6452,High,682.49
8305-VHZBZ,Male,0,No,No,1,0-12,Month-to-month,No,Mailed check,20.2,20.2,Yes,0.2564,Low,62.15
9720-JJJOR,Male,0,Yes,Yes,41,25-48,One year,DSL,Bank transfer (automatic),60.3,2511.3,No,0.0345,Low,24.96
8100-HZZLJ,Female,0,No,Yes,43,25-48,Month-to-month,DSL,Electronic check,63.95,2737.05,No,0.1156,Low,88.71
8775-ERLNB,Male,1,Yes,No,1,0-12,Month-to-month,Fiber optic,Electronic check,74.3,74.3,No,0.7266,High,647.84
8309-IEYJD,Female,1,No,No,1,0-12,Month-to-month,Fiber optic,Mailed check,70.6,70.6,No,0.6619,High,560.76
9172-JITSM,Female,0,Yes,Yes,26,25-48,Month-to-month,Fiber optic,Electronic check,90.8,2361.8,Yes,0.5809,High,632.95
6298-QDFNH,Male,0,No,No,22,13-24,Month-to-month,Fiber optic,Electronic check,79.35,1730.35,Yes,0.5792,High,551.51
7398-HPYZQ,Male,0,Yes,No,71,49+,Two year,DSL,Bank transfer (automatic),90.55,6404.0,No,0.0118,Low,12.82
3546-GHEAE,Male,0,No,No,7,0-12,Two year,No,Mailed check,19.45,165.35,No,0.0451,Low,10.53
7361-YPXFS,Female,1,No,No,28,25-48,Month-to-month,DSL,Bank transfer (automatic),64.45,1867.6,No,0.1417,Low,109.59
6557-BZXLQ,Male,1,No,No,16,13-24,Month-to-month,Fiber optic,Electronic check,69.65,1043.3,No,0.5309,High,443.73
2550-QHZGP,Male,0,No,No,7,0-12,One year,No,Mailed check,19.5,128.6,No,0.0836,Low,19.56
7519-JTWQH,Female,0,No,No,69,49+,Two year,Fiber optic,Bank transfer (automatic),110.5,7455.45,No,0.0733,Low,97.2
2538-OIMXF,Female,0,No,Yes,1,0-12,Month-to-month,DSL,Mailed check,24.7,24.7,No,0.429,Medium,127.16
8543-MSDMF,Male,0,No,No,3,0-12,Month-to-month,DSL,Electronic check,77.4,206.15,No,0.4773,Medium,443.32
9961-JBNMK,Male,1,No,No,21,13-24,Month-to-month,Fiber optic,Bank transfer (automatic),96.8,2030.3,Yes,0.6032,High,700.68
1170-SASML,Female,0,Yes,No,69,49+,Month-to-month,Fiber optic,Bank transfer (automatic),85.4,5869.4,No,0.1723,Low,176.57
4872-JCVCA,Female,0,Yes,No,71,49+,Two year,DSL,Bank transfer (automatic),47.6,3377.8,No,0.0068,Low,3.88
5346-BZCHP,Female,0,Yes,Yes,69,49+,Two year,No,Mailed check,19.4,1346.2,No,0.0022,Low,0.51
2038-LLMLM,Female,0,No,No,48,25-48,Month-to-month,Fiber optic,Electronic check,103.85,4946.05,No,0.4842,Medium,603.41
6173-ITPWD,Male,0,Yes,No,47,25-48,Month-to-month,Fiber optic,Bank transfer (automatic),83.35,4065.0,Yes,0.3134,Medium,313.46
9734-UYXQI,Female,0,No,No,2,0-12,Month-to-month,DSL,Electronic check,49.4,106.55,Yes,0.5779,High,342.58
1216-BGTSP,Male,0,No,No,45,25-48,Month-to-month,Fiber optic,Credit card (automatic),108.45,4964.7,No,0.3286,Medium,427.64
4138-NAXED,Male,0,No,No,51,49+,Month-to-month,Fiber optic,Bank transfer (automatic),81.0,4085.75,No,0.1958,Low,190.32
2189-UXTKY,Female,0,Yes,No,22,13-24,Month-to-month,DSL,Electronic check,79.2,1742.75,Yes,0.3428,Medium,325.8
0744-BIKKF,Male,0,No,No,72,49+,Two year,DSL,Bank transfer (automatic),86.65,6224.8,No,0.0119,Low,12.37
7483-IQWIB,Male,0,Yes,Yes,37,25-48,Month-to-month,Fiber optic,Electronic check,92.95,3415.25,No,0.491,Medium,547.66
5248-KWLAR,Male,0,Yes,Yes,71,49+,Two year,DSL,Electronic check,90.35,6325.25,No,0.0136,Low,14.75
4958-GZWIY,Male,0,Yes,Yes,7,0-12,Month-to-month,DSL,Electronic check,48.7,340.25,Yes,0.3225,Medium,188.47
7996-MHXLW,Female,0,No,No,66,49+,Two year,No,Credit card (automatic),25.15,1683.6,No,0.0056,Low,1.69
7833-PKIHD,Male,0,Yes,Yes,51,49+,One year,DSL,Bank transfer (automatic),76.4,3966.3,No,0.0373,Low,34.2
7061-OVMIM,Female,0,Yes,Yes,30,25-48,One year,No,Bank transfer (automatic),19.55,608.5,No,0.023,Low,5.4
5153-RTHKF,Female,0,No,No,34,25-48,Month-to-month,Fiber optic,Electronic check,85.35,2896.6,No,0.4889,Medium,500.73
1852-QSWCD,Male,0,Yes,Yes,64,49+,Two year,No,Mailed check,24.8,1514.85,No,0.0056,Low,1.67
4832-VRBMR,Male,1,Yes,No,65,49+,One year,Fiber optic,Bank transfer (automatic),103.15,6792.45,No,0.2342,Low,289.89
9079-LWTFD,Male,0,No,No,47,25-48,Month-to-month,Fiber optic,Mailed check,100.75,4669.2,No,0.1719,Low,207.83
6356-ELRKD,Female,0,No,No,1,0-12,Month-to-month,Fiber optic,Electronic check,95.6,95.6,Yes,0.7024,High,805.79
8624-GIOUT,Female,0,No,No,49,49+,Month-to-month,DSL,Credit card (automatic),59.75,2934.3,Yes,0.08,Low,57.36
3392-EHMNK,Female,0,Yes,Yes,67,49+,Two year,Fiber optic,Credit card (automatic),94.1,6302.8,No,0.031,Low,35.01
5986-WWXDV,Male,0,No,Yes,39,25-48,One year,No,Bank transfer (automatic),19.35,779.2,No,0.0154,Low,3.58
3061-BCKYI,Male,0,No,No,14,13-24,Month-to-month,No,Mailed check,19.9,283.75,No,0.1171,Low,27.96
6179-GJPSO,Female,1,No,No,43,25-48,Month-to-month,Fiber optic,Credit card (automatic),108.15,4600.7,Yes,0.2424,Low,314.59
7901-TBKJX,Male,1,No,No,56,49+,Month-to-month,Fiber optic,Electronic check,101.05,5594.0,No,0.538,High,652.38
7228-PAQPD,Female,0,No,No,14,13-24,One year,DSL,Credit card (automatic),59.1,772.85,No,0.1135,Low,80.49
3177-LASXD,Female,0,No,No,1,0-12,Month-to-month,Fiber optic,Electronic check,71.35,71.35,Yes,0.6087,High,521.17
7746-QYVCO,Male,0,Yes,Yes,16,13-24,One year,DSL,Mailed check,55.85,857.8,No,0.0874,Low,58.58
5804-HYIEZ,Male,0,Yes,Yes,70,49+,Month-to-month,Fiber optic,Electronic check,106.05,7554.05,No,0.2649,Low,337.11
9919-FZDED,Male,1,Yes,No,72,49+,Two year,DSL,Credit card (automatic),84.1,5981.65,No,0.0247,Low,24.93
5934-TSSAU,Female,0,Yes,Yes,23,13-24,Month-to-month,Fiber optic,Credit card (automatic),75.3,1702.9,No,0.3645,Medium,329.36
3486-KHMLI,Male,0,No,Yes,21,13-24,Month-to-month,No,Mailed check,24.7,467.15,No,0.0939,Low,27.83
4897-QSUYC,Female,0,No,No,1,0-12,Month-to-month,No,Mailed check,20.15,20.15,Yes,0.2525,Low,61.05
1084-UQCHV,Male,0,No,Yes,1,0-12,Month-to-month,Fiber optic,Bank transfer (automatic),69.75,69.75,Yes,0.4757,Medium,398.16
8290-YWKHZ,Female,1,Yes,No,32,25-48,Month-to-month,Fiber optic,Electronic check,93.2,2931.0,Yes,0.7083,High,792.16
2955-BJZHG,Male,0,Yes,Yes,17,13-24,Month-to-month,Fiber optic,Electronic check,80.85,1400.85,Yes,0.4978,Medium,482.97
3806-DXQOM,Female,0,No,No,4,0-12,Month-to-month,DSL,Electronic check,33.65,137.85,Yes,0.4801,Medium,193.86
6784-XYJAE,Female,0,No,No,36,25-48,One year,DSL,Electronic check,55.8,1941.5,No,0.1052,Low,70.44
3933-DQPWX,Female,0,No,No,50,49+,Two year,DSL,Credit card (automatic),39.7,1932.75,No,0.0152,Low,7.24
6661-EIPZC,Female,0,Yes,Yes,48,25-48,Month-to-month,DSL,Credit card (automatic),29.5,1423.05,No,0.0816,Low,28.89
8957-THMOA,Female,0,No,Yes,50,49+,Two year,No,Credit card (automatic),20.15,970.85,No,0.0044,Low,1.06
2251-PYLPB,Male,0,Yes,No,72,49+,Two year,DSL,Credit card (automatic),79.55,5810.9,No,0.0079,Low,7.54
5555-RNPGT,Male,0,No,Yes,10,0-12,Month-to-month,No,Credit card (automatic),24.8,223.9,No,0.1324,Low,39.4
1057-FOGLZ,Female,0,No,No,18,13-24,Month-to-month,No,Mailed check,19.65,391.7,No,0.0987,Low,23.27
9300-RENDD,Male,0,No,No,1,0-12,Month-to-month,Fiber optic,Electronic check,79.95,79.95,Yes,0.7505,High,720.03
0761-AETCS,Female,0,No,No,1,0-12,Month-to-month,No,Electronic check,19.3,19.3,Yes,0.2454,Low,56.83
8087-LGYHQ,Male,0,No,No,9,0-12,Month-to-month,Fiber optic,Electronic check,94.05,811.65,No,0.7449,High,840.69
4137-BTIKL,Male,0,No,No,2,0-12,Month-to-month,Fiber optic,Mailed check,90.75,174.75,No,0.5572,High,606.79
2190-BCXEC,Female,0,Yes,No,40,25-48,Month-to-month,Fiber optic,Credit card (automatic),78.85,3126.85,No,0.2958,Low,279.89
6227-FBDXH,Male,0,Yes,No,69,49+,One year,Fiber optic,Bank transfer (automatic),99.5,6841.45,No,0.1478,Low,176.47
2153-MREFK,Female,0,Yes,No,37,25-48,One year,Fiber optic,Electronic check,99.2,3754.6,Yes,0.2463,Low,293.2
2911-WDXMV,Male,0,No,Yes,18,13-24,Month-to-month,Fiber optic,Credit card (automatic),80.55,1406.65,No,0.4766,Medium,460.68
7206-PQBBZ,Male,1,Yes,No,11,0-12,Month-to-month,Fiber optic,Electronic check,70.2,834.7,No,0.669,High,563.57
3106-ULWFW,Female,0,Yes,No,8,0-12,Month-to-month,Fiber optic,Credit card (automatic),85.2,627.4,Yes,0.6756,High,690.73
0925-VYDLG,Female,0,No,No,3,0-12,Month-to-month,Fiber optic,Electronic check,75.25,242.0,Yes,0.6677,High,602.93
4547-FZJWE,Male,0,Yes,Yes,55,49+,One year,DSL,Credit card (automatic),59.45,3157.0,No,0.0213,Low,15.2
7422-WNBTY,Male,0,Yes,No,33,25-48,Month-to-month,Fiber optic,Electronic check,93.35,3092.0,No,0.5759,High,645.12
0842-IWYCP,Female,0,No,No,46,25-48,Month-to-month,DSL,Bank transfer (automatic),44.95,2168.9,No,0.0765,Low,41.26
3521-HTQTV,Male,0,No,No,34,25-48,Two year,No,Bank transfer (automatic),26.1,980.35,No,0.0168,Low,5.26
3744-ZBHON,Female,0,No,No,3,0-12,Month-to-month,No,Electronic check,20.2,65.95,No,0.2243,Low,54.37
3373-DIUUN,Male,0,Yes,Yes,30,25-48,Two year,No,Mailed check,21.25,711.9,No,0.0128,Low,3.26
8383-SGHJU,Female,0,No,No,33,25-48,One year,DSL,Electronic check,59.4,1952.8,No,0.0628,Low,44.76
7607-QKKTJ,Male,0,Yes,Yes,45,25-48,One year,Fiber optic,Credit card (automatic),95.0,4368.85,No,0.197,Low,224.58
7707-PYBBH,Male,0,No,No,40,25-48,Month-to-month,DSL,Mailed check,61.9,2647.1,No,0.0661,Low,49.1
8984-HPEMB,Female,0,No,No,71,49+,Two year,Fiber optic,Electronic check,118.65,8477.6,No,0.0727,Low,103.51
4349-GFQHK,Male,0,No,No,1,0-12,Month-to-month,DSL,Electronic check,54.35,54.35,Yes,0.4912,Medium,320.36
4139-DETXS,Female,0,Yes,Yes,72,49+,Two year,DSL,Bank transfer (automatic),64.45,4528.0,No,0.0079,Low,6.11
9779-DPNEJ,Female,0,Yes,Yes,22,13-24,Month-to-month,Fiber optic,Electronic check,80.15,1790.65,No,0.5491,High,528.12
9805-FILKB,Male,0,Yes,Yes,46,25-48,One year,No,Bank transfer (automatic),20.2,845.6,No,0.0159,Low,3.85
5793-YOLJN,Female,0,Yes,Yes,55,49+,Two year,No,Mailed check,21.0,1210.3,No,0.004,Low,1.01
0673-IGUQO,Male,0,No,No,1,0-12,Month-to-month,No,Mailed check,20.45,20.45,No,0.1912,Low,46.92
4123-FCVCB,Female,0,No,No,12,0-12,One year,DSL,Mailed check,75.85,854.45,No,0.2681,Low,244.02
8819-IMISP,Male,0,No,No,31,25-48,Month-to-month,Fiber optic,Electronic check,80.45,2429.1,No,0.4977,Medium,480.48
7802-EFKNY,Male,0,Yes,No,5,0-12,Month-to-month,DSL,Electronic check,24.95,100.4,Yes,0.6152,High,184.19
8311-UEUAB,Female,0,Yes,Yes,67,49+,Two year,DSL,Electronic check,75.5,5229.45,No,0.0325,Low,29.44
5858-EAFCZ,Male,0,No,No,1,0-12,Month-to-month,DSL,Mailed check,44.45,44.45,No,0.3565,Medium,190.16
8035-BUYVG,Male,0,Yes,No,40,25-48,One year,DSL,Electronic check,42.35,1716.45,Yes,0.0872,Low,44.32
1163-ONYEY,Male,0,Yes,Yes,41,25-48,Month-to-month,DSL,Credit card (automatic),74.55,3023.55,No,0.1176,Low,105.2
9787-XVQIU,Male,0,No,No,1,0-12,Month-to-month,Fiber optic,Electronic check,75.3,75.3,Yes,0.7599,High,686.65
8945-MUQUF,Male,0,No,No,51,49+,One year,Fiber optic,Electronic check,94.8,4837.6,Yes,0.2044,Low,232.53
5656-MJEFC,Male,0,Yes,Yes,42,25-48,Two year,DSL,Credit card (automatic),48.15,2032.3,No,0.0198,Low,11.44
6082-OQFBA,Male,0,Yes,Yes,23,13-24,One year,No,Mailed check,19.65,436.9,No,0.0342,Low,8.06
8051-HJRLT,Female,1,No,No,1,0-12,Month-to-month,Fiber optic,Electronic check,70.55,70.55,Yes,0.7271,High,615.56
8974-OVACP,Female,0,No,No,1,0-12,Month-to-month,No,Mailed check,20.15,20.15,No,0.1891,Low,45.72
4010-YLMVT,Female,0,No,No,56,49+,Month-to-month,Fiber optic,Credit card (automatic),106.6,5893.95,No,0.2809,Low,359.33
1379-FRVEB,Male,0,No,Yes,15,13-24,Month-to-month,Fiber optic,Electronic check,91.0,1430.05,No,0.634,High,692.33
8612-GXIDD,Male,0,Yes,Yes,12,0-12,Two year,No,Bank transfer (automatic),25.4,313.0,No,0.0508,Low,15.48
6288-CHQJB,Female,0,Yes,Yes,54,49+,Two year,DSL,Bank transfer (automatic),69.95,3871.85,No,0.009,Low,7.55
8160-HOWOX,Female,0,No,No,7,0-12,Month-to-month,DSL,Electronic check,66.85,458.1,No,0.5563,High,446.26
3023-GFLBR,Female,0,Yes,Yes,33,25-48,Month-to-month,Fiber optic,Credit card (automatic),86.15,2745.7,Yes,0.3379,Medium,349.32
6648-INWPS,Male,0,Yes,Yes,16,13-24,Month-to-month,No,Electronic check,20.15,341.35,No,0.1177,Low,28.46
4223-BKEOR,Female,0,No,Yes,21,13-24,One year,DSL,Mailed check,64.85,1336.8,No,0.0748,Low,58.21
4079-VTGLK,Male,1,Yes,No,30,25-48,Two year,DSL,Electronic check,74.85,2181.75,No,0.1428,Low,128.26
1763-WQFUK,Male,0,No,No,3,0-12,Month-to-month,DSL,Mailed check,50.5,147.75,No,0.3311,Medium,200.65
1391-UBDAR,Male,0,No,No,11,0-12,Month-to-month,Fiber optic,Electronic check,72.9,818.45,No,0.5482,High,479.57
8894-JVDCV,Female,0,No,No,62,49+,One year,Fiber optic,Credit card (automatic),115.05,7133.45,No,0.1158,Low,159.87
2023-VQFDL,Male,0,No,No,18,13-24,Month-to-month,No,Electronic check,19.0,348.8,No,0.1332,Low,30.37
1345-GKDZZ,Male,0,No,Yes,6,0-12,Month-to-month,No,Mailed check,19.55,128.6,No,0.1337,Low,31.37
2014-MKGMH,Female,0,No,No,46,25-48,One year,Fiber optic,Electronic check,101.1,4674.4,No,0.396,Medium,480.43
5628-FCGYG,Male,0,No,No,21,13-24,Month-to-month,Fiber optic,Electronic check,84.1,1737.45,No,0.6854,High,691.71
2560-WBWXF,Male,0,No,No,68,49+,Two year,No,Bank transfer (automatic),24.15,1498.85,No,0.0053,Low,1.54
0248-IPDFW,Female,0,No,No,1,0-12,Month-to-month,DSL,Electronic check,50.1,50.1,No,0.5818,High,349.78
7978-DKUQH,Female,0,Yes,No,25,25-48,Month-to-month,Fiber optic,Electronic check,74.6,1797.75,No,0.5069,High,453.78
4335-UPJSI,Female,0,No,Yes,24,13-24,Two year,No,Mailed check,19.75,498.1,No,0.0164,Low,3.89
0524-IAVZO,Female,0,Yes,No,30,25-48,Month-to-month,Fiber optic,Electronic check,85.0,2624.25,Yes,0.622,High,634.44
2737-YNGYW,Female,0,No,No,2,0-12,Month-to-month,Fiber optic,Electronic check,80.55,184.1,Yes,0.66,High,637.96
1784-EZDKJ,Male,0,Yes,No,51,49+,One year,Fiber optic,Bank transfer (automatic),106.8,5498.8,No,0.2637,Low,337.96
9297-FVVDH,Female,0,Yes,Yes,57,49+,Two year,DSL,Electronic check,84.5,4845.4,No,0.0335,Low,33.97
8007-YYPWD,Female,0,No,No,15,13-24,Two year,No,Bank transfer (automatic),25.05,369.1,No,0.0376,Low,11.3
7101-HRBLJ,Female,0,Yes,Yes,72,49+,Two year,DSL,Bank transfer (automatic),83.7,6096.9,No,0.0094,Low,9.44
5159-YFPKQ,Female,0,No,No,2,0-12,Month-to-month,Fiber optic,Electronic check,75.8,160.75,Yes,0.6808,High,619.26
6635-CPNUN,Male,0,Yes,No,28,25-48,Month-to-month,Fiber optic,Credit card (automatic),96.6,2684.35,No,0.3968,Medium,459.97
4021-RQSNY,Male,1,Yes,No,29,25-48,Month-to-month,Fiber optic,Electronic check,98.5,3004.15,Yes,0.7362,High,870.19
5453-YBTWV,Male,0,Yes,Yes,70,49+,Two year,Fiber optic,Credit card (automatic),101.1,6994.8,No,0.0207,Low,25.11
5039-LZRQT,Female,0,No,No,13,13-24,One year,No,Mailed check,20.2,273.25,No,0.0625,Low,15.15
2931-VUVJN,Female,1,Yes,No,59,49+,One year,Fiber optic,Electronic check,94.05,5483.9,No,0.1104,Low,124.6
9061-TIHDA,Male,1,Yes,No,13,13-24,Month-to-month,Fiber optic,Electronic check,95.25,1233.65,Yes,0.8053,High,920.46
8699-ASUFO,Male,1,Yes,No,7,0-12,Month-to-month,Fiber optic,Mailed check,74.4,527.9,Yes,0.6981,High,623.26
6418-PIQSP,Female,0,Yes,No,62,49+,Two year,DSL,Mailed check,81.0,4985.9,No,0.0126,Low,12.25
8220-OCUFY,Female,0,No,No,21,13-24,One year,DSL,Electronic check,60.25,1258.35,No,0.0965,Low,69.77
3995-WFCSM,Female,0,No,No,2,0-12,Month-to-month,DSL,Electronic check,60.85,111.4,No,0.4493,Medium,328.08
1895-QTKDO,Female,0,No,No,1,0-12,Month-to-month,DSL,Credit card (automatic),43.95,43.95,No,0.3304,Medium,174.25
2038-OEQZH,Male,0,No,No,4,0-12,Month-to-month,Fiber optic,Electronic check,86.05,308.1,No,0.6356,High,656.32
1178-PZGAB,Female,0,No,No,19,13-24,One year,No,Credit card (automatic),20.25,383.65,No,0.0433,Low,10.52
7927-AUXBZ,Female,0,No,No,30,25-48,Month-to-month,Fiber optic,Electronic check,85.15,2555.9,Yes,0.3608,Medium,368.67
2626-VEEWG,Male,0,Yes,Yes,67,49+,Two year,No,Credit card (automatic),19.4,1284.2,No,0.0031,Low,0.72
2878-RMWXY,Male,1,Yes,No,72,49+,Two year,Fiber optic,Credit card (automatic),102.65,7550.3,No,0.0546,Low,67.26
1657-DYMBM,Male,0,Yes,No,53,49+,Two year,No,Credit card (automatic),19.9,1110.05,No,0.0052,Low,1.24
7311-MQJCH,Female,0,No,No,5,0-12,One year,No,Electronic check,19.55,99.6,No,0.1174,Low,27.54
7375-WMVMT,Male,1,Yes,No,71,49+,Two year,Fiber optic,Credit card (automatic),95.5,6707.15,No,0.0408,Low,46.76
1136-XGEQU,Female,0,Yes,Yes,50,49+,One year,DSL,Credit card (automatic),84.15,4164.4,No,0.066,Low,66.65
2530-FMFXO,Male,0,Yes,Yes,56,49+,Two year,Fiber optic,Electronic check,103.2,5873.75,No,0.1429,Low,176.97
6844-DZKRF,Male,0,No,No,2,0-12,Month-to-month,DSL,Credit card (automatic),50.2,109.25,No,0.3184,Medium,191.8
4695-WJZUE,Female,1,No,No,2,0-12,Month-to-month,Fiber optic,Electronic check,88.55,179.25,Yes,0.8147,High,865.7
7619-ODSGN,Male,0,Yes,Yes,24,13-24,Month-to-month,DSL,Electronic check,54.75,1338.15,Yes,0.1818,Low,119.44
5970-GHJAW,Male,0,Yes,Yes,46,25-48,Two year,No,Credit card (automatic),19.95,862.4,No,0.0056,Low,1.34
8879-XUAHX,Male,0,Yes,No,71,49+,Two year,Fiber optic,Electronic check,116.25,8564.75,No,0.0825,Low,115.09
3689-MOZGR,Female,0,No,No,29,25-48,Month-to-month,DSL,Electronic check,31.2,926.2,No,0.2674,Low,100.11
4195-PNGZS,Male,0,Yes,Yes,69,49+,Two year,No,Bank transfer (automatic),24.45,1718.2,No,0.003,Low,0.88
5003-XZWWO,Male,0,Yes,No,71,49+,Two year,DSL,Credit card (automatic),84.2,5956.85,No,0.0164,Low,16.57
3988-RQIXO,Female,1,No,No,1,0-12,Month-to-month,Fiber optic,Electronic check,91.3,91.3,Yes,0.8031,High,879.88
7622-FWGEW,Male,1,Yes,No,56,49+,Two year,DSL,Bank transfer (automatic),85.65,4824.45,No,0.0218,Low,22.41
6922-NCEDI,Male,0,No,Yes,56,49+,One year,No,Mailed check,21.2,1238.65,No,0.0108,Low,2.75
2514-GINMM,Male,0,No,No,1,0-12,Month-to-month,Fiber optic,Electronic check,79.5,79.5,Yes,0.753,High,718.36
9891-NQDBD,Female,0,Yes,No,28,25-48,One year,No,Mailed check,25.55,672.2,No,0.0441,Low,13.52
6131-IUNXN,Female,0,Yes,Yes,19,13-24,Month-to-month,No,Mailed check,20.2,382.2,No,0.0768,Low,18.62
8548-AWOFC,Male,0,Yes,No,66,49+,Month-to-month,DSL,Electronic check,63.85,4264.6,No,0.0809,Low,61.99
9798-DRYDS,Female,0,Yes,Yes,17,13-24,One year,DSL,Mailed check,61.95,1070.7,No,0.1267,Low,94.19
8532-UEFWH,Male,0,Yes,Yes,52,49+,Two year,No,Mailed check,25.75,1345.85,No,0.0066,Low,2.04
6296-DDOOR,Female,0,No,No,19,13-24,One year,DSL,Electronic check,58.2,1045.25,No,0.167,Low,116.63
7951-VRDVK,Female,0,No,No,36,25-48,One year,DSL,Bank transfer (automatic),85.85,3003.55,No,0.0429,Low,44.2
5931-FLJJF,Male,1,Yes,No,7,0-12,Month-to-month,Fiber optic,Mailed check,70.1,467.55,Yes,0.6268,High,527.26
4815-YOSUK,Male,0,Yes,Yes,72,49+,One year,Fiber optic,Credit card (automatic),104.9,7537.5,No,0.0549,Low,69.11
2659-VXMWZ,Male,0,Yes,Yes,67,49+,One year,Fiber optic,Electronic check,111.3,7482.1,Yes,0.1628,Low,217.44
0380-NEAVX,Male,1,No,No,34,25-48,One year,Fiber optic,Electronic check,99.85,3343.15,No,0.4068,Medium,487.43
3207-OYBWH,Male,1,Yes,No,57,49+,Month-to-month,Fiber optic,Bank transfer (automatic),95.25,5427.05,Yes,0.3379,Medium,386.22
4285-GYRQC,Female,0,Yes,No,7,0-12,Month-to-month,Fiber optic,Electronic check,86.25,587.1,Yes,0.6968,High,721.19
7216-EWTRS,Female,1,Yes,No,1,0-12,Month-to-month,Fiber optic,Electronic check,100.8,100.8,Yes,0.844,High,1020.9
4365-MSDYN,Male,0,Yes,No,8,0-12,Month-to-month,No,Bank transfer (automatic),19.55,161.15,No,0.1946,Low,45.65
7036-TYDEC,Female,0,No,No,69,49+,Two year,Fiber optic,Electronic check,104.0,7028.5,No,0.0834,Low,104.08
5802-ADBRC,Female,0,Yes,No,50,49+,One year,Fiber optic,Mailed check,104.4,5232.9,No,0.2394,Low,299.92
8076-FEZKJ,Male,0,No,No,10,0-12,One year,No,Mailed check,19.5,225.85,No,0.0742,Low,17.36
5197-YPYBZ,Female,0,Yes,Yes,12,0-12,Two year,No,Credit card (automatic),25.25,274.7,No,0.0337,Low,10.21
8337-MSSXB,Female,0,No,No,14,13-24,Month-to-month,Fiber optic,Electronic check,86.3,1180.95,Yes,0.6115,High,633.27
4312-GVYNH,Female,0,Yes,No,70,49+,Two year,DSL,Bank transfer (automatic),49.85,3370.2,No,0.0115,Low,6.88
8495-LJDFO,Female,1,No,No,64,49+,Month-to-month,Fiber optic,Bank transfer (automatic),108.95,7111.3,No,0.2595,Low,339.27
0839-JTCUD,Female,0,Yes,Yes,66,49+,Two year,DSL,Credit card (automatic),89.9,5958.85,No,0.0106,Low,11.44
5494-WOZRZ,Female,0,Yes,Yes,71,49+,Two year,DSL,Credit card (automatic),82.0,5999.85,No,0.0101,Low,9.94
1302-UHBDD,Male,1,No,No,20,13-24,Month-to-month,Fiber optic,Electronic check,89.95,1648.45,No,0.621,High,670.31
2234-EOFPT,Male,0,Yes,No,72,49+,Two year,DSL,Bank transfer (automatic),79.35,5753.25,No,0.0114,Low,10.86
8619-IJNDK,Female,0,Yes,Yes,71,49+,Two year,DSL,Credit card (automatic),64.05,4492.9,No,0.0029,Low,2.23
8378-LKJAF,Male,0,Yes,Yes,38,25-48,Month-to-month,Fiber optic,Credit card (automatic),101.15,3956.7,No,0.4806,Medium,583.35
8182-BJDSI,Female,0,No,No,28,25-48,Month-to-month,Fiber optic,Electronic check,89.95,2625.55,Yes,0.5989,High,646.45
2528-HFYZX,Male,1,Yes,No,17,13-24,Month-to-month,Fiber optic,Electronic check,76.45,1233.4,Yes,0.5685,High,521.54
1153-GNOLC,Male,0,No,No,33,25-48,One year,DSL,Electronic check,39.1,1309.0,No,0.2105,Low,98.77
3298-QEICA,Female,0,Yes,Yes,23,13-24,Two year,DSL,Mailed check,34.6,813.45,No,0.0335,Low,13.91
0788-DXBFY,Male,0,Yes,Yes,58,49+,One year,No,Electronic check,19.55,1108.8,No,0.0138,Low,3.24
3597-YASZG,Female,1,Yes,No,70,49+,Two year,Fiber optic,Bank transfer (automatic),104.45,7349.35,No,0.0852,Low,106.79
3496-LFSZU,Male,0,Yes,No,4,0-12,Month-to-month,Fiber optic,Electronic check,70.5,294.2,No,0.6013,High,508.7
5242-UOWHD,Male,0,Yes,Yes,45,25-48,Two year,No,Mailed check,20.35,929.2,No,0.0065,Low,1.59
2482-CZGBB,Male,0,No,No,10,0-12,Month-to-month,Fiber optic,Electronic check,70.0,740.0,Yes,0.6396,High,537.26
6479-SZPLM,Male,0,Yes,Yes,36,25-48,Two year,No,Credit card (automatic),19.45,754.5,No,0.0091,Low,2.12
8097-VBQTZ,Male,0,No,No,54,49+,Month-to-month,DSL,Mailed check,69.9,3883.3,No,0.0578,Low,48.48
4500-HKANN,Male,0,Yes,Yes,23,13-24,Two year,DSL,Mailed check,59.7,1414.2,No,0.0377,Low,27.01
9917-KWRBE,Female,0,Yes,Yes,41,25-48,One year,DSL,Credit card (automatic),78.35,3211.2,No,0.0565,Low,53.12
3420-ZDBMA,Male,1,No,No,5,0-12,Month-to-month,Fiber optic,Mailed check,71.45,371.6,No,0.6306,High,540.68
2212-LYASK,Male,0,Yes,Yes,27,25-48,One year,DSL,Credit card (automatic),45.85,1246.4,No,0.1482,Low,81.54
1393-IMKZG,Female,0,No,No,1,0-12,Month-to-month,Fiber optic,Electronic check,95.85,95.85,No,0.7116,High,818.48
8069-RHUXK,Female,0,Yes,Yes,67,49+,Two year,DSL,Credit card (automatic),35.7,2545.7,No,0.0048,Low,2.06
3398-GCPMU,Female,1,Yes,Yes,72,49+,Two year,DSL,Credit card (automatic),89.55,6448.85,No,0.0147,Low,15.8
2908-WGAXL,Female,0,Yes,Yes,56,49+,Two year,No,Credit card (automatic),24.95,1468.9,No,0.0072,Low,2.16
3378-AJRAO,Male,0,Yes,Yes,44,25-48,One year,No,Electronic check,24.85,1013.6,No,0.0246,Low,7.34
1013-QCWAM,Female,1,Yes,No,66,49+,Month-to-month,Fiber optic,Electronic check,100.8,6690.75,No,0.442,Medium,534.64
0866-QLSIR,Female,0,No,No,34,25-48,One year,DSL,Mailed check,64.4,2088.75,Yes,0.0554,Low,42.81
6050-FFXES,Female,0,Yes,No,69,49+,Two year,Fiber optic,Bank transfer (automatic),105.35,7240.65,No,0.06,Low,75.85
7181-BQYBV,Female,0,Yes,Yes,1,0-12,Month-to-month,Fiber optic,Electronic check,102.45,102.45,Yes,0.7302,High,897.71
0362-RAOQO,Female,0,No,No,40,25-48,Two year,No,Credit card (automatic),19.65,830.25,No,0.009,Low,2.12
9554-DFKIC,Male,0,Yes,Yes,30,25-48,Month-to-month,DSL,Bank transfer (automatic),54.45,1588.7,No,0.1476,Low,96.44
5527-ACHSO,Female,0,No,No,11,0-12,Month-to-month,DSL,Mailed check,70.5,829.3,No,0.2889,Low,244.41
0829-DDVLK,Female,0,No,No,15,13-24,One year,No,Credit card (automatic),20.1,302.45,No,0.0518,Low,12.49
1399-UBQIU,Male,0,No,No,11,0-12,Month-to-month,DSL,Electronic check,69.35,712.25,No,0.5348,High,445.06
1813-JLKWR,Female,0,Yes,Yes,64,49+,One year,No,Bank transfer (automatic),19.8,1336.65,No,0.0049,Low,1.16
0336-PIKEI,Male,1,Yes,No,72,49+,Two year,DSL,Bank transfer (automatic),74.4,5360.75,No,0.0064,Low,5.71
7322-OCWHC,Male,1,Yes,No,72,49+,Two year,Fiber optic,Bank transfer (automatic),93.05,6735.05,No,0.0305,Low,34.06
9537-VHDTA,Female,0,No,Yes,1,0-12,Month-to-month,DSL,Mailed check,51.2,51.2,No,0.2114,Low,129.88
4957-TIALW,Female,0,No,Yes,15,13-24,One year,DSL,Credit card (automatic),65.6,1010.0,No,0.0395,Low,31.09
2054-PJOCK,Female,0,No,No,60,49+,One year,DSL,Credit card (automatic),80.55,4847.05,No,0.0461,Low,44.56
9150-HEPMB,Male,0,No,No,56,49+,One year,DSL,Mailed check,52.7,3019.7,No,0.0218,Low,13.79
9030-QGZNL,Female,0,No,No,8,0-12,Two year,No,Mailed check,20.85,161.65,No,0.0403,Low,10.08
6204-IEUXJ,Female,0,No,No,3,0-12,Month-to-month,Fiber optic,Credit card (automatic),80.1,217.55,Yes,0.3971,Medium,381.69
3126-WQMGH,Female,0,Yes,No,49,49+,Month-to-month,DSL,Credit card (automatic),52.15,2583.75,No,0.1224,Low,76.6
4529-CKBCL,Female,0,No,No,2,0-12,Month-to-month,Fiber optic,Electronic check,80.2,146.05,Yes,0.738,High,710.25
2506-CLAKW,Female,0,No,No,6,0-12,Month-to-month,Fiber optic,Bank transfer (automatic),98.15,567.45,Yes,0.399,Medium,469.94
7176-WRTNX,Male,0,No,No,70,49+,Two year,Fiber optic,Bank transfer (automatic),114.95,7711.25,No,0.0513,Low,70.76
1583-IHQZE,Male,0,No,No,12,0-12,Month-to-month,Fiber optic,Mailed check,112.95,1384.75,Yes,0.5884,High,797.52
5732-IKGQH,Male,1,Yes,No,52,49+,One year,Fiber optic,Bank transfer (automatic),104.45,5481.25,No,0.1453,Low,182.12
9239-GZHZE,Female,0,Yes,No,72,49+,Two year,Fiber optic,Credit card (automatic),113.65,8124.2,No,0.0513,Low,69.96
7205-BAIAD,Female,0,No,No,40,25-48,Two year,No,Bank transfer (automatic),20.6,827.3,No,0.013,Low,3.21
0151-ONTOV,Female,0,No,No,1,0-12,Month-to-month,Fiber optic,Mailed check,70.9,70.9,Yes,0.5371,High,456.96
4140-MUHUG,Female,1,No,No,3,0-12,Month-to-month,Fiber optic,Electronic check,86.85,220.95,Yes,0.7416,High,772.9
0093-EXYQL,Female,1,No,No,40,25-48,Month-to-month,Fiber optic,Electronic check,91.55,3673.6,No,0.5605,High,615.77
8064-RAVOH,Male,0,No,Yes,1,0-12,Month-to-month,DSL,Electronic check,49.85,49.85,No,0.4521,Medium,270.45
0219-QAERP,Male,0,Yes,No,30,25-48,One year,No,Credit card (automatic),19.8,576.65,No,0.028,Low,6.65
0320-JDNQG,Male,0,Yes,Yes,23,13-24,Month-to-month,Fiber optic,Electronic check,99.85,2331.3,Yes,0.4312,Medium,516.66
7180-PISOG,Male,0,Yes,Yes,1,0-12,Month-to-month,Fiber optic,Electronic check,74.5,74.5,Yes,0.7254,High,648.51
9168-INPSZ,Female,1,Yes,No,44,25-48,Month-to-month,Fiber optic,Electronic check,104.15,4495.65,No,0.4557,Medium,569.53
3571-RFHAR,Male,0,No,No,65,49+,Month-to-month,Fiber optic,Electronic check,109.15,6941.2,Yes,0.3467,Medium,454.11
0015-UOCOJ,Female,1,No,No,7,0-12,Month-to-month,DSL,Electronic check,48.2,340.35,No,0.3977,Medium,230.03
5334-AFQJB,Male,1,No,No,72,49+,Two year,No,Credit card (automatic),25.1,1789.9,No,0.005,Low,1.51
2754-SDJRD,Female,1,No,No,8,0-12,Month-to-month,Fiber optic,Credit card (automatic),100.15,908.55,No,0.6832,High,821.07
9578-VRMNM,Female,0,No,No,16,13-24,Month-to-month,DSL,Credit card (automatic),65.2,1043.35,Yes,0.3922,Medium,306.86
1587-FKLZB,Male,1,Yes,Yes,66,49+,Month-to-month,Fiber optic,Credit card (automatic),99.5,6822.15,Yes,0.3438,Medium,410.5
6140-QNRQQ,Male,0,No,No,1,0-12,Month-to-month,Fiber optic,Mailed check,71.55,71.55,Yes,0.6275,High,538.77
8963-JLGJT,Male,0,No,Yes,3,0-12,Month-to-month,DSL,Mailed check,55.9,157.55,No,0.1973,Low,132.35
4307-KTUMW,Male,0,Yes,No,53,49+,Month-to-month,Fiber optic,Electronic check,93.9,5029.2,Yes,0.2894,Low,326.1
1465-LNTLJ,Male,1,Yes,No,8,0-12,Month-to-month,DSL,Credit card (automatic),64.4,581.7,No,0.3575,Medium,276.28
5440-FLBQG,Male,1,Yes,No,69,49+,Two year,Fiber optic,Bank transfer (automatic),108.4,7318.2,Yes,0.0897,Low,116.68
2135-DQWAQ,Female,0,No,No,5,0-12,Month-to-month,Fiber optic,Mailed check,85.3,420.45,No,0.6128,High,627.26
4056-QHXHZ,Female,0,Yes,Yes,72,49+,Two year,Fiber optic,Mailed check,107.45,7576.7,No,0.0351,Low,45.26
7470-MCQTK,Female,0,Yes,No,13,13-24,Month-to-month,DSL,Bank transfer (automatic),48.75,633.4,Yes,0.5549,High,324.62
7488-MXJIV,Female,0,No,No,4,0-12,Month-to-month,Fiber optic,Electronic check,85.65,321.65,Yes,0.7766,High,798.19
7401-JIXNM,Female,0,Yes,Yes,54,49+,Two year,DSL,Credit card (automatic),91.3,4965.0,No,0.0148,Low,16.21
9339-FIIJL,Male,0,Yes,No,72,49+,Two year,DSL,Bank transfer (automatic),85.95,6151.9,No,0.0159,Low,16.4
2027-FECZV,Male,0,No,No,12,0-12,Month-to-month,Fiber optic,Electronic check,106.7,1253.9,Yes,0.7401,High,947.62
2672-DZUOY,Male,0,No,No,1,0-12,Month-to-month,DSL,Electronic check,25.15,25.15,Yes,0.6515,High,196.62
4706-DGAHW,Male,1,No,No,1,0-12,Month-to-month,DSL,Electronic check,45.2,45.2,No,0.4593,Medium,249.12
3870-MQAMG,Female,0,Yes,No,54,49+,One year,Fiber optic,Electronic check,110.35,5893.15,Yes,0.1936,Low,256.37
6670-MFRPK,Male,0,Yes,Yes,69,49+,Two year,Fiber optic,Credit card (automatic),79.2,5420.65,No,0.0446,Low,42.39
6177-PEVRA,Female,0,No,No,48,25-48,Two year,DSL,Credit card (automatic),55.5,2627.35,No,0.0109,Low,7.26
4800-CZMPC,Female,0,Yes,Yes,48,25-48,One year,Fiber optic,Credit card (automatic),103.25,5037.55,Yes,0.1771,Low,219.43
4813-HQMGZ,Female,0,Yes,No,8,0-12,Month-to-month,Fiber optic,Electronic check,90.25,743.75,No,0.6899,High,747.16
7579-KKLOE,Male,0,Yes,Yes,71,49+,Two year,DSL,Mailed check,91.25,6589.6,No,0.015,Low,16.42
7377-DMMRI,Male,0,No,No,2,0-12,Month-to-month,DSL,Electronic check,47.8,92.45,Yes,0.4186,Medium,240.11
8402-EIVQS,Male,0,Yes,No,67,49+,One year,Fiber optic,Credit card (automatic),100.9,6733.15,No,0.0974,Low,117.93
4947-DSMXK,Male,0,Yes,Yes,34,25-48,Month-to-month,Fiber optic,Bank transfer (automatic),97.7,3410.0,No,0.5002,High,586.43
7245-NIIWQ,Female,0,No,No,3,0-12,Month-to-month,Fiber optic,Electronic check,69.85,199.85,No,0.687,High,575.84
0002-ORFBO,Female,0,Yes,Yes,9,0-12,One year,DSL,Mailed check,65.6,593.3,No,0.1426,Low,112.25
3324-OIRTO,Male,0,Yes,Yes,71,49+,One year,Fiber optic,Bank transfer (automatic),104.65,7288.4,No,0.0758,Low,95.19
5414-OFQCB,Male,0,No,No,57,49+,Two year,Fiber optic,Credit card (automatic),90.45,5229.8,No,0.0797,Low,86.51
4967-WPNCF,Male,0,No,No,72,49+,Two year,DSL,Bank transfer (automatic),63.7,4464.8,No,0.0143,Low,10.93
8552-OBVRU,Female,1,Yes,Yes,48,25-48,Month-to-month,Fiber optic,Electronic check,104.5,5068.05,No,0.3043,Medium,381.59
8499-BRXTD,Male,0,No,No,18,13-24,One year,No,Mailed check,20.1,401.85,No,0.0519,Low,12.52
9154-QDGTH,Male,0,Yes,Yes,43,25-48,One year,Fiber optic,Credit card (automatic),104.3,4451.85,No,0.2248,Low,281.36
8197-BFWVU,Female,0,Yes,Yes,72,49+,Two year,DSL,Bank transfer (automatic),93.25,6688.95,No,0.0124,Low,13.88
2577-GVSIL,Male,0,Yes,Yes,35,25-48,One year,DSL,Bank transfer (automatic),73.45,2661.1,No,0.1256,Low,110.7
9367-OIUXP,Male,0,No,No,4,0-12,Month-to-month,No,Mailed check,20.7,73.05,No,0.1695,Low,42.1
6770-UAYGJ,Female,0,Yes,Yes,49,49+,Two year,No,Mailed check,25.25,1211.65,No,0.0074,Low,2.24
6463-HHXJR,Female,0,Yes,Yes,71,49+,Two year,Fiber optic,Bank transfer (automatic),100.5,7030.65,No,0.027,Low,32.56
7928-VJYAB,Male,0,Yes,Yes,11,0-12,Month-to-month,Fiber optic,Electronic check,90.6,1020.2,No,0.6075,High,660.47
1187-WILMM,Male,0,Yes,Yes,63,49+,Two year,DSL,Credit card (automatic),89.4,5597.65,No,0.0169,Low,18.13
9776-OJUZI,Female,1,No,No,65,49+,Month-to-month,Fiber optic,Bank transfer (automatic),95.45,6223.3,No,0.2798,Low,320.48
1306-RPWXZ,Female,0,No,Yes,49,49+,Two year,No,Credit card (automatic),20.45,1024.65,No,0.0047,Low,1.15
8949-JTMAY,Female,0,No,No,29,25-48,Month-to-month,Fiber optic,Credit card (automatic),98.6,2933.2,Yes,0.5998,High,709.68
2774-LVQUS,Female,1,Yes,No,15,13-24,Month-to-month,Fiber optic,Electronic check,83.05,1258.3,Yes,0.6251,High,622.97
3097-PYWXL,Female,0,Yes,Yes,4,0-12,Month-to-month,No,Electronic check,19.95,82.9,No,0.2471,Low,59.16
2266-SJNAT,Female,0,Yes,No,72,49+,One year,Fiber optic,Credit card (automatic),109.15,7789.6,No,0.0925,Low,121.16
0869-PAPRP,Female,1,Yes,No,26,25-48,Month-to-month,Fiber optic,Credit card (automatic),85.7,2067.0,No,0.4887,Medium,502.58
4238-JSSWH,Female,1,Yes,No,35,25-48,Month-to-month,Fiber optic,Bank transfer (automatic),102.05,3452.55,No,0.4853,Medium,594.3
2972-YDYUW,Female,0,No,No,57,49+,One year,Fiber optic,Electronic check,94.7,5468.95,No,0.1351,Low,153.53
1104-FEJAM,Male,0,Yes,Yes,28,25-48,Month-to-month,DSL,Electronic check,64.4,1802.15,No,0.2459,Low,190.03
2809-ILCYT,Female,0,Yes,No,25,25-48,One year,No,Mailed check,26.8,733.55,No,0.0705,Low,22.67
5499-ECUTN,Female,0,Yes,No,47,25-48,One year,DSL,Credit card (automatic),66.05,3021.45,No,0.0488,Low,38.68
4981-FLTMF,Female,0,Yes,Yes,57,49+,Month-to-month,DSL,Bank transfer (automatic),65.2,3687.85,No,0.0264,Low,20.66
9121-PHQSR,Male,1,Yes,No,16,13-24,Month-to-month,Fiber optic,Credit card (automatic),85.05,1391.15,No,0.6623,High,675.94
3113-IWHLC,Male,0,No,No,5,0-12,Month-to-month,DSL,Mailed check,55.8,274.35,No,0.2937,Low,196.66
3211-ILJTT,Male,0,Yes,No,17,13-24,Month-to-month,Fiber optic,Bank transfer (automatic),70.4,1214.05,Yes,0.4885,Medium,412.68
4612-THJBS,Female,1,No,No,56,49+,One year,Fiber optic,Bank transfer (automatic),104.75,5510.65,Yes,0.2472,Low,310.73
4277-BWBML,Male,0,Yes,Yes,72,49+,Two year,No,Bank transfer (automatic),19.95,1322.85,No,0.0017,Low,0.41
4094-NSEDU,Female,1,No,No,21,13-24,Month-to-month,Fiber optic,Electronic check,94.25,1973.75,Yes,0.7633,High,863.29
0234-TEVTT,Female,0,Yes,Yes,48,25-48,One year,DSL,Credit card (automatic),45.0,2196.3,No,0.0389,Low,21.01
4304-TSPVK,Female,0,Yes,No,68,49+,Two year,Fiber optic,Bank transfer (automatic),114.9,7843.55,No,0.0409,Low,56.39
1552-AAGRX,Female,0,No,No,30,25-48,Month-to-month,Fiber optic,Bank transfer (automatic),106.4,3211.9,No,0.3176,Medium,405.51
2637-FKFSY,Female,0,Yes,No,3,0-12,Month-to-month,DSL,Mailed check,46.1,130.15,No,0.4128,Medium,228.36
9796-MVYXX,Female,1,No,No,14,13-24,Two year,DSL,Mailed check,39.7,692.35,No,0.0671,Low,31.97
7874-ECPQJ,Female,0,No,Yes,4,0-12,Month-to-month,No,Bank transfer (automatic),20.05,85.5,No,0.1792,Low,43.12
0020-INWCK,Female,0,Yes,Yes,71,49+,Two year,Fiber optic,Credit card (automatic),95.75,6849.4,No,0.0538,Low,61.82
7089-RKVSZ,Male,0,Yes,Yes,8,0-12,One year,No,Mailed check,24.4,203.95,No,0.0875,Low,25.62
2683-JXWQQ,Male,0,Yes,Yes,61,49+,Month-to-month,DSL,Bank transfer (automatic),33.6,2117.2,No,0.0356,Low,14.35
9548-ZMVTX,Male,0,Yes,Yes,72,49+,Two year,Fiber optic,Bank transfer (automatic),90.45,6565.85,No,0.0201,Low,21.82
8739-XNIKG,Female,0,No,No,5,0-12,Month-to-month,Fiber optic,Electronic check,84.0,424.75,No,0.7806,High,786.84
9755-JHNMN,Female,0,No,No,49,49+,Two year,DSL,Bank transfer (automatic),67.4,3306.85,No,0.0078,Low,6.31
3981-QSVQI,Male,0,No,No,8,0-12,Month-to-month,No,Bank transfer (automatic),19.7,168.9,No,0.1908,Low,45.11
2789-HQBOU,Male,0,No,No,3,0-12,Month-to-month,Fiber optic,Electronic check,80.35,253.8,No,0.7364,High,710.04
9424-CMPOG,Male,0,Yes,Yes,9,0-12,Two year,No,Mailed check,19.6,197.4,No,0.0337,Low,7.93
5067-WJEUN,Male,0,Yes,Yes,67,49+,Two year,DSL,Bank transfer (automatic),54.2,3838.2,No,0.0071,Low,4.62
3450-WXOAT,Male,0,No,No,46,25-48,Month-to-month,DSL,Credit card (automatic),45.2,2065.15,No,0.1033,Low,56.03
9251-WNSOD,Female,0,Yes,No,67,49+,One year,DSL,Mailed check,75.1,5064.45,No,0.0255,Low,22.98
6974-DAFLI,Female,0,Yes,No,55,49+,One year,No,Electronic check,19.7,1140.05,No,0.0136,Low,3.22
2616-UUTFK,Male,0,Yes,No,33,25-48,Month-to-month,DSL,Bank transfer (automatic),72.75,2447.45,No,0.1931,Low,168.58
7064-JHXCE,Male,0,Yes,Yes,62,49+,Two year,No,Credit card (automatic),20.05,1263.9,No,0.0027,Low,0.65
5103-MHMHY,Female,0,No,Yes,1,0-12,Month-to-month,DSL,Mailed check,45.95,45.95,Yes,0.2922,Low,161.12
7989-AWGEH,Male,0,Yes,Yes,49,49+,Month-to-month,DSL,Electronic check,39.2,1838.15,No,0.1467,Low,69.01
4373-VVHQL,Male,0,No,No,1,0-12,Month-to-month,DSL,Electronic check,44.75,44.75,No,0.5193,High,278.86
4559-UWIHT,Male,0,Yes,No,14,13-24,Month-to-month,Fiber optic,Electronic check,82.65,1185.0,No,0.6529,High,647.55
7268-IGMFD,Male,1,No,No,18,13-24,Month-to-month,Fiber optic,Bank transfer (automatic),93.9,1743.9,No,0.4782,Medium,538.84
1846-XWOQN,Female,1,No,No,1,0-12,Month-to-month,Fiber optic,Electronic check,70.15,70.15,Yes,0.7295,High,614.09
0235-KGSLC,Female,0,No,No,1,0-12,Month-to-month,Fiber optic,Credit card (automatic),85.55,85.55,Yes,0.6469,High,664.11
6650-BWFRT,Female,0,Yes,No,72,49+,Two year,Fiber optic,Credit card (automatic),117.15,8529.5,No,0.0506,Low,71.13
9570-KYEUA,Male,0,No,No,64,49+,Two year,Fiber optic,Credit card (automatic),99.25,6549.45,No,0.0355,Low,42.28
6993-YGFJV,Male,0,Yes,No,69,49+,Two year,Fiber optic,Bank transfer (automatic),112.55,7806.5,No,0.0601,Low,81.17
2712-SYWAY,Female,0,No,No,1,0-12,Month-to-month,No,Electronic check,25.7,25.7,No,0.3753,Medium,115.74
0730-BGQGF,Male,0,Yes,Yes,71,49+,Two year,DSL,Credit card (automatic),90.3,6287.3,No,0.009,Low,9.75
5498-IBWPI,Female,0,Yes,Yes,66,49+,One year,DSL,Credit card (automatic),49.4,3251.85,No,0.0151,Low,8.95
9101-NTIXF,Male,0,No,No,2,0-12,Month-to-month,No,Mailed check,19.4,50.6,No,0.1894,Low,44.09
0013-SMEOE,Female,1,Yes,No,71,49+,Two year,Fiber optic,Bank transfer (automatic),109.7,7904.25,No,0.0449,Low,59.11
9314-QDMDW,Male,0,No,No,11,0-12,One year,DSL,Electronic check,61.25,729.95,No,0.2736,Low,201.1
9308-ANMVE,Male,0,No,Yes,47,25-48,Month-to-month,DSL,Electronic check,55.3,2654.05,No,0.0761,Low,50.5
2884-GBPFB,Female,0,Yes,No,35,25-48,Month-to-month,Fiber optic,Electronic check,70.3,2416.55,Yes,0.4216,Medium,355.66
3757-NJYBX,Male,1,Yes,No,32,25-48,Month-to-month,Fiber optic,Bank transfer (automatic),106.35,3520.75,Yes,0.4934,Medium,629.68
3413-DHLPB,Male,0,Yes,Yes,60,49+,Month-to-month,Fiber optic,Bank transfer (automatic),103.75,5969.95,No,0.2431,Low,302.66
7649-PHJVR,Male,0,No,No,11,0-12,One year,No,Mailed check,19.5,226.8,No,0.0709,Low,16.59
6114-TCFID,Female,0,No,No,29,25-48,One year,DSL,Credit card (automatic),39.5,1082.75,No,0.0468,Low,22.18
3787-TRIAL,Male,0,Yes,Yes,21,13-24,Month-to-month,DSL,Electronic check,26.05,565.75,No,0.3797,Medium,118.69
2573-GYRUU,Male,1,Yes,No,48,25-48,Month-to-month,Fiber optic,Credit card (automatic),91.05,4370.75,No,0.4167,Medium,455.29
5156-UMKOW,Female,0,No,Yes,3,0-12,Month-to-month,DSL,Mailed check,29.65,90.05,No,0.3662,Medium,130.29
1247-QBVSH,Female,0,Yes,Yes,43,25-48,Month-to-month,DSL,Mailed check,50.2,2169.4,No,0.0658,Low,39.64
6734-GMPVK,Male,0,No,No,5,0-12,Month-to-month,Fiber optic,Electronic check,105.3,550.6,No,0.7135,High,901.58
9822-OAOVB,Female,0,No,No,1,0-12,Month-to-month,DSL,Electronic check,55.45,55.45,No,0.5641,High,375.35
6161-ERDGD,Male,0,Yes,Yes,71,49+,One year,DSL,Electronic check,85.45,6300.85,No,0.0309,Low,31.68
1226-JZNKR,Female,0,Yes,Yes,8,0-12,One year,No,Electronic check,19.8,160.05,No,0.0857,Low,20.36
7318-EIVKO,Male,0,No,No,8,0-12,Month-to-month,DSL,Electronic check,59.25,436.6,No,0.583,High,414.51
3771-PZOBW,Male,0,No,No,20,13-24,Month-to-month,Fiber optic,Credit card (automatic),90.7,1781.35,No,0.5827,High,634.21
5136-KCKGI,Female,0,Yes,Yes,33,25-48,One year,Fiber optic,Mailed check,103.7,3467.0,Yes,0.2882,Low,358.64
8231-BSWXX,Male,0,No,No,71,49+,One year,Fiber optic,Credit card (automatic),79.05,5552.5,No,0.0837,Low,79.4
6486-LHTMA,Female,1,Yes,No,31,25-48,One year,Fiber optic,Electronic check,90.7,2835.5,No,0.4684,Medium,509.81
4083-BFNYK,Female,1,Yes,No,38,25-48,One year,Fiber optic,Credit card (automatic),95.0,3591.25,No,0.1632,Low,186.05
3722-WPXTK,Male,0,No,No,1,0-12,Month-to-month,Fiber optic,Electronic check,88.35,88.35,Yes,0.798,High,846.04
7389-KBFIT,Female,0,Yes,Yes,2,0-12,Month-to-month,DSL,Mailed check,30.25,63.75,No,0.4675,Medium,169.7
7176-WIONM,Female,0,Yes,No,12,0-12,Month-to-month,DSL,Bank transfer (automatic),49.85,617.15,No,0.5581,High,333.86
5141-ZUVBH,Female,0,No,Yes,9,0-12,Month-to-month,Fiber optic,Bank transfer (automatic),93.0,870.25,No,0.2877,Low,321.07
1089-HDMKP,Male,1,No,Yes,11,0-12,Month-to-month,DSL,Electronic check,54.55,601.25,No,0.2832,Low,185.38
7623-HKYRK,Male,0,No,Yes,6,0-12,Month-to-month,No,Mailed check,19.7,111.65,No,0.1327,Low,31.37
0310-SUCIN,Female,0,Yes,No,71,49+,One year,DSL,Bank transfer (automatic),84.8,6046.1,No,0.0229,Low,23.3
5197-PYEPU,Female,0,Yes,Yes,42,25-48,One year,Fiber optic,Credit card (automatic),94.45,3923.8,No,0.1488,Low,168.65
2929-ERCFZ,Female,0,Yes,Yes,8,0-12,Month-to-month,Fiber optic,Electronic check,94.2,777.3,Yes,0.7074,High,799.64
7548-SEPYI,Female,0,No,No,5,0-12,Month-to-month,Fiber optic,Electronic check,96.25,512.45,Yes,0.727,High,839.68
8835-VSDSE,Female,0,Yes,No,2,0-12,Month-to-month,Fiber optic,Electronic check,70.7,141.45,Yes,0.6941,High,588.87
6619-RPLQZ,Female,0,Yes,Yes,45,25-48,Two year,No,Mailed check,20.85,892.15,No,0.0062,Low,1.55
3275-RHRNE,Male,0,Yes,Yes,28,25-48,One year,DSL,Credit card (automatic),60.0,1682.05,No,0.1386,Low,99.79
3503-TYDAY,Female,0,Yes,No,43,25-48,Month-to-month,Fiber optic,Electronic check,80.45,3398.9,No,0.3175,Medium,306.51
6901-GOGZG,Male,0,No,Yes,60,49+,Two year,DSL,Electronic check,84.95,4984.85,No,0.0295,Low,30.07
1623-NLDOT,Female,0,Yes,No,42,25-48,One year,DSL,Mailed check,33.55,1445.3,Yes,0.0474,Low,19.08
7021-XSNYE,Male,0,Yes,Yes,7,0-12,Two year,DSL,Credit card (automatic),49.65,305.55,No,0.0706,Low,42.06
9621-OUPYD,Female,0,Yes,No,25,25-48,One year,No,Bank transfer (automatic),20.2,507.9,No,0.0501,Low,12.14
9898-KZQDZ,Female,1,Yes,Yes,40,25-48,Month-to-month,Fiber optic,Credit card (automatic),94.55,3640.45,Yes,0.4904,Medium,556.41
8982-NHAVY,Male,0,No,No,27,25-48,One year,Fiber optic,Bank transfer (automatic),100.5,2673.45,No,0.4352,Medium,524.85
4307-KWMXE,Male,0,No,No,10,0-12,Month-to-month,DSL,Electronic check,35.75,389.8,No,0.3352,Medium,143.8
0141-YEAYS,Female,1,No,No,27,25-48,Month-to-month,Fiber optic,Bank transfer (automatic),86.45,2401.05,No,0.4631,Medium,480.42
2450-ZKEED,Female,0,No,No,11,0-12,One year,DSL,Bank transfer (automatic),53.8,651.55,No,0.104,Low,67.14
3694-DELSO,Male,0,Yes,Yes,4,0-12,Month-to-month,DSL,Credit card (automatic),38.55,156.1,No,0.3451,Medium,159.64
3893-JRNFS,Male,0,No,No,68,49+,Month-to-month,DSL,Bank transfer (automatic),39.9,2796.35,No,0.0898,Low,43.0
9603-OAIHC,Male,1,No,No,1,0-12,Month-to-month,Fiber optic,Electronic check,70.05,70.05,No,0.7345,High,617.42
1133-KXCGE,Female,0,No,No,18,13-24,One year,No,Mailed check,20.1,407.05,No,0.0509,Low,12.28
5236-PERKL,Female,0,No,No,57,49+,Two year,Fiber optic,Bank transfer (automatic),112.95,6465.0,Yes,0.0925,Low,125.37
0142-GVYSN,Male,0,No,No,26,25-48,Month-to-month,No,Electronic check,20.3,511.25,No,0.1291,Low,31.45
1049-FYSYG,Female,0,Yes,No,17,13-24,Month-to-month,DSL,Credit card (automatic),35.65,646.05,No,0.3342,Medium,142.97
7854-FOKSF,Male,0,No,No,1,0-12,Month-to-month,DSL,Electronic check,35.9,35.9,Yes,0.6123,High,263.78
2519-FAKOD,Male,0,No,Yes,38,25-48,Month-to-month,Fiber optic,Bank transfer (automatic),99.25,3777.15,Yes,0.4875,Medium,580.61
8406-LNMHF,Male,1,Yes,No,59,49+,One year,Fiber optic,Credit card (automatic),82.95,4903.15,No,0.0767,Low,76.35
1821-BUCWY,Male,0,No,No,30,25-48,Two year,DSL,Mailed check,55.65,1653.85,No,0.0395,Low,26.38
8263-JQAIK,Male,1,No,No,2,0-12,Month-to-month,DSL,Mailed check,24.45,47.5,Yes,0.608,High,178.39
0023-UYUPN,Female,1,Yes,No,50,49+,One year,No,Electronic check,25.2,1306.3,No,0.0271,Low,8.2
8314-DPQHL,Male,0,No,No,9,0-12,One year,DSL,Mailed check,50.8,463.6,No,0.1549,Low,94.43
1465-WCZVT,Female,0,Yes,Yes,3,0-12,Month-to-month,No,Mailed check,19.65,60.65,No,0.1498,Low,35.32
9481-SFCQY,Female,0,No,Yes,14,13-24,Month-to-month,DSL,Credit card (automatic),59.8,824.85,No,0.292,Low,209.54
6360-SVNWV,Female,1,No,No,31,25-48,Month-to-month,Fiber optic,Credit card (automatic),73.55,2094.65,No,0.2988,Low,263.72
0567-GGCAC,Female,0,No,No,7,0-12,Month-to-month,DSL,Electronic check,61.4,438.9,No,0.2274,Low,167.55
7089-IVVAZ,Female,0,No,No,8,0-12,Month-to-month,Fiber optic,Bank transfer (automatic),103.35,847.3,Yes,0.5677,High,704.06
8884-MRNSU,Male,0,Yes,Yes,17,13-24,One year,No,Bank transfer (automatic),19.9,329.75,No,0.0412,Low,9.84
2171-UDMFD,Male,0,Yes,Yes,32,25-48,Month-to-month,No,Credit card (automatic),19.45,674.55,No,0.0591,Low,13.79
9050-IKDZA,Female,1,No,No,2,0-12,Month-to-month,Fiber optic,Mailed check,81.5,162.55,No,0.6145,High,600.98
2205-YMZZJ,Male,1,No,No,7,0-12,Month-to-month,Fiber optic,Electronic check,84.8,546.95,Yes,0.792,High,805.94
9802-CAQUT,Female,0,Yes,Yes,72,49+,Two year,Fiber optic,Credit card (automatic),109.55,7887.25,No,0.0384,Low,50.48
1254-IZEYF,Female,1,No,No,31,25-48,Month-to-month,Fiber optic,Electronic check,99.95,3186.65,Yes,0.6775,High,812.59
0187-WZNAB,Female,0,Yes,Yes,27,25-48,Month-to-month,Fiber optic,Mailed check,74.4,1972.35,No,0.2116,Low,188.92
9492-TOKRI,Female,0,No,No,18,13-24,Month-to-month,Fiber optic,Credit card (automatic),90.0,1527.35,Yes,0.5597,High,604.48
1475-VWVDO,Male,0,No,No,7,0-12,Month-to-month,Fiber optic,Electronic check,74.9,490.55,No,0.6525,High,586.47
9221-OTIVJ,Female,1,No,No,14,13-24,Month-to-month,Fiber optic,Electronic check,104.85,1531.4,Yes,0.7661,High,963.91
1357-MVDOZ,Male,0,Yes,Yes,11,0-12,Month-to-month,DSL,Bank transfer (automatic),59.65,683.25,No,0.3349,Medium,239.72
7602-MVRMB,Female,0,Yes,Yes,72,49+,Two year,Fiber optic,Bank transfer (automatic),110.45,8058.85,No,0.0473,Low,62.69
3325-FUYCG,Male,0,Yes,Yes,28,25-48,One year,Fiber optic,Electronic check,106.1,2847.4,Yes,0.2605,Low,331.67
5908-QMGOE,Male,1,No,No,15,13-24,Month-to-month,Fiber optic,Credit card (automatic),74.2,1133.9,Yes,0.6102,High,543.32
1197-BVMVG,Female,1,No,No,4,0-12,Month-to-month,Fiber optic,Electronic check,74.45,294.45,No,0.7681,High,686.22
5406-KGRMX,Female,0,No,No,71,49+,Two year,No,Electronic check,24.55,1719.15,No,0.0047,Low,1.38
8481-YYXWG,Female,0,No,No,5,0-12,Month-to-month,Fiber optic,Electronic check,89.35,461.7,Yes,0.606,High,649.75
5968-HYJRZ,Male,0,Yes,Yes,47,25-48,Two year,No,Mailed check,24.55,1160.45,No,0.0085,Low,2.5
5198-EFNBM,Male,1,Yes,No,57,49+,One year,Fiber optic,Electronic check,90.65,5199.8,No,0.2074,Low,225.61
7516-GMHUV,Male,1,Yes,No,50,49+,Two year,Fiber optic,Credit card (automatic),105.05,5163.3,No,0.1415,Low,178.37
7140-ADSMJ,Male,0,No,No,8,0-12,Month-to-month,No,Credit card (automatic),20.45,162.3,No,0.1823,Low,44.74
2230-XTUWL,Female,0,Yes,Yes,48,25-48,Two year,No,Mailed check,19.55,883.35,No,0.0056,Low,1.31
7706-YLMQA,Female,0,No,No,70,49+,One year,No,Bank transfer (automatic),19.7,1341.5,No,0.0045,Low,1.06
2585-KTFRE,Male,0,No,Yes,1,0-12,Month-to-month,DSL,Bank transfer (automatic),70.45,70.45,No,0.2136,Low,180.58
7994-UYIVZ,Male,0,Yes,No,8,0-12,Month-to-month,Fiber optic,Bank transfer (automatic),85.65,659.45,No,0.6859,High,704.97
2609-IAICY,Female,0,No,No,1,0-12,Month-to-month,Fiber optic,Electronic check,77.15,77.15,Yes,0.7453,High,690.0
1740-CSDJP,Male,0,No,No,1,0-12,Month-to-month,DSL,Bank transfer (automatic),35.25,35.25,Yes,0.6138,High,259.64
7717-BICXI,Male,0,Yes,Yes,60,49+,Two year,No,Mailed check,20.55,1205.05,No,0.0033,Low,0.81
6559-RAKOZ,Male,0,Yes,Yes,49,49+,One year,Fiber optic,Electronic check,97.95,4917.9,No,0.2815,Low,330.88
2636-OHFMN,Male,0,Yes,No,4,0-12,Month-to-month,DSL,Electronic check,48.55,201.0,Yes,0.7008,High,408.29
4716-MRVEN,Female,0,No,No,29,25-48,One year,No,Mailed check,20.0,599.3,No,0.0313,Low,7.51
2143-LJULT,Female,0,Yes,No,67,49+,Two year,No,Credit card (automatic),25.25,1733.15,No,0.0055,Low,1.67
1323-OOEPC,Female,0,Yes,No,53,49+,Month-to-month,Fiber optic,Credit card (automatic),98.4,5149.5,Yes,0.3984,Medium,470.43
3200-MNQTF,Male,0,Yes,No,67,49+,Two year,DSL,Credit card (automatic),70.9,4677.1,No,0.006,Low,5.1
6164-HXUGH,Female,0,Yes,Yes,6,0-12,Month-to-month,No,Mailed check,19.85,119.3,No,0.1323,Low,31.51
5630-IXDXV,Female,0,No,No,47,25-48,Month-to-month,Fiber optic,Electronic check,106.35,4849.1,No,0.5211,High,665.03
0320-DWVTU,Female,0,No,No,53,49+,Two year,Fiber optic,Mailed check,99.5,5424.25,No,0.0327,Low,39.04
9135-MGVPY,Male,0,Yes,No,69,49+,Two year,DSL,Mailed check,84.7,5878.9,No,0.0139,Low,14.13
1212-GLHMD,Male,0,No,No,3,0-12,Month-to-month,Fiber optic,Mailed check,86.05,244.85,No,0.5675,High,586.0
7878-JGDKK,Male,0,No,No,4,0-12,Month-to-month,DSL,Mailed check,44.55,220.75,No,0.3307,Medium,176.79
1088-AUUZZ,Male,0,Yes,Yes,56,49+,Two year,DSL,Credit card (automatic),75.85,4261.2,No,0.0143,Low,13.02
0397-GZBBC,Male,1,Yes,No,59,49+,Month-to-month,Fiber optic,Bank transfer (automatic),93.85,5574.75,Yes,0.4362,Medium,491.25
6614-YWYSC,Male,1,Yes,No,61,49+,Two year,No,Bank transfer (automatic),25.0,1501.75,No,0.006,Low,1.8
9588-OZDMQ,Female,0,Yes,No,2,0-12,Month-to-month,DSL,Electronic check,45.0,89.75,No,0.5072,High,273.89
7641-EUYET,Male,1,Yes,Yes,46,25-48,Month-to-month,Fiber optic,Electronic check,100.7,4541.2,Yes,0.3541,Medium,427.89
6476-EPYZR,Male,0,Yes,Yes,12,0-12,Month-to-month,No,Mailed check,20.5,255.5,No,0.1044,Low,25.68
9921-ZVRHG,Female,0,No,No,14,13-24,Month-to-month,Fiber optic,Electronic check,80.45,1072.0,Yes,0.6581,High,635.33
1174-FGIFN,Female,0,Yes,Yes,28,25-48,One year,Fiber optic,Electronic check,90.45,2509.25,No,0.3221,Medium,349.61
6620-HVDUJ,Male,0,No,No,24,13-24,Month-to-month,DSL,Bank transfer (automatic),60.45,1440.75,No,0.0746,Low,54.11
4701-MLJPN,Male,0,No,No,31,25-48,Month-to-month,DSL,Electronic check,55.25,1715.65,Yes,0.1846,Low,122.39
1032-MAELW,Female,0,Yes,Yes,68,49+,One year,DSL,Electronic check,78.45,5333.35,No,0.0292,Low,27.49
7641-TQFHN,Male,0,No,Yes,39,25-48,Two year,Fiber optic,Mailed check,100.55,3895.35,No,0.108,Low,130.31
1552-TKMXS,Female,0,Yes,No,42,25-48,Month-to-month,No,Credit card (automatic),20.35,869.9,No,0.0317,Low,7.74
9206-GVPEQ,Male,0,Yes,No,13,13-24,Month-to-month,DSL,Electronic check,54.45,706.85,Yes,0.4659,Medium,304.42
8622-ZLFKO,Female,0,Yes,No,6,0-12,Month-to-month,Fiber optic,Electronic check,90.75,512.25,No,0.7367,High,802.27
1596-BBVTG,Male,0,No,No,35,25-48,Month-to-month,Fiber optic,Credit card (automatic),75.35,2636.05,Yes,0.3168,Medium,286.45
6188-UXBBR,Female,0,Yes,No,38,25-48,One year,No,Credit card (automatic),20.25,814.75,No,0.0276,Low,6.71
2333-KWEWW,Male,0,No,No,18,13-24,Two year,No,Credit card (automatic),20.05,388.6,No,0.0245,Low,5.89
5702-SKUOB,Female,0,Yes,No,4,0-12,Month-to-month,No,Mailed check,19.6,93.45,No,0.1749,Low,41.14
1134-YWTYF,Male,0,Yes,No,27,25-48,Month-to-month,DSL,Electronic check,53.8,1389.85,No,0.1933,Low,124.79
6061-GWWAV,Male,0,No,Yes,41,25-48,One year,DSL,Mailed check,70.2,2894.55,No,0.0344,Low,28.98
0679-TDGAK,Male,0,Yes,Yes,50,49+,One year,DSL,Electronic check,75.5,4025.6,No,0.0412,Low,37.33
6585-WCEWR,Male,0,Yes,Yes,72,49+,Two year,No,Electronic check,20.35,1354.4,No,0.0025,Low,0.61
9067-YGSCA,Female,0,No,No,70,49+,One year,No,Credit card (automatic),26.05,1856.4,No,0.0063,Low,1.97
9067-SQTNS,Male,0,Yes,Yes,44,25-48,One year,No,Bank transfer (automatic),20.6,926.0,No,0.0122,Low,3.02
8433-WXGNA,Male,0,No,No,2,0-12,Month-to-month,Fiber optic,Electronic check,75.7,189.2,Yes,0.5999,High,544.95
1776-SPBWV,Female,0,Yes,Yes,34,25-48,One year,No,Bank transfer (automatic),20.1,682.1,No,0.0271,Low,6.54
8735-SDUFN,Female,1,Yes,No,72,49+,Two year,No,Bank transfer (automatic),24.3,1778.7,No,0.0037,Low,1.08
9668-PUGNU,Male,0,Yes,No,71,49+,Two year,No,Electronic check,24.5,1816.2,No,0.0072,Low,2.12
9405-GPBBG,Female,0,No,No,64,49+,Two year,Fiber optic,Credit card (automatic),110.5,7069.25,No,0.0828,Low,109.79
1926-QUZNN,Female,0,Yes,No,72,49+,Two year,No,Bank transfer (automatic),25.25,1841.2,No,0.0045,Low,1.36
3707-GNWHM,Male,0,No,No,1,0-12,Month-to-month,Fiber optic,Mailed check,74.25,74.25,Yes,0.7062,High,629.22
7016-NVRIC,Male,1,Yes,No,29,25-48,One year,Fiber optic,Bank transfer (automatic),90.1,2656.7,No,0.1839,Low,198.83
5829-NVSQN,Female,0,Yes,No,23,13-24,One year,DSL,Bank transfer (automatic),68.75,1689.45,No,0.0883,Low,72.85
9565-AXSMR,Male,0,Yes,Yes,52,49+,Two year,No,Mailed check,19.2,1054.75,No,0.0049,Low,1.13
8922-LIEGH,Female,1,No,No,25,25-48,Month-to-month,Fiber optic,Electronic check,89.7,2187.55,Yes,0.6466,High,696.0
8869-LIHMK,Female,0,No,No,64,49+,Two year,Fiber optic,Bank transfer (automatic),115.1,7334.05,No,0.0614,Low,84.81
8245-UMPYT,Female,1,No,No,16,13-24,Month-to-month,Fiber optic,Electronic check,96.4,1581.2,Yes,0.7805,High,902.88
5186-SAMNZ,Male,1,No,No,1,0-12,Month-to-month,Fiber optic,Bank transfer (automatic),69.5,69.5,Yes,0.6571,High,548.02
0447-RXSGD,Male,0,No,No,24,13-24,Month-to-month,Fiber optic,Bank transfer (automatic),99.65,2404.85,No,0.604,High,722.26
4927-WWOOZ,Male,0,Yes,No,2,0-12,Month-to-month,Fiber optic,Electronic check,91.45,171.45,No,0.7843,High,860.69
5788-YPOEG,Female,0,Yes,Yes,34,25-48,Two year,DSL,Mailed check,84.75,2839.45,No,0.0218,Low,22.17
5373-SFODM,Male,1,Yes,No,36,25-48,Month-to-month,Fiber optic,Credit card (automatic),85.25,3132.75,Yes,0.5134,High,525.21
0661-KBKPA,Male,0,Yes,Yes,53,49+,One year,DSL,Mailed check,78.75,3942.45,No,0.0737,Low,69.65
9081-WWXKP,Female,0,Yes,Yes,47,25-48,Two year,No,Credit card (automatic),20.25,873.4,No,0.0051,Low,1.24
0784-ZQJZX,Male,0,No,Yes,72,49+,Two year,No,Credit card (automatic),19.9,1529.65,No,0.0017,Low,0.41
3133-PZNSR,Male,0,Yes,Yes,72,49+,Two year,Fiber optic,Credit card (automatic),97.75,6991.6,No,0.0285,Low,33.43
5766-ZJYBB,Male,0,No,No,1,0-12,Month-to-month,No,Mailed check,19.4,19.4,Yes,0.1961,Low,45.65
8931-GJJIQ,Female,0,No,No,9,0-12,Month-to-month,Fiber optic,Electronic check,83.3,803.3,Yes,0.7639,High,763.59
4277-PVRAN,Female,0,No,No,8,0-12,Month-to-month,Fiber optic,Bank transfer (automatic),80.1,679.3,Yes,0.6162,High,592.29
0022-TCJCI,Male,1,No,No,45,25-48,One year,DSL,Credit card (automatic),62.7,2791.5,Yes,0.0454,Low,34.16
0722-SVSFK,Female,0,No,No,7,0-12,Month-to-month,Fiber optic,Electronic check,100.4,715.0,No,0.6712,High,808.66
3612-YVGSJ,Female,0,Yes,No,71,49+,Two year,No,Credit card (automatic),24.45,1681.6,No,0.0046,Low,1.35
9825-YCXWZ,Female,1,No,No,41,25-48,One year,Fiber optic,Bank transfer (automatic),101.1,4016.2,No,0.2284,Low,277.09
5397-NSKQG,Male,0,Yes,Yes,67,49+,Two year,DSL,Credit card (automatic),50.9,3281.65,No,0.013,Low,7.94
8565-HBFNN,Male,0,Yes,No,69,49+,One year,Fiber optic,Credit card (automatic),107.2,7317.1,No,0.0699,Low,89.92
2000-DHJUY,Female,1,Yes,No,70,49+,Two year,DSL,Bank transfer (automatic),92.2,6474.45,No,0.0194,Low,21.46
0203-HHYIJ,Male,0,No,No,25,25-48,One year,No,Bank transfer (automatic),25.3,676.35,Yes,0.0477,Low,14.48
8670-ERCJH,Male,0,No,No,72,49+,Two year,Fiber optic,Bank transfer (automatic),113.4,8164.1,No,0.0378,Low,51.44
7758-UJWYS,Male,0,Yes,Yes,34,25-48,Two year,DSL,Electronic check,40.55,1325.85,No,0.0771,Low,37.52
2050-ONYDQ,Female,0,Yes,Yes,65,49+,Two year,No,Credit card (automatic),26.0,1654.85,No,0.0032,Low,1.0
7055-JCGNI,Female,0,No,No,70,49+,Two year,Fiber optic,Credit card (automatic),111.95,7795.95,No,0.0542,Low,72.81
0739-UUAJR,Female,0,Yes,Yes,72,49+,Two year,DSL,Credit card (automatic),53.8,3952.45,No,0.017,Low,10.98
4826-DXMUP,Male,0,No,Yes,35,25-48,One year,DSL,Mailed check,72.1,2495.15,No,0.0896,Low,77.52
0952-KMEEH,Male,0,No,No,13,13-24,Month-to-month,Fiber optic,Mailed check,98.15,1230.25,Yes,0.5537,High,652.15
7285-KLOTR,Female,0,Yes,No,12,0-12,One year,DSL,Electronic check,78.85,876.75,No,0.2548,Low,241.09
0654-PQKDW,Female,0,Yes,Yes,62,49+,One year,DSL,Bank transfer (automatic),70.75,4263.45,No,0.0179,Low,15.2
7175-NTIXE,Female,0,No,No,25,25-48,Month-to-month,DSL,Credit card (automatic),76.15,1992.95,No,0.1785,Low,163.11
7963-SHNDT,Female,0,No,No,52,49+,Two year,DSL,Mailed check,39.1,1982.1,No,0.0108,Low,5.07
9796-BPKIW,Male,1,No,No,8,0-12,Month-to-month,Fiber optic,Credit card (automatic),69.95,562.7,No,0.59,High,495.25
0188-GWFLE,Male,0,No,No,2,0-12,Month-to-month,No,Mailed check,20.05,33.7,No,0.1858,Low,44.7
8129-GMVGI,Female,0,Yes,Yes,56,49+,Two year,No,Mailed check,20.05,1090.1,No,0.0038,Low,0.91
2882-DDZPG,Female,0,No,No,12,0-12,Month-to-month,No,Bank transfer (automatic),19.45,227.45,No,0.1173,Low,27.38
3547-LQRIK,Female,0,Yes,No,47,25-48,One year,No,Electronic check,26.9,1250.85,No,0.0257,Low,8.3
9137-NOQKA,Male,1,No,No,2,0-12,Month-to-month,No,Electronic check,19.2,37.2,No,0.2688,Low,61.93
5843-TTHGI,Female,0,No,No,18,13-24,Month-to-month,DSL,Mailed check,50.0,892.7,No,0.2759,Low,165.54
1849-RJYIG,Female,0,No,No,8,0-12,Month-to-month,DSL,Electronic check,60.0,487.75,No,0.3993,Medium,287.5
8868-GAGIO,Male,0,Yes,No,45,25-48,Month-to-month,Fiber optic,Mailed check,84.55,3713.95,No,0.2748,Low,278.81
4061-UKJWL,Male,0,No,No,3,0-12,Month-to-month,DSL,Mailed check,45.45,141.7,No,0.3318,Medium,180.96
5380-XPJNZ,Female,0,No,No,38,25-48,One year,No,Mailed check,20.05,678.2,No,0.0204,Low,4.91
8263-QMNTJ,Male,0,Yes,No,72,49+,Two year,Fiber optic,Electronic check,115.55,8425.3,No,0.078,Low,108.15
8178-EYZUO,Male,0,No,No,46,25-48,Month-to-month,Fiber optic,Electronic check,93.7,4154.8,Yes,0.3716,Medium,417.83
3230-JCNZS,Female,0,Yes,Yes,71,49+,Two year,Fiber optic,Credit card (automatic),99.0,7061.65,No,0.0395,Low,46.93
0277-ORXQS,Male,0,Yes,Yes,66,49+,Two year,DSL,Bank transfer (automatic),50.55,3364.55,No,0.0153,Low,9.28
5130-IEKQT,Male,1,No,No,25,25-48,Month-to-month,Fiber optic,Mailed check,105.95,2655.25,Yes,0.5493,High,698.38
3230-WYKIR,Male,0,No,No,18,13-24,One year,DSL,Credit card (automatic),82.0,1425.45,Yes,0.2075,Low,204.18
7996-BPXHY,Female,0,Yes,Yes,13,13-24,Two year,No,Bank transfer (automatic),25.0,332.5,No,0.0482,Low,14.46
3227-WLKLI,Female,0,Yes,Yes,65,49+,Two year,DSL,Bank transfer (automatic),91.55,5963.95,No,0.0109,Low,11.97
0407-BDJKB,Male,0,Yes,No,60,49+,Month-to-month,Fiber optic,Electronic check,95.75,5742.9,Yes,0.3711,Medium,426.39
2266-FUBDZ,Male,0,Yes,Yes,15,13-24,Two year,No,Mailed check,19.35,278.85,No,0.0258,Low,5.99
8237-ULIXL,Female,0,Yes,No,72,49+,Two year,No,Credit card (automatic),24.85,1871.85,No,0.0031,Low,0.92
9600-UDOPK,Male,0,Yes,No,30,25-48,Month-to-month,Fiber optic,Credit card (automatic),94.05,2866.45,Yes,0.6012,High,678.51
8216-AZUUZ,Female,0,Yes,Yes,42,25-48,Two year,Fiber optic,Electronic check,100.4,4303.65,No,0.1401,Low,168.79
9153-BTBVV,Female,0,Yes,No,71,49+,Two year,No,Bank transfer (automatic),25.0,1753.0,No,0.0033,Low,0.99
4074-SJFFA,Female,0,No,No,1,0-12,Month-to-month,DSL,Mailed check,54.75,54.75,Yes,0.4931,Medium,323.97
3269-ATYWD,Male,1,No,No,39,25-48,Month-to-month,Fiber optic,Bank transfer (automatic),95.65,3759.05,Yes,0.5656,High,649.2
5186-PEIZU,Female,0,No,No,35,25-48,Month-to-month,No,Bank transfer (automatic),19.25,617.65,No,0.0439,Low,10.14
1074-AMIOH,Female,0,Yes,Yes,53,49+,Month-to-month,Fiber optic,Bank transfer (automatic),108.25,5935.1,No,0.2181,Low,283.31
4910-GMJOT,Female,0,No,No,1,0-12,Month-to-month,Fiber optic,Electronic check,94.6,94.6,Yes,0.8319,High,944.37
0354-WYROK,Female,1,Yes,Yes,31,25-48,Month-to-month,Fiber optic,Electronic check,98.9,2911.3,Yes,0.4965,Medium,589.25
4361-FEBGN,Male,0,No,No,48,25-48,Two year,No,Credit card (automatic),20.15,982.95,No,0.0063,Low,1.52
7748-UMTRK,Female,1,No,Yes,30,25-48,Month-to-month,Fiber optic,Electronic check,101.3,2974.5,No,0.5699,High,692.77
0380-ZCSBI,Male,0,No,No,10,0-12,Month-to-month,No,Credit card (automatic),20.0,198.7,No,0.1245,Low,29.88
7145-FEJWU,Female,0,No,Yes,12,0-12,Month-to-month,Fiber optic,Electronic check,105.3,1275.65,No,0.6996,High,884.01
6463-MVYRY,Female,1,No,No,57,49+,Two year,DSL,Bank transfer (automatic),69.85,4003.0,No,0.0113,Low,9.47
3969-JQABI,Female,0,Yes,No,58,49+,Month-to-month,DSL,Credit card (automatic),65.25,3791.6,No,0.0596,Low,46.67
9624-EGDEQ,Female,0,No,No,37,25-48,Two year,No,Mailed check,19.8,813.3,No,0.0115,Low,2.73
1051-EQPZR,Female,0,Yes,Yes,44,25-48,Month-to-month,No,Mailed check,19.6,780.25,No,0.0257,Low,6.04
5849-ASHZJ,Male,0,No,Yes,27,25-48,One year,No,Credit card (automatic),20.05,552.9,No,0.0252,Low,6.06
5780-INQIK,Female,0,No,No,8,0-12,Month-to-month,DSL,Electronic check,49.4,408.25,No,0.2792,Low,165.51
7576-OYWBN,Male,1,No,No,3,0-12,Month-to-month,Fiber optic,Electronic check,76.05,231.8,Yes,0.7698,High,702.52
4526-ZJJTM,Female,1,Yes,No,25,25-48,Month-to-month,Fiber optic,Bank transfer (automatic),88.4,2191.15,No,0.3982,Medium,422.41
8384-FZBJK,Female,0,Yes,Yes,57,49+,Month-to-month,Fiber optic,Electronic check,100.6,5611.7,No,0.4043,Medium,488.07
3750-RNQKR,Female,0,No,No,12,0-12,Month-to-month,No,Mailed check,19.45,246.25,No,0.126,Low,29.41
0962-CQPWQ,Female,0,Yes,Yes,62,49+,Two year,No,Bank transfer (automatic),20.3,1296.15,No,0.0027,Low,0.66
3096-YXENJ,Female,0,Yes,No,65,49+,Two year,Fiber optic,Bank transfer (automatic),107.65,7082.85,No,0.0902,Low,116.52
1265-BCFEO,Female,0,Yes,No,71,49+,Two year,DSL,Bank transfer (automatic),80.45,5662.25,No,0.0255,Low,24.62
5837-LXSDN,Female,0,Yes,Yes,21,13-24,One year,DSL,Credit card (automatic),58.85,1215.45,No,0.1258,Low,88.84
5945-AZYHT,Male,0,Yes,No,71,49+,One year,Fiber optic,Electronic check,109.6,7854.15,No,0.1859,Low,244.5
8325-QRPZR,Female,0,No,No,7,0-12,Month-to-month,Fiber optic,Electronic check,75.15,525.0,No,0.6475,High,583.92
6384-VMJHP,Female,0,No,No,72,49+,Two year,DSL,Credit card (automatic),73.0,5265.2,No,0.0076,Low,6.66
2262-SLNVK,Female,0,No,No,1,0-12,Month-to-month,Fiber optic,Electronic check,70.1,70.1,No,0.6177,High,519.61
7730-CLDSV,Female,0,Yes,Yes,72,49+,Two year,Fiber optic,Bank transfer (automatic),98.65,7129.45,No,0.0418,Low,49.48
1135-HIORI,Female,0,Yes,Yes,64,49+,One year,Fiber optic,Electronic check,111.45,7266.95,No,0.1809,Low,241.94
0164-APGRB,Female,0,No,No,72,49+,Two year,Fiber optic,Electronic check,114.9,8496.7,No,0.0775,Low,106.86
6481-ESCNL,Female,0,No,No,29,25-48,Month-to-month,Fiber optic,Bank transfer (automatic),100.55,2878.75,No,0.4986,Medium,601.61
1790-NESIO,Female,0,No,No,13,13-24,Two year,No,Mailed check,20.4,261.3,No,0.0468,Low,11.46
1550-EENBN,Female,0,No,No,31,25-48,Month-to-month,Fiber optic,Electronic check,104.35,3205.6,No,0.4564,Medium,571.5
5539-TMZLF,Male,1,No,No,1,0-12,Month-to-month,Fiber optic,Electronic check,69.75,69.75,Yes,0.7362,High,616.2
4323-SADQS,Male,0,Yes,Yes,7,0-12,Month-to-month,DSL,Electronic check,34.5,279.25,Yes,0.3537,Medium,146.43
4446-BZKHU,Male,0,Yes,No,61,49+,Month-to-month,Fiber optic,Electronic check,105.55,6281.45,Yes,0.4431,Medium,561.23
5202-IVJNU,Female,0,No,Yes,39,25-48,Month-to-month,DSL,Credit card (automatic),30.1,1131.3,Yes,0.108,Low,39.01
5976-JCJRH,Male,0,Yes,No,10,0-12,Month-to-month,Fiber optic,Electronic check,70.3,738.2,Yes,0.6424,High,541.93
8198-RKSZG,Female,0,Yes,Yes,14,13-24,Month-to-month,DSL,Credit card (automatic),80.45,1137.05,No,0.2337,Low,225.61
0137-OCGAB,Female,0,No,No,1,0-12,Month-to-month,Fiber optic,Mailed check,80.2,80.2,Yes,0.6569,High,632.2
3351-NQLDI,Female,0,Yes,Yes,67,49+,One year,Fiber optic,Credit card (automatic),94.35,6341.45,Yes,0.066,Low,74.73
9297-EONCV,Female,0,No,No,72,49+,Two year,DSL,Bank transfer (automatic),91.35,6697.2,No,0.0161,Low,17.65
7593-JNWRU,Male,0,Yes,Yes,6,0-12,Month-to-month,DSL,Bank transfer (automatic),44.6,260.8,Yes,0.3298,Medium,176.51
4588-YBNIB,Female,0,No,No,1,0-12,Month-to-month,No,Mailed check,19.6,19.6,Yes,0.2557,Low,60.14
1069-QJOEE,Male,0,Yes,Yes,25,25-48,One year,No,Electronic check,19.9,505.45,No,0.0421,Low,10.05
3336-JORSO,Female,1,No,No,33,25-48,Month-to-month,Fiber optic,Electronic check,110.45,3655.45,Yes,0.5787,High,767.01
7799-DSEWS,Male,0,No,No,18,13-24,Month-to-month,DSL,Electronic check,68.35,1299.8,No,0.2553,Low,209.4
8766-PAFNE,Male,0,Yes,No,71,49+,Two year,DSL,Credit card (automatic),79.1,5564.85,No,0.0164,Low,15.57
5315-CKEQK,Male,1,Yes,Yes,28,25-48,One year,DSL,Electronic check,51.0,1381.8,No,0.1828,Low,111.87
3130-ICDUP,Female,0,No,Yes,2,0-12,Month-to-month,Fiber optic,Credit card (automatic),80.55,188.1,No,0.4158,Medium,401.91
0820-FNRNX,Male,0,Yes,Yes,17,13-24,Month-to-month,DSL,Mailed check,66.7,1077.05,No,0.202,Low,161.68
0880-FVFWF,Male,0,No,No,56,49+,Month-to-month,Fiber optic,Electronic check,86.4,4922.4,No,0.2388,Low,247.59
4611-ANLQC,Female,0,Yes,No,60,49+,One year,DSL,Electronic check,50.05,2911.5,No,0.0397,Low,23.84
4213-HKBJO,Female,0,No,No,33,25-48,Two year,No,Credit card (automatic),25.7,826.1,No,0.0164,Low,5.06
2792-LSHWX,Female,0,No,No,1,0-12,Month-to-month,Fiber optic,Mailed check,83.4,83.4,No,0.4065,Medium,406.83
5028-GZLDO,Male,0,No,No,2,0-12,Month-to-month,Fiber optic,Credit card (automatic),70.7,140.7,Yes,0.5085,High,431.41
0014-BMAQU,Male,0,Yes,No,63,49+,Two year,Fiber optic,Credit card (automatic),84.65,5377.8,No,0.035,Low,35.55
6861-XWTWQ,Male,1,Yes,No,7,0-12,Month-to-month,Fiber optic,Electronic check,99.25,665.45,Yes,0.8297,High,988.17
9018-PCIOK,Female,0,No,No,55,49+,Two year,DSL,Mailed check,64.75,3617.1,No,0.0284,Low,22.07
4837-QUSFT,Female,0,Yes,No,65,49+,One year,Fiber optic,Bank transfer (automatic),100.15,6643.5,No,0.0813,Low,97.71
6877-TJMBR,Male,0,Yes,No,1,0-12,Month-to-month,Fiber optic,Electronic check,84.8,84.8,Yes,0.6802,High,692.17
9953-ZMKSM,Male,0,No,No,63,49+,Two year,No,Mailed check,25.25,1559.3,No,0.005,Low,1.52
0907-HQNTS,Female,1,Yes,No,70,49+,Two year,Fiber optic,Credit card (automatic),113.0,7987.6,No,0.064,Low,86.78
7665-NKLAV,Female,0,Yes,Yes,36,25-48,Two year,DSL,Credit card (automatic),40.65,1547.35,No,0.0174,Low,8.49
6769-DCQLI,Male,0,No,No,52,49+,One year,Fiber optic,Bank transfer (automatic),105.0,5426.85,Yes,0.1521,Low,191.65
2433-KMEAS,Male,0,No,No,22,13-24,Month-to-month,DSL,Electronic check,54.45,1127.35,Yes,0.2958,Low,193.28
4391-LNRXK,Male,0,No,No,22,13-24,Month-to-month,Fiber optic,Bank transfer (automatic),94.95,2142.8,No,0.3854,Medium,439.12
8250-ZNGGW,Female,1,No,No,5,0-12,Month-to-month,DSL,Credit card (automatic),59.9,287.85,No,0.1525,Low,109.62
2195-ZRVAX,Female,0,Yes,No,47,25-48,Month-to-month,Fiber optic,Electronic check,85.3,4045.65,Yes,0.4081,Medium,417.73
3550-SAHFP,Female,0,No,No,33,25-48,Month-to-month,Fiber optic,Electronic check,83.35,2757.85,Yes,0.6001,High,600.22
2011-TRQYE,Male,0,No,No,18,13-24,Month-to-month,DSL,Credit card (automatic),33.5,600.0,Yes,0.3354,Medium,134.83
8562-GHPPI,Female,0,No,No,1,0-12,Month-to-month,No,Credit card (automatic),19.8,19.8,No,0.1746,Low,41.48
5893-PYOLZ,Male,0,No,No,56,49+,Two year,DSL,Credit card (automatic),81.8,4534.45,No,0.0247,Low,24.25
4986-MXSFP,Female,0,No,No,2,0-12,Month-to-month,No,Mailed check,20.0,40.9,No,0.2448,Low,58.75
6131-FOYAS,Male,0,No,No,35,25-48,Month-to-month,DSL,Electronic check,59.6,2094.9,No,0.2061,Low,147.4
3027-YNWZU,Female,0,Yes,No,64,49+,Two year,No,Credit card (automatic),25.0,1584.8,No,0.0043,Low,1.29
5609-IMCGG,Female,0,No,No,15,13-24,Month-to-month,Fiber optic,Credit card (automatic),84.35,1302.65,No,0.4624,Medium,468.04
4873-ILOLJ,Male,0,No,No,24,13-24,Month-to-month,Fiber optic,Electronic check,90.35,2238.5,Yes,0.6548,High,709.93
4727-MCYZG,Male,0,No,No,1,0-12,Month-to-month,DSL,Mailed check,55.55,55.55,No,0.4013,Medium,267.51
9481-WHGWY,Female,0,Yes,Yes,70,49+,Two year,DSL,Credit card (automatic),75.35,5437.75,No,0.0071,Low,6.42
2725-KXXWT,Male,0,Yes,No,1,0-12,Month-to-month,Fiber optic,Electronic check,90.75,90.75,Yes,0.7896,High,859.87
9565-DJPIB,Female,0,No,Yes,4,0-12,Month-to-month,Fiber optic,Mailed check,89.6,365.65,Yes,0.5514,High,592.87
4328-VUFWD,Female,0,No,No,39,25-48,One year,DSL,Electronic check,59.3,2209.15,No,0.0704,Low,50.1
3301-LSLWQ,Female,0,No,No,29,25-48,Month-to-month,DSL,Electronic check,66.1,1912.15,No,0.2905,Low,230.42
7473-ZBDSN,Female,0,Yes,Yes,14,13-24,Two year,No,Mailed check,18.8,255.55,No,0.0268,Low,6.05
3166-PNEOF,Female,0,No,No,61,49+,Two year,DSL,Credit card (automatic),86.45,5175.3,No,0.0159,Low,16.49
5639-NTUPK,Male,0,No,Yes,13,13-24,Month-to-month,DSL,Credit card (automatic),52.1,670.65,No,0.1788,Low,111.79
8780-YRMTT,Female,0,No,No,66,49+,Two year,DSL,Mailed check,47.4,3177.25,No,0.0088,Low,5.01
8348-HFYIV,Male,0,No,No,2,0-12,Month-to-month,DSL,Electronic check,49.25,90.35,Yes,0.735,High,434.38
5140-FOMCQ,Female,0,Yes,No,59,49+,One year,Fiber optic,Credit card (automatic),109.15,6557.75,No,0.1695,Low,222.01
6242-SGYTS,Male,0,Yes,Yes,62,49+,One year,Fiber optic,Credit card (automatic),94.95,5791.85,No,0.0893,Low,101.75
8166-ORCHU,Male,1,Yes,No,33,25-48,One year,Fiber optic,Electronic check,93.55,3055.5,No,0.2124,Low,238.44
8414-OOEEL,Male,0,No,Yes,66,49+,Two year,DSL,Credit card (automatic),79.5,5196.1,No,0.015,Low,14.31
8454-AATJP,Female,0,No,No,72,49+,Two year,Fiber optic,Credit card (automatic),115.05,8405.0,No,0.036,Low,49.7
6849-WLEYG,Male,0,No,Yes,1,0-12,Month-to-month,No,Mailed check,19.75,19.75,Yes,0.1614,Low,38.25
4659-NZRUF,Female,0,No,No,19,13-24,Month-to-month,Fiber optic,Electronic check,95.15,1789.25,Yes,0.5581,High,637.24
4531-AUZNK,Female,0,Yes,Yes,51,49+,One year,Fiber optic,Mailed check,95.15,5000.05,No,0.1128,Low,128.8
4191-XOVOM,Male,0,No,No,63,49+,Month-to-month,Fiber optic,Electronic check,105.4,6713.2,No,0.2785,Low,352.25
2150-OEGBV,Male,0,No,No,27,25-48,One year,No,Bank transfer (automatic),20.1,562.6,No,0.0324,Low,7.81
8429-XIBUM,Male,0,No,No,22,13-24,Month-to-month,Fiber optic,Bank transfer (automatic),101.35,2317.1,Yes,0.5507,High,669.76
1855-CFULU,Female,1,No,No,4,0-12,Month-to-month,No,Mailed check,20.05,91.45,No,0.1909,Low,45.93
4878-BUNFV,Male,0,Yes,Yes,42,25-48,Two year,No,Mailed check,20.7,828.85,No,0.0073,Low,1.81
1872-EBWSC,Female,0,No,No,29,25-48,One year,No,Mailed check,20.35,617.35,No,0.0311,Low,7.59
2608-BHKFN,Female,0,No,No,4,0-12,Month-to-month,Fiber optic,Credit card (automatic),70.05,266.9,Yes,0.5817,High,488.98
7026-YMSBE,Male,0,No,No,30,25-48,One year,No,Mailed check,19.7,625.05,No,0.0309,Low,7.3
7341-LXCAF,Male,0,Yes,No,4,0-12,Month-to-month,Fiber optic,Electronic check,74.65,301.4,Yes,0.7491,High,671.04
6997-UVGOX,Male,0,Yes,Yes,71,49+,Two year,DSL,Bank transfer (automatic),85.45,6029.9,No,0.0066,Low,6.77
9674-EHPPG,Male,0,Yes,No,46,25-48,Two year,DSL,Credit card (automatic),40.4,1842.7,No,0.0146,Low,7.08
9462-MJUAW,Male,0,No,No,4,0-12,Month-to-month,DSL,Mailed check,50.4,206.6,Yes,0.3895,Medium,235.57
8128-YVJRG,Female,0,No,No,7,0-12,Month-to-month,Fiber optic,Mailed check,79.65,604.7,Yes,0.5585,High,533.81
5440-VHLUL,Male,0,No,No,69,49+,One year,Fiber optic,Bank transfer (automatic),105.2,7386.05,No,0.1404,Low,177.24
5781-BKHOP,Female,0,Yes,No,72,49+,Two year,Fiber optic,Bank transfer (automatic),100.65,7334.05,No,0.0341,Low,41.19
4283-FUTGF,Male,1,No,No,19,13-24,Month-to-month,Fiber optic,Electronic check,79.85,1471.75,Yes,0.6631,High,635.38
5213-TWWJU,Male,0,No,No,28,25-48,Month-to-month,Fiber optic,Electronic check,91.0,2626.15,No,0.3774,Medium,412.12
1569-TTNYJ,Male,0,Yes,No,5,0-12,Month-to-month,Fiber optic,Electronic check,78.75,412.1,Yes,0.7146,High,675.3
8628-MFKAX,Female,1,Yes,No,72,49+,Two year,Fiber optic,Credit card (automatic),116.75,8277.05,No,0.0556,Low,77.9
2397-BRLOM,Male,1,Yes,Yes,8,0-12,Month-to-month,Fiber optic,Credit card (automatic),80.45,583.45,Yes,0.5916,High,571.13
7629-WIXZF,Female,0,No,No,7,0-12,One year,DSL,Electronic check,59.1,369.25,No,0.2572,Low,182.41
5445-GLVOT,Female,0,No,No,22,13-24,Month-to-month,DSL,Electronic check,49.8,1049.05,No,0.231,Low,138.05
3976-HXHCE,Male,0,No,No,72,49+,Two year,No,Bank transfer (automatic),19.3,1414.8,No,0.0022,Low,0.51
2466-NEJOJ,Male,0,Yes,Yes,8,0-12,Month-to-month,No,Credit card (automatic),19.65,169.75,No,0.1141,Low,26.9
0254-KCJGT,Male,0,Yes,No,52,49+,One year,DSL,Credit card (automatic),81.4,4354.45,No,0.0401,Low,39.17
5472-CVMDX,Female,0,No,No,68,49+,Two year,DSL,Mailed check,38.9,2719.2,No,0.0066,Low,3.08
6461-SZMCV,Female,0,Yes,No,71,49+,Two year,DSL,Bank transfer (automatic),87.95,6365.35,No,0.0124,Low,13.09
8150-QUDFX,Male,0,No,No,2,0-12,Month-to-month,No,Mailed check,19.85,51.6,No,0.1873,Low,44.61
9508-ILZDG,Female,1,No,No,34,25-48,Month-to-month,Fiber optic,Electronic check,96.35,3190.25,No,0.4885,Medium,564.8
2346-DJQTB,Female,0,No,No,35,25-48,Month-to-month,DSL,Electronic check,24.15,812.5,No,0.2193,Low,63.55
1697-LYYYX,Female,0,Yes,Yes,61,49+,One year,No,Credit card (automatic),19.1,1143.8,No,0.0055,Low,1.26
1942-OQFRW,Male,0,No,No,1,0-12,Month-to-month,DSL,Electronic check,44.0,44.0,No,0.4328,Medium,228.52
4749-VFKVB,Female,0,No,No,1,0-12,Month-to-month,DSL,Mailed check,50.1,50.1,Yes,0.5059,High,304.15
9640-ZSLDC,Female,0,Yes,Yes,53,49+,One year,DSL,Credit card (automatic),60.6,3297.0,No,0.0333,Low,24.22
4231-LZUYM,Female,0,Yes,No,72,49+,Two year,No,Bank transfer (automatic),25.65,1887.0,No,0.0031,Low,0.95
7598-UAASY,Male,0,Yes,No,2,0-12,Month-to-month,Fiber optic,Electronic check,76.4,151.8,Yes,0.6013,High,551.27
7938-OUHIO,Male,0,No,No,3,0-12,Month-to-month,Fiber optic,Electronic check,98.7,293.65,Yes,0.7097,High,840.57
8510-AWCXC,Female,1,No,No,13,13-24,Month-to-month,Fiber optic,Electronic check,100.8,1308.1,Yes,0.7212,High,872.36
6128-AQBMT,Male,1,Yes,No,41,25-48,Month-to-month,DSL,Electronic check,53.95,2215.4,No,0.3854,Medium,249.51
3594-BDSOA,Female,0,Yes,No,24,13-24,One year,No,Credit card (automatic),20.4,482.8,No,0.0353,Low,8.64
0431-APWVY,Female,0,Yes,Yes,28,25-48,One year,Fiber optic,Bank transfer (automatic),90.1,2598.95,Yes,0.3131,Medium,338.52
5133-VRSAB,Male,0,No,No,8,0-12,Month-to-month,DSL,Mailed check,29.35,216.45,No,0.3183,Medium,112.11
5996-DAOQL,Male,0,No,No,1,0-12,Month-to-month,No,Mailed check,20.45,20.45,No,0.255,Low,62.58
6838-YAUVY,Female,0,No,No,54,49+,Two year,Fiber optic,Bank transfer (automatic),95.1,5064.85,No,0.0868,Low,99.06
0484-JPBRU,Male,0,No,No,41,25-48,Month-to-month,No,Bank transfer (automatic),25.25,996.45,No,0.0659,Low,19.97
7883-ROJOC,Female,0,Yes,No,19,13-24,Month-to-month,DSL,Mailed check,44.9,839.65,No,0.2089,Low,112.56
0244-LGNFY,Female,0,Yes,Yes,72,49+,Two year,DSL,Bank transfer (automatic),92.65,6733.0,No,0.0089,Low,9.9
7274-CGTOD,Male,0,No,No,62,49+,Two year,DSL,Bank transfer (automatic),43.7,2618.3,No,0.0101,Low,5.3
4295-YURET,Female,1,Yes,Yes,56,49+,Two year,DSL,Credit card (automatic),72.6,4084.35,No,0.0191,Low,16.64
3426-NIYYL,Male,0,No,No,15,13-24,Month-to-month,DSL,Electronic check,51.55,765.5,Yes,0.3531,Medium,218.43
8225-BTJAU,Male,1,No,No,10,0-12,Month-to-month,Fiber optic,Electronic check,79.25,793.55,Yes,0.7259,High,690.33
4635-EJYPD,Male,0,Yes,Yes,32,25-48,Two year,No,Mailed check,18.95,613.95,No,0.0121,Low,2.75
1866-ZSLJM,Male,0,No,No,21,13-24,Month-to-month,No,Credit card (automatic),20.5,402.85,No,0.0778,Low,19.14
4636-TVXVG,Male,0,Yes,Yes,62,49+,One year,No,Bank transfer (automatic),19.95,1244.8,No,0.0055,Low,1.32
4236-UJPWO,Female,0,No,No,2,0-12,Month-to-month,DSL,Electronic check,24.5,46.4,No,0.5517,High,162.2
9392-XBGTD,Male,0,No,Yes,27,25-48,Two year,No,Mailed check,20.6,581.85,No,0.0144,Low,3.56
3387-VATUS,Male,0,No,No,5,0-12,Month-to-month,Fiber optic,Bank transfer (automatic),94.85,462.8,Yes,0.7525,High,856.5
6402-SSEJG,Female,0,No,No,25,25-48,One year,DSL,Electronic check,61.05,1540.2,No,0.173,Low,126.74
1143-NMNQJ,Female,0,No,No,2,0-12,Month-to-month,Fiber optic,Electronic check,85.7,169.8,Yes,0.7876,High,809.97
1169-SAOCL,Male,0,No,No,49,49+,One year,Fiber optic,Bank transfer (automatic),106.65,5168.1,No,0.2058,Low,263.38
1110-KYLGQ,Female,0,No,No,63,49+,Month-to-month,Fiber optic,Credit card (automatic),108.25,6780.1,No,0.1976,Low,256.68
9929-PLVPA,Female,0,No,Yes,4,0-12,Month-to-month,No,Credit card (automatic),20.4,94.5,No,0.1265,Low,30.97
3518-PZXZQ,Female,0,Yes,No,1,0-12,Month-to-month,DSL,Mailed check,55.3,55.3,No,0.4944,Medium,328.08
2371-JUNGC,Male,0,No,No,11,0-12,Month-to-month,No,Mailed check,20.25,208.0,No,0.1304,Low,31.69
7693-QPEFS,Male,1,No,No,52,49+,Month-to-month,Fiber optic,Bank transfer (automatic),72.95,3829.75,No,0.3239,Medium,283.54
0924-BJCRC,Female,1,Yes,No,60,49+,Month-to-month,Fiber optic,Electronic check,89.45,5294.6,No,0.3106,Medium,333.4
5074-FBGHB,Male,0,No,No,64,49+,One year,Fiber optic,Credit card (automatic),104.65,6889.8,No,0.175,Low,219.76
2351-BKRZW,Female,0,Yes,Yes,43,25-48,Two year,DSL,Bank transfer (automatic),75.2,3254.35,No,0.0241,Low,21.75
4455-BFSPD,Female,0,Yes,No,61,49+,One year,Fiber optic,Bank transfer (automatic),101.15,6383.9,No,0.135,Low,163.86
0415-MOSGF,Female,0,No,No,1,0-12,Month-to-month,DSL,Mailed check,44.4,44.4,Yes,0.3518,Medium,187.44
1724-BQUHA,Male,1,No,No,5,0-12,Month-to-month,Fiber optic,Electronic check,89.5,477.7,Yes,0.7971,High,856.09
3948-KXDUF,Male,0,No,No,66,49+,Two year,DSL,Bank transfer (automatic),68.75,4447.55,No,0.0065,Low,5.36
2323-ARSVR,Male,0,Yes,No,67,49+,Two year,Fiber optic,Electronic check,111.05,7321.05,No,0.0591,Low,78.76
0815-MFZGM,Female,0,Yes,No,42,25-48,Two year,Fiber optic,Credit card (automatic),99.0,4135.0,No,0.1193,Low,141.73
4826-XTSOH,Male,1,Yes,No,1,0-12,Month-to-month,Fiber optic,Electronic check,86.05,86.05,Yes,0.8204,High,847.15
5480-XTFFL,Female,0,Yes,Yes,31,25-48,Two year,No,Mailed check,21.0,697.7,No,0.0119,Low,3.0
8295-FHIVV,Male,0,No,No,7,0-12,Month-to-month,No,Mailed check,19.4,168.65,No,0.2127,Low,49.52
2495-INZWQ,Male,0,No,No,4,0-12,Month-to-month,DSL,Electronic check,44.55,174.3,Yes,0.7252,High,387.69
9086-YJYXS,Male,0,Yes,Yes,34,25-48,One year,DSL,Bank transfer (automatic),77.2,2753.8,No,0.117,Low,108.39
1179-INLAT,Male,0,No,No,3,0-12,One year,No,Mailed check,19.45,69.25,No,0.1377,Low,32.14
7909-FIOIY,Female,0,Yes,Yes,19,13-24,Month-to-month,DSL,Mailed check,24.85,434.8,No,0.3291,Medium,98.14
4139-SUGLD,Male,0,Yes,Yes,31,25-48,Month-to-month,DSL,Bank transfer (automatic),35.4,1077.5,Yes,0.0823,Low,34.96
6857-VWJDT,Female,0,No,No,1,0-12,Month-to-month,Fiber optic,Mailed check,95.65,95.65,Yes,0.709,High,813.79
6351-SCJKT,Male,0,No,No,3,0-12,Month-to-month,DSL,Mailed check,41.35,107.25,No,0.267,Low,132.49
5468-BPMMO,Male,0,Yes,No,46,25-48,Month-to-month,No,Electronic check,19.6,851.2,No,0.0405,Low,9.53
5624-BQSSA,Female,0,No,No,1,0-12,Month-to-month,No,Mailed check,20.95,20.95,Yes,0.1854,Low,46.61
0197-PNKNK,Female,0,Yes,Yes,69,49+,One year,Fiber optic,Bank transfer (automatic),84.45,5848.6,No,0.0434,Low,43.98
2439-QKJUL,Male,0,No,No,5,0-12,Month-to-month,No,Mailed check,20.25,109.8,No,0.1655,Low,40.22
1194-SPVSP,Male,0,No,No,1,0-12,Month-to-month,No,Bank transfer (automatic),19.65,19.65,No,0.1831,Low,43.17
9534-NSXEM,Male,0,No,No,26,25-48,One year,No,Credit card (automatic),20.65,595.5,No,0.0466,Low,11.55
2408-WITXK,Female,1,No,No,10,0-12,Month-to-month,DSL,Electronic check,34.7,329.8,Yes,0.6453,High,268.7
8929-KSWIH,Male,0,No,No,25,25-48,Two year,Fiber optic,Bank transfer (automatic),99.3,2513.5,No,0.1351,Low,160.99
2250-IVBWA,Male,0,Yes,Yes,64,49+,Month-to-month,Fiber optic,Electronic check,81.05,5135.35,No,0.086,Low,83.64
1810-MVMAI,Male,0,Yes,Yes,30,25-48,Month-to-month,DSL,Electronic check,67.6,2000.2,No,0.1012,Low,82.09
9506-UXUSK,Male,0,No,No,13,13-24,Month-to-month,Fiber optic,Electronic check,70.15,931.75,No,0.6133,High,516.28
1229-RCALF,Female,0,Yes,No,64,49+,One year,Fiber optic,Electronic check,115.0,7396.15,No,0.163,Low,224.94
3572-UOLYZ,Female,0,No,Yes,46,25-48,Month-to-month,Fiber optic,Bank transfer (automatic),84.8,3958.85,No,0.2196,Low,223.46
1429-UYJSV,Female,0,No,No,12,0-12,One year,No,Mailed check,19.7,260.9,No,0.0663,Low,15.67
5577-OTWWW,Female,0,No,No,15,13-24,Month-to-month,No,Bank transfer (automatic),19.75,297.3,Yes,0.1032,Low,24.46
6100-QQHEB,Male,0,Yes,Yes,17,13-24,Month-to-month,Fiber optic,Electronic check,92.55,1515.1,Yes,0.73,High,810.74
6366-XIVKZ,Female,0,Yes,Yes,13,13-24,Month-to-month,DSL,Mailed check,63.15,816.8,No,0.2531,Low,191.8
3470-OBUET,Female,0,Yes,Yes,67,49+,Two year,DSL,Credit card (automatic),74.0,4868.4,No,0.0068,Low,6.04
2770-NSVDG,Male,0,Yes,No,24,13-24,Month-to-month,DSL,Electronic check,29.1,688.0,No,0.323,Medium,112.79
9375-MHRRS,Male,0,No,No,6,0-12,Month-to-month,DSL,Mailed check,50.05,288.35,No,0.2352,Low,141.26
2634-HCZGT,Male,1,Yes,No,53,49+,One year,DSL,Electronic check,60.05,3229.65,Yes,0.053,Low,38.19
7503-QQRVF,Male,1,Yes,No,16,13-24,Month-to-month,Fiber optic,Credit card (automatic),74.3,1178.25,Yes,0.491,Medium,437.78
4860-YZGZM,Male,0,No,No,10,0-12,Month-to-month,No,Electronic check,20.0,185.4,No,0.1768,Low,42.43
6599-GZWCM,Female,0,No,No,13,13-24,One year,Fiber optic,Mailed check,74.65,966.25,No,0.3261,Medium,292.12
2691-NZETQ,Male,0,No,No,9,0-12,Month-to-month,Fiber optic,Electronic check,85.35,758.6,Yes,0.7547,High,772.96
4404-HIBDJ,Female,0,No,No,25,25-48,One year,DSL,Mailed check,74.3,1863.8,Yes,0.0519,Low,46.27
5533-NHFRF,Male,1,No,No,7,0-12,Month-to-month,DSL,Electronic check,44.4,265.8,No,0.5535,High,294.9
7037-MTYVW,Male,0,Yes,Yes,38,25-48,Two year,DSL,Bank transfer (automatic),85.4,3297.0,No,0.0414,Low,42.43
4760-THGOT,Female,0,Yes,No,43,25-48,Month-to-month,Fiber optic,Electronic check,94.1,4107.3,No,0.4019,Medium,453.83
7295-JOMMD,Female,0,No,Yes,4,0-12,Month-to-month,Fiber optic,Bank transfer (automatic),98.1,396.3,Yes,0.5629,High,662.65
4016-BJKTZ,Female,0,No,No,25,25-48,Two year,Fiber optic,Electronic check,108.9,2809.05,No,0.2126,Low,277.83
6584-VQMYT,Male,0,No,Yes,27,25-48,One year,DSL,Mailed check,56.2,1567.55,No,0.0414,Low,27.92
9838-BFCQT,Male,0,Yes,Yes,72,49+,Two year,No,Mailed check,26.1,1851.45,No,0.0027,Low,0.85
2790-XUYMV,Male,0,No,Yes,71,49+,One year,Fiber optic,Credit card (automatic),85.45,6028.95,No,0.0483,Low,49.53
0581-MDMPW,Female,0,No,No,24,13-24,Month-to-month,Fiber optic,Credit card (automatic),88.95,2072.75,No,0.5572,High,594.76
5013-SBUIH,Female,0,No,No,50,49+,Two year,Fiber optic,Electronic check,109.65,5551.15,Yes,0.1207,Low,158.82
1023-BQXZE,Male,0,No,No,57,49+,Two year,DSL,Bank transfer (automatic),74.35,4317.35,No,0.0281,Low,25.07
9163-GHAYE,Female,0,No,No,15,13-24,Month-to-month,DSL,Electronic check,48.85,736.8,No,0.2662,Low,156.05
3904-UKFRE,Male,0,No,No,4,0-12,Month-to-month,Fiber optic,Electronic check,80.1,336.15,No,0.6549,High,629.49
5353-WILCI,Female,0,No,No,28,25-48,Month-to-month,DSL,Electronic check,56.05,1522.65,No,0.1209,Low,81.32
0709-TVGUR,Female,1,No,No,9,0-12,Month-to-month,Fiber optic,Electronic check,74.55,622.9,Yes,0.7344,High,656.99
0058-EVZWM,Female,0,Yes,No,55,49+,Month-to-month,Fiber optic,Bank transfer (automatic),89.8,4959.6,No,0.2619,Low,282.22
6023-YEBUP,Male,0,No,No,3,0-12,Month-to-month,Fiber optic,Electronic check,100.95,329.95,Yes,0.8163,High,988.87
7209-JCUDS,Male,0,No,No,10,0-12,Month-to-month,Fiber optic,Electronic check,94.9,1048.85,Yes,0.7406,High,843.4
7009-PCARS,Male,0,No,Yes,55,49+,One year,No,Bank transfer (automatic),19.1,1001.5,No,0.0074,Low,1.7
0519-DRGTI,Female,0,Yes,Yes,20,13-24,Month-to-month,No,Mailed check,20.35,442.6,No,0.074,Low,18.07
1017-FBQMM,Female,0,Yes,Yes,62,49+,One year,Fiber optic,Credit card (automatic),106.05,6703.5,No,0.1303,Low,165.82
3001-CBHLQ,Male,1,Yes,No,32,25-48,Month-to-month,Fiber optic,Electronic check,104.9,3351.55,Yes,0.6313,High,794.68
1985-MBRYP,Female,0,No,No,43,25-48,Two year,No,Bank transfer (automatic),19.65,779.25,No,0.0114,Low,2.69
6158-DWPZT,Male,0,Yes,No,9,0-12,One year,DSL,Bank transfer (automatic),24.1,259.8,Yes,0.2447,Low,70.77
9372-TXXPS,Female,0,Yes,No,60,49+,Two year,DSL,Bank transfer (automatic),59.85,3483.45,No,0.0054,Low,3.88
3259-QMXUN,Male,0,Yes,No,58,49+,Two year,DSL,Electronic check,86.1,4890.5,No,0.0472,Low,48.77
1015-JPFYW,Male,0,No,Yes,7,0-12,One year,No,Mailed check,19.45,136.75,No,0.068,Low,15.87
6645-MXQJT,Male,0,Yes,Yes,2,0-12,Month-to-month,Fiber optic,Electronic check,97.1,184.15,No,0.5572,High,649.25
4360-QRAVE,Male,1,No,No,37,25-48,Month-to-month,DSL,Electronic check,36.65,1315.0,No,0.1999,Low,87.92
8433-WPJTV,Female,1,Yes,Yes,65,49+,One year,Fiber optic,Bank transfer (automatic),103.9,6767.1,No,0.1601,Low,199.61
5804-JMYIO,Female,0,Yes,Yes,39,25-48,Two year,No,Mailed check,19.75,757.95,No,0.0084,Low,1.99
3763-GCZHZ,Male,0,Yes,No,66,49+,One year,Fiber optic,Electronic check,104.05,6890.0,Yes,0.2087,Low,260.58
6484-LATFU,Male,0,No,No,68,49+,Two year,No,Mailed check,24.55,1657.4,No,0.004,Low,1.18
7599-NTMDP,Female,0,Yes,Yes,62,49+,Two year,DSL,Bank transfer (automatic),48.7,3008.55,No,0.0079,Low,4.62
0772-GYEQQ,Male,0,No,No,3,0-12,Month-to-month,Fiber optic,Mailed check,88.35,262.05,Yes,0.5912,High,626.79
0536-ACXIP,Female,0,Yes,No,72,49+,Two year,Fiber optic,Electronic check,109.55,8165.1,No,0.1047,Low,137.64
0936-NQLJU,Female,0,Yes,No,41,25-48,Two year,No,Credit card (automatic),20.65,875.55,No,0.0086,Low,2.13
4831-EOBFE,Male,0,Yes,Yes,29,25-48,Month-to-month,Fiber optic,Credit card (automatic),94.65,2649.15,Yes,0.2863,Low,325.18
1575-KRZZE,Female,0,No,No,4,0-12,Month-to-month,DSL,Electronic check,55.2,220.65,No,0.2604,Low,172.49
3251-YMVWZ,Male,0,No,No,53,49+,One year,No,Bank transfer (automatic),24.05,1301.9,No,0.0144,Low,4.16
4102-OQUPX,Male,1,Yes,No,1,0-12,Month-to-month,Fiber optic,Electronic check,74.4,74.4,Yes,0.7932,High,708.17
9170-GYZJC,Female,0,Yes,Yes,41,25-48,Month-to-month,DSL,Credit card (automatic),79.9,3326.2,Yes,0.0616,Low,59.06
4884-LEVMQ,Male,0,Yes,No,39,25-48,Two year,No,Bank transfer (automatic),20.45,790.0,No,0.0142,Low,3.48
8857-CUPFQ,Male,0,Yes,No,63,49+,Two year,No,Mailed check,19.25,1237.65,No,0.0037,Low,0.85
7610-TVOPG,Male,0,No,No,15,13-24,Month-to-month,No,Electronic check,26.35,378.6,No,0.2438,Low,77.09
3638-DIMPH,Female,0,Yes,No,13,13-24,One year,DSL,Electronic check,43.8,592.65,No,0.1903,Low,100.02
1845-ZLLIG,Male,0,No,No,1,0-12,Month-to-month,DSL,Mailed check,50.15,50.15,No,0.3969,Medium,238.85
8559-WNQZS,Male,0,No,No,1,0-12,Two year,No,Mailed check,20.45,20.45,No,0.0566,Low,13.89
3999-QGRJH,Male,1,No,No,8,0-12,Month-to-month,Fiber optic,Electronic check,69.7,560.85,Yes,0.6871,High,574.69
1699-UOTXU,Male,0,No,No,60,49+,Two year,DSL,Electronic check,61.4,3638.25,No,0.0108,Low,7.96
2454-RPBRZ,Female,1,Yes,No,12,0-12,Month-to-month,Fiber optic,Electronic check,98.1,1060.2,Yes,0.7071,High,832.4
0635-WKOLD,Male,0,Yes,No,40,25-48,One year,DSL,Credit card (automatic),70.75,2921.75,No,0.0585,Low,49.67
5993-JSUWV,Female,0,No,No,66,49+,Two year,DSL,Bank transfer (automatic),61.15,4017.45,No,0.0085,Low,6.24
4518-FZBSX,Male,0,Yes,Yes,42,25-48,One year,No,Mailed check,20.25,854.9,No,0.0145,Low,3.52
5387-ASZNZ,Female,1,No,No,66,49+,One year,DSL,Credit card (automatic),63.85,4174.35,No,0.0194,Low,14.86
6988-CJEYV,Male,0,No,No,49,49+,Month-to-month,Fiber optic,Electronic check,98.7,4920.55,No,0.4437,Medium,525.52
2002-MZHWP,Female,0,No,No,1,0-12,Month-to-month,No,Mailed check,20.5,20.5,Yes,0.1875,Low,46.12
3097-FQTVJ,Female,0,No,No,41,25-48,Two year,No,Mailed check,20.0,810.3,No,0.0094,Low,2.26
5465-BUBFA,Female,0,Yes,Yes,41,25-48,Two year,No,Bank transfer (automatic),19.3,772.4,No,0.0072,Low,1.67
7299-GNVPL,Female,0,Yes,Yes,23,13-24,Month-to-month,Fiber optic,Mailed check,84.4,1936.85,No,0.158,Low,160.02
9743-DQKQW,Male,0,No,No,3,0-12,Month-to-month,DSL,Electronic check,25.1,79.8,No,0.5421,High,163.28
1215-VFYVK,Female,0,No,No,4,0-12,Month-to-month,DSL,Mailed check,48.25,202.25,No,0.322,Medium,186.44
9371-BITHB,Female,0,Yes,Yes,52,49+,Two year,No,Mailed check,19.85,1070.5,No,0.0047,Low,1.12
2265-CYWIV,Female,1,Yes,No,4,0-12,Month-to-month,Fiber optic,Electronic check,99.6,347.65,Yes,0.7765,High,928.07
9093-FPDLG,Female,0,No,No,11,0-12,Month-to-month,Fiber optic,Electronic check,94.2,999.9,No,0.5531,High,625.22
0541-FITGH,Female,0,Yes,No,2,0-12,Month-to-month,DSL,Mailed check,62.15,113.1,No,0.3678,Medium,274.31
6985-HAYWX,Female,0,Yes,No,26,25-48,Month-to-month,Fiber optic,Bank transfer (automatic),79.3,2015.8,No,0.3612,Medium,343.72
7508-KBIMB,Male,0,Yes,Yes,24,13-24,One year,DSL,Credit card (automatic),56.25,1454.25,No,0.0693,Low,46.78
6838-HVLXG,Female,0,No,No,12,0-12,Month-to-month,No,Mailed check,20.3,246.7,No,0.1232,Low,30.01
2277-DJJDL,Male,1,Yes,No,60,49+,Month-to-month,Fiber optic,Electronic check,99.0,6017.9,No,0.4498,Medium,534.36
1897-OKVMW,Female,0,Yes,Yes,64,49+,Two year,DSL,Mailed check,90.6,5817.45,No,0.0178,Low,19.35
5485-ITNPC,Male,0,Yes,No,66,49+,Two year,DSL,Bank transfer (automatic),85.9,5595.3,No,0.0136,Low,14.02
0233-FTHAV,Female,0,No,No,60,49+,One year,Fiber optic,Bank transfer (automatic),79.2,4765.0,No,0.1329,Low,126.31
4644-PIZRT,Male,0,Yes,Yes,17,13-24,One year,DSL,Bank transfer (automatic),70.35,1201.65,No,0.1497,Low,126.38
8922-NPKBJ,Male,0,Yes,Yes,42,25-48,Two year,No,Mailed check,19.35,867.3,No,0.0077,Low,1.79
2740-TVLFN,Male,0,No,No,1,0-12,Month-to-month,DSL,Electronic check,50.15,50.15,No,0.5868,High,353.14
7771-CFQRQ,Female,0,Yes,Yes,47,25-48,Two year,DSL,Bank transfer (automatic),63.8,3007.25,No,0.0144,Low,11.02
9512-PHSMG,Female,0,Yes,No,10,0-12,Month-to-month,No,Mailed check,20.55,252.75,No,0.186,Low,45.87
6963-EZQEE,Male,1,Yes,No,70,49+,Two year,DSL,Credit card (automatic),88.55,6306.5,No,0.0207,Low,22.0
2452-KDRRH,Male,1,No,No,67,49+,Month-to-month,Fiber optic,Credit card (automatic),101.4,6841.05,No,0.3668,Medium,446.32
2004-OCQXK,Female,0,No,No,1,0-12,Month-to-month,Fiber optic,Electronic check,81.95,81.95,Yes,0.7346,High,722.41
5027-QPKTE,Male,0,Yes,No,7,0-12,Month-to-month,Fiber optic,Electronic check,69.35,451.1,Yes,0.6684,High,556.24
4146-SVFUD,Male,0,No,No,1,0-12,Month-to-month,DSL,Mailed check,44.6,44.6,No,0.3554,Medium,190.21
1564-HJUVY,Male,0,No,No,4,0-12,Month-to-month,DSL,Bank transfer (automatic),63.75,226.2,No,0.3284,Medium,251.23
3617-XLSGQ,Female,0,Yes,Yes,66,49+,Two year,Fiber optic,Bank transfer (automatic),109.25,7082.5,No,0.0448,Low,58.73
7517-LDMPS,Female,0,No,No,12,0-12,Month-to-month,Fiber optic,Electronic check,84.6,1017.35,No,0.6386,High,648.31
7244-KXYZN,Female,0,No,No,24,13-24,One year,No,Credit card (automatic),20.45,527.35,No,0.0349,Low,8.56
5226-NOZFC,Male,0,No,No,26,25-48,Month-to-month,Fiber optic,Electronic check,85.75,2146.5,No,0.5267,High,541.97
2672-HUYVI,Female,0,No,No,6,0-12,Month-to-month,Fiber optic,Electronic check,91.1,455.3,Yes,0.75,High,819.9
1400-WIVLL,Male,0,Yes,No,57,49+,Two year,Fiber optic,Electronic check,107.95,5969.85,No,0.1083,Low,140.29
7508-MYBOG,Male,0,Yes,No,14,13-24,Month-to-month,Fiber optic,Electronic check,86.1,1235.55,Yes,0.7269,High,751.03
8148-NLEGT,Female,0,Yes,Yes,42,25-48,Two year,No,Electronic check,22.95,1014.25,No,0.0146,Low,4.02
0148-DCDOS,Male,0,No,No,25,25-48,Month-to-month,Fiber optic,Bank transfer (automatic),94.7,2362.1,Yes,0.6315,High,717.64
8347-GDTMP,Female,0,Yes,No,64,49+,Two year,No,Credit card (automatic),19.45,1225.65,No,0.003,Low,0.7
9992-RRAMN,Male,0,Yes,No,22,13-24,Month-to-month,Fiber optic,Electronic check,85.1,1873.7,Yes,0.6793,High,693.7
6746-WAUWT,Male,0,No,No,19,13-24,One year,No,Credit card (automatic),19.7,386.5,No,0.0639,Low,15.11
0310-MVLET,Female,0,Yes,Yes,61,49+,Month-to-month,Fiber optic,Electronic check,99.15,6010.05,Yes,0.3883,Medium,462.0
0428-IKYCP,Male,0,Yes,No,22,13-24,Month-to-month,Fiber optic,Bank transfer (automatic),87.0,1850.65,No,0.4945,Medium,516.26
4550-VBOFE,Male,1,Yes,No,70,49+,Month-to-month,Fiber optic,Electronic check,102.95,7101.5,Yes,0.432,Medium,533.69
2187-PKZAY,Male,0,No,No,12,0-12,Month-to-month,Fiber optic,Bank transfer (automatic),79.95,1043.4,No,0.5941,High,569.98
4003-OCTMP,Female,0,Yes,No,31,25-48,One year,DSL,Electronic check,64.0,1910.75,No,0.0937,Low,71.96
6652-YFFJO,Female,0,No,No,11,0-12,Month-to-month,DSL,Electronic check,64.9,716.1,No,0.5355,High,417.05
7225-IILWY,Male,0,Yes,Yes,68,49+,Two year,No,Mailed check,25.75,1686.15,No,0.0032,Low,0.99
5248-RPYWW,Female,1,Yes,Yes,72,49+,Two year,DSL,Bank transfer (automatic),90.15,6716.45,No,0.0158,Low,17.09
7923-IYJWY,Male,1,No,No,67,49+,Two year,Fiber optic,Credit card (automatic),116.1,7839.85,No,0.0654,Low,91.12
3170-GWYKC,Female,0,No,No,60,49+,Month-to-month,Fiber optic,Bank transfer (automatic),104.95,6236.75,No,0.1819,Low,229.08
5696-QURRL,Male,0,No,No,1,0-12,Month-to-month,DSL,Mailed check,45.05,45.05,Yes,0.4406,Medium,238.19
7409-KIUTL,Female,1,No,Yes,1,0-12,Month-to-month,Fiber optic,Electronic check,71.0,71.0,Yes,0.677,High,576.8
9830-ECLEN,Male,0,Yes,Yes,58,49+,One year,DSL,Mailed check,50.0,2919.85,No,0.0268,Low,16.08
1732-VHUBQ,Female,1,Yes,Yes,47,25-48,Month-to-month,Fiber optic,Bank transfer (automatic),70.55,3309.25,Yes,0.1732,Low,146.63
0495-RVCBF,Female,0,No,No,1,0-12,Month-to-month,Fiber optic,Electronic check,79.7,79.7,Yes,0.7477,High,715.1
2668-TZSPS,Male,0,No,No,1,0-12,Month-to-month,No,Mailed check,20.45,20.45,No,0.1912,Low,46.92
7854-EDSSA,Male,0,No,No,22,13-24,Month-to-month,DSL,Electronic check,59.0,1254.7,Yes,0.2022,Low,143.16
8869-TORSS,Female,0,No,No,48,25-48,One year,DSL,Credit card (automatic),60.35,2896.4,Yes,0.0255,Low,18.47
7446-SFAOA,Female,0,Yes,No,37,25-48,One year,No,Bank transfer (automatic),19.85,717.5,No,0.0296,Low,7.05
9522-ZSINC,Male,0,No,No,13,13-24,One year,No,Electronic check,19.95,253.8,No,0.1187,Low,28.42
8234-GSZYK,Male,0,No,No,43,25-48,Two year,No,Bank transfer (automatic),26.45,1110.05,No,0.0109,Low,3.46
6505-OZNPG,Female,0,No,No,6,0-12,Two year,DSL,Mailed check,63.4,348.8,No,0.145,Low,110.32
6164-HAQTX,Male,0,No,No,71,49+,Two year,DSL,Bank transfer (automatic),53.95,3888.65,No,0.0073,Low,4.73
0679-IDSTG,Female,1,Yes,Yes,1,0-12,Month-to-month,Fiber optic,Electronic check,69.25,69.25,Yes,0.6931,High,575.97
7765-LWVVH,Female,0,Yes,Yes,72,49+,Two year,Fiber optic,Electronic check,95.1,6843.15,No,0.0537,Low,61.28
1658-TJVOA,Female,1,No,No,6,0-12,Month-to-month,Fiber optic,Electronic check,74.1,450.9,No,0.6066,High,539.39
0953-LGOVU,Male,0,Yes,Yes,12,0-12,Month-to-month,DSL,Mailed check,35.5,432.25,No,0.2176,Low,92.7
2115-BFTIW,Male,0,No,No,25,25-48,Month-to-month,Fiber optic,Mailed check,70.95,1767.35,Yes,0.3417,Medium,290.92
4692-NNQRU,Female,0,Yes,No,21,13-24,One year,Fiber optic,Electronic check,79.2,1742.45,No,0.2283,Low,216.98
7742-MYPGI,Female,0,Yes,Yes,6,0-12,Month-to-month,DSL,Mailed check,48.8,297.35,No,0.2698,Low,157.99
0611-DFXKO,Male,0,Yes,No,20,13-24,Month-to-month,Fiber optic,Mailed check,89.0,1820.45,Yes,0.6232,High,665.58
7780-OTDSO,Male,0,Yes,No,18,13-24,Month-to-month,Fiber optic,Electronic check,99.4,1742.95,Yes,0.677,High,807.53
9619-GSATL,Female,0,No,No,43,25-48,One year,DSL,Electronic check,55.45,2444.25,No,0.0406,Low,27.02
5622-UEJFI,Female,0,Yes,Yes,35,25-48,Two year,No,Credit card (automatic),25.4,949.8,No,0.0181,Low,5.52
9747-DDZOS,Female,0,No,No,1,0-12,Month-to-month,Fiber optic,Bank transfer (automatic),73.5,73.5,Yes,0.5262,High,464.11
0674-DGMAQ,Male,1,Yes,No,32,25-48,Month-to-month,Fiber optic,Electronic check,93.5,2970.8,No,0.6149,High,689.92
6203-HBZPA,Male,0,No,No,52,49+,Two year,DSL,Credit card (automatic),63.9,3334.95,No,0.0201,Low,15.41
0484-FFVBJ,Male,0,No,No,32,25-48,One year,DSL,Bank transfer (automatic),64.85,2010.95,No,0.1564,Low,121.71
0301-FIDRB,Female,0,Yes,Yes,72,49+,Two year,DSL,Bank transfer (automatic),63.8,4684.3,No,0.012,Low,9.19
4139-JPIAM,Male,0,No,No,51,49+,Month-to-month,DSL,Credit card (automatic),44.45,2181.55,No,0.0851,Low,45.39
2181-TIDSV,Male,0,Yes,Yes,68,49+,Two year,No,Bank transfer (automatic),19.95,1303.25,No,0.003,Low,0.72
2761-XECQW,Male,1,Yes,No,8,0-12,Month-to-month,DSL,Mailed check,43.35,371.4,No,0.5666,High,294.75
1936-CZAKF,Male,0,Yes,No,49,49+,Two year,DSL,Credit card (automatic),49.65,2409.9,No,0.0428,Low,25.5
9453-PATOS,Female,0,Yes,No,72,49+,Two year,DSL,Mailed check,85.1,6155.4,No,0.0086,Low,8.78
0564-JJHGS,Male,0,No,No,9,0-12,Month-to-month,Fiber optic,Electronic check,95.5,829.1,Yes,0.7953,High,911.41
3348-CFRNX,Female,0,Yes,No,28,25-48,Month-to-month,Fiber optic,Mailed check,92.35,2602.9,Yes,0.47,Medium,520.85
4402-FTBXC,Male,0,No,No,54,49+,Month-to-month,Fiber optic,Mailed check,89.8,4667.0,No,0.1584,Low,170.69
1428-GTBJJ,Male,0,No,No,11,0-12,Month-to-month,Fiber optic,Electronic check,74.55,824.75,Yes,0.5934,High,530.86
2931-XIQBR,Female,0,Yes,Yes,50,49+,One year,Fiber optic,Mailed check,103.05,5153.5,No,0.1077,Low,133.18
0106-UGRDO,Female,0,Yes,No,69,49+,Two year,Fiber optic,Electronic check,116.0,8182.85,No,0.0825,Low,114.84
5542-TBBWB,Male,0,No,No,1,0-12,Month-to-month,Fiber optic,Electronic check,69.9,69.9,No,0.7065,High,592.61
1930-QPBVZ,Male,0,Yes,Yes,68,49+,Two year,Fiber optic,Bank transfer (automatic),95.1,6683.4,No,0.0164,Low,18.72
2606-PKWJB,Male,0,No,Yes,40,25-48,One year,DSL,Mailed check,40.25,1564.05,No,0.0272,Low,13.14
5322-ZSMZY,Male,0,Yes,Yes,31,25-48,Two year,No,Mailed check,25.75,755.6,No,0.0165,Low,5.1
8059-UDZFY,Female,1,No,Yes,33,25-48,Month-to-month,Fiber optic,Bank transfer (automatic),105.35,3465.05,No,0.5103,High,645.12
7740-BTPUX,Male,1,Yes,No,55,49+,Two year,Fiber optic,Electronic check,113.6,6292.7,No,0.1654,Low,225.47
5220-AGAAX,Male,0,Yes,Yes,68,49+,Two year,No,Bank transfer (automatic),24.0,1664.3,No,0.0045,Low,1.3
0208-BPQEJ,Female,0,Yes,Yes,12,0-12,Month-to-month,No,Bank transfer (automatic),19.4,198.1,No,0.0973,Low,22.65
9435-JMLSX,Male,0,Yes,No,71,49+,Two year,DSL,Bank transfer (automatic),86.1,6045.9,No,0.0116,Low,11.99
3352-ALMCK,Male,0,No,No,40,25-48,Month-to-month,Fiber optic,Mailed check,102.65,4108.15,No,0.5245,High,646.08
5312-IRCFR,Female,0,Yes,Yes,64,49+,One year,Fiber optic,Electronic check,92.85,5980.75,No,0.1767,Low,196.88
5294-IMHHT,Male,0,Yes,No,53,49+,One year,Fiber optic,Bank transfer (automatic),97.75,5043.2,No,0.1012,Low,118.71
8802-UNOJF,Male,1,No,No,12,0-12,Month-to-month,Fiber optic,Mailed check,83.8,1029.75,Yes,0.4549,Medium,457.45
6313-GIDIT,Male,1,No,No,53,49+,Month-to-month,DSL,Electronic check,54.45,2854.55,Yes,0.2762,Low,180.47
6176-YJWAS,Male,0,Yes,No,72,49+,Two year,Fiber optic,Credit card (automatic),97.95,7114.25,No,0.0498,Low,58.53
5310-NOOVA,Male,0,No,No,46,25-48,Two year,No,Electronic check,19.95,907.05,No,0.0104,Low,2.49
4526-EXKKN,Male,0,No,No,40,25-48,Two year,No,Mailed check,24.6,973.95,No,0.0202,Low,5.96
5311-IHLEI,Male,0,No,No,12,0-12,Month-to-month,DSL,Bank transfer (automatic),50.95,605.75,No,0.2769,Low,169.3
3987-KQDDU,Male,0,No,No,9,0-12,Month-to-month,Fiber optic,Electronic check,75.6,661.55,No,0.4482,Medium,406.61
3404-JNXAX,Female,0,Yes,Yes,51,49+,Month-to-month,Fiber optic,Electronic check,80.75,4116.9,No,0.256,Low,248.06
5131-PONJI,Male,0,Yes,Yes,49,49+,Month-to-month,Fiber optic,Credit card (automatic),90.4,4494.65,No,0.2366,Low,256.66
2845-AFFTX,Male,1,Yes,No,41,25-48,Month-to-month,Fiber optic,Electronic check,99.8,4259.3,Yes,0.6606,High,791.13
3489-VSFRD,Female,0,No,No,56,49+,One year,DSL,Credit card (automatic),60.25,3282.75,No,0.0188,Low,13.59
3345-JHUEO,Male,0,No,No,4,0-12,Month-to-month,No,Electronic check,20.2,55.7,No,0.2888,Low,70.01
5815-HGGHV,Male,0,Yes,No,20,13-24,One year,DSL,Mailed check,64.15,1274.45,No,0.1045,Low,80.44
5260-UMPWX,Female,0,Yes,Yes,26,25-48,Month-to-month,No,Credit card (automatic),20.25,493.95,No,0.0722,Low,17.54
2249-YPRNG,Female,0,Yes,Yes,20,13-24,Month-to-month,Fiber optic,Bank transfer (automatic),105.85,2239.65,Yes,0.57,High,724.01
7410-YTJIK,Female,0,No,No,7,0-12,Month-to-month,Fiber optic,Mailed check,75.45,480.75,Yes,0.5592,High,506.3
4626-GYCZP,Male,0,No,No,7,0-12,Month-to-month,Fiber optic,Electronic check,93.85,635.6,Yes,0.8122,High,914.7
5649-RXQTV,Male,0,No,No,51,49+,Month-to-month,Fiber optic,Electronic check,99.0,5038.15,No,0.4341,Medium,515.71
2674-MIAHT,Female,0,No,No,4,0-12,Month-to-month,Fiber optic,Mailed check,80.3,324.2,No,0.6342,High,611.12
2576-HXMPA,Female,0,No,No,1,0-12,Month-to-month,No,Credit card (automatic),19.55,19.55,No,0.1757,Low,41.22
7587-AOVVU,Male,0,Yes,Yes,27,25-48,Month-to-month,Fiber optic,Electronic check,100.75,2793.55,No,0.2918,Low,352.79
5590-BYNII,Male,0,No,No,22,13-24,Month-to-month,Fiber optic,Electronic check,100.75,2095.0,Yes,0.6354,High,768.2
6898-MDLZW,Male,0,No,No,12,0-12,Month-to-month,DSL,Mailed check,53.75,648.65,No,0.2373,Low,153.06
3237-AJGEH,Female,0,Yes,Yes,3,0-12,Month-to-month,DSL,Mailed check,31.0,95.05,Yes,0.4032,Medium,149.99
4707-YNOQA,Female,0,Yes,Yes,34,25-48,One year,No,Credit card (automatic),25.6,917.15,No,0.0359,Low,11.03
9357-UJRUN,Male,0,Yes,No,24,13-24,One year,DSL,Electronic check,58.35,1346.9,No,0.1257,Low,88.02
1591-NFNLQ,Male,0,No,No,51,49+,Month-to-month,Fiber optic,Credit card (automatic),80.0,4242.35,Yes,0.2241,Low,215.14
8648-PFRMP,Female,1,No,No,14,13-24,Month-to-month,DSL,Electronic check,46.35,672.7,No,0.6561,High,364.92
7663-CUXZB,Male,0,Yes,No,59,49+,Two year,Fiber optic,Electronic check,113.75,6561.25,No,0.0724,Low,98.83
0258-NOKBL,Male,0,No,No,3,0-12,Month-to-month,Fiber optic,Electronic check,90.4,268.45,No,0.6082,High,659.78
1163-VIPRI,Female,0,Yes,Yes,65,49+,Two year,Fiber optic,Electronic check,109.3,7337.55,No,0.0592,Low,77.65
2815-CPTUL,Male,1,No,No,5,0-12,Month-to-month,Fiber optic,Mailed check,70.25,331.9,Yes,0.637,High,536.99
9348-ROUAI,Female,0,Yes,Yes,59,49+,Two year,DSL,Credit card (automatic),90.3,5194.05,No,0.0125,Low,13.54
9443-JUBUO,Male,0,Yes,Yes,72,49+,Two year,DSL,Credit card (automatic),65.25,4478.85,No,0.0109,Low,8.53
0596-BQCEQ,Female,0,Yes,Yes,62,49+,Month-to-month,Fiber optic,Electronic check,100.15,6283.3,Yes,0.3101,Medium,372.68
1481-ZUWZA,Male,0,No,No,28,25-48,Month-to-month,Fiber optic,Credit card (automatic),94.5,2659.4,Yes,0.4022,Medium,456.09
3043-TYBNO,Male,0,No,No,3,0-12,Month-to-month,DSL,Mailed check,60.65,196.9,No,0.3004,Medium,218.63
4830-FAXFM,Male,0,No,Yes,19,13-24,Month-to-month,No,Credit card (automatic),24.1,439.2,No,0.1309,Low,37.86
5906-BFOZT,Male,0,No,No,1,0-12,Month-to-month,No,Mailed check,19.5,19.5,No,0.2605,Low,60.96
2960-NKRSO,Male,0,No,No,24,13-24,Month-to-month,Fiber optic,Electronic check,85.95,2107.15,No,0.3907,Medium,402.97
8996-ZROXE,Male,1,No,No,57,49+,One year,DSL,Electronic check,53.5,3035.8,No,0.0473,Low,30.37
5598-IKHQQ,Female,0,No,No,72,49+,Two year,No,Credit card (automatic),25.45,1866.45,No,0.003,Low,0.92
0397-ZXWQF,Male,0,No,No,67,49+,Two year,No,Bank transfer (automatic),20.5,1430.95,No,0.0027,Low,0.66
5266-PFRQK,Male,0,Yes,Yes,52,49+,One year,No,Credit card (automatic),20.85,1071.6,No,0.0118,Low,2.95
4674-HGNUA,Male,0,Yes,Yes,71,49+,Two year,DSL,Credit card (automatic),89.9,6457.15,No,0.0094,Low,10.14
6765-MBQNU,Female,0,Yes,No,26,25-48,One year,No,Mailed check,26.0,684.05,No,0.048,Low,14.98
9786-IJYDL,Female,0,No,No,35,25-48,Two year,Fiber optic,Mailed check,113.2,3914.05,No,0.1297,Low,176.18
1303-SRDOK,Female,0,Yes,Yes,55,49+,Two year,Fiber optic,Credit card (automatic),69.05,3842.6,No,0.0485,Low,40.19
3769-MHZNV,Female,0,Yes,Yes,33,25-48,Two year,No,Mailed check,20.1,670.35,No,0.011,Low,2.65
6295-OSINB,Male,0,Yes,No,72,49+,Two year,Fiber optic,Electronic check,109.65,7880.25,No,0.1005,Low,132.24
3308-MHOOC,Male,0,No,Yes,1,0-12,Month-to-month,No,Mailed check,19.2,19.2,No,0.2208,Low,50.87
2309-OSFEU,Male,0,No,No,10,0-12,Month-to-month,DSL,Mailed check,33.9,298.45,Yes,0.5468,High,222.44
2207-QPJED,Female,1,Yes,No,37,25-48,Month-to-month,Fiber optic,Electronic check,90.0,3371.75,No,0.3517,Medium,379.84
4177-JPDFU,Male,0,No,No,12,0-12,Month-to-month,DSL,Mailed check,34.0,442.45,No,0.2637,Low,107.59
2239-CFOUJ,Male,0,Yes,Yes,1,0-12,One year,No,Mailed check,20.4,20.4,No,0.0872,Low,21.35
8046-DNVTL,Male,0,Yes,No,62,49+,Two year,DSL,Credit card (automatic),38.6,2345.55,No,0.0098,Low,4.54
2209-XADXF,Female,0,No,No,1,0-12,Month-to-month,DSL,Bank transfer (automatic),25.25,25.25,No,0.4618,Medium,139.93
6620-JDYNW,Female,0,No,No,18,13-24,Month-to-month,DSL,Mailed check,60.6,1156.35,No,0.2565,Low,186.53
1891-FZYSA,Male,1,Yes,No,69,49+,Month-to-month,Fiber optic,Electronic check,89.95,6143.15,Yes,0.336,Medium,362.68
4770-UEZOX,Male,0,No,No,2,0-12,Month-to-month,Fiber optic,Electronic check,74.75,144.8,No,0.6619,High,593.72
1038-RQOST,Male,0,Yes,Yes,19,13-24,Month-to-month,No,Mailed check,20.6,414.95,No,0.0781,Low,19.31
7613-LLQFO,Male,0,No,No,12,0-12,Month-to-month,Fiber optic,Electronic check,84.45,1059.55,Yes,0.7443,High,754.27
4568-TTZRT,Male,0,No,No,9,0-12,Month-to-month,No,Mailed check,20.4,181.8,No,0.141,Low,34.52
9513-DXHDA,Male,0,No,No,27,25-48,One year,DSL,Electronic check,81.7,2212.55,No,0.0935,Low,91.67
2640-PMGFL,Male,0,No,Yes,27,25-48,Month-to-month,Fiber optic,Electronic check,79.5,2180.55,Yes,0.4361,Medium,416.04
3801-HMYNL,Male,0,Yes,Yes,1,0-12,Month-to-month,Fiber optic,Mailed check,89.15,89.15,Yes,0.6148,High,657.71
0516-QREYC,Female,1,No,No,24,13-24,Month-to-month,No,Mailed check,20.3,459.95,No,0.1187,Low,28.92
9685-WKZGT,Male,1,No,No,14,13-24,Month-to-month,Fiber optic,Electronic check,74.95,1036.75,Yes,0.7045,High,633.63
6022-UGGSO,Female,1,No,No,32,25-48,Month-to-month,Fiber optic,Electronic check,74.4,2276.95,Yes,0.4439,Medium,396.31
8084-OIVBS,Female,0,No,No,11,0-12,One year,No,Mailed check,20.0,211.95,No,0.0682,Low,16.37
8896-BQTTI,Male,0,No,No,1,0-12,Month-to-month,No,Mailed check,25.0,25.0,No,0.3159,Medium,94.77
3865-QBWSJ,Male,1,No,Yes,38,25-48,Month-to-month,Fiber optic,Mailed check,80.45,3162.65,No,0.303,Medium,292.52
3352-RICWQ,Female,0,Yes,Yes,9,0-12,Two year,No,Mailed check,19.75,210.65,No,0.0329,Low,7.8
2160-GPFXD,Male,0,Yes,Yes,54,49+,Two year,DSL,Credit card (automatic),65.65,3566.7,No,0.0109,Low,8.59
2065-MMKGR,Female,0,No,No,29,25-48,One year,DSL,Credit card (automatic),71.0,2080.1,No,0.2103,Low,179.18
5857-TYBCJ,Male,1,Yes,No,44,25-48,Month-to-month,Fiber optic,Electronic check,89.2,4040.2,No,0.5652,High,604.99
1498-NHTLT,Male,0,Yes,Yes,59,49+,Two year,DSL,Electronic check,86.75,5186.0,No,0.02,Low,20.82
4484-CGXFK,Female,0,No,No,3,0-12,Month-to-month,DSL,Electronic check,55.3,196.15,Yes,0.5482,High,363.79
1402-PTHGN,Female,0,Yes,Yes,18,13-24,One year,DSL,Mailed check,61.5,1087.45,No,0.0568,Low,41.92
4176-RELJR,Male,1,No,No,67,49+,Two year,No,Credit card (automatic),25.1,1672.15,No,0.0044,Low,1.33
6214-EDAKZ,Female,0,Yes,Yes,22,13-24,Month-to-month,DSL,Electronic check,55.15,1206.05,Yes,0.1326,Low,87.75
5199-FPUSP,Male,0,No,Yes,33,25-48,One year,DSL,Credit card (automatic),34.05,1113.95,No,0.0384,Low,15.69
6377-KSLXC,Male,0,No,No,5,0-12,Month-to-month,No,Mailed check,19.95,107.05,No,0.1667,Low,39.91
1796-JANOW,Female,0,No,No,2,0-12,Month-to-month,No,Mailed check,19.95,38.15,No,0.1831,Low,43.83
0238-WHBIQ,Male,0,Yes,Yes,72,49+,Two year,DSL,Credit card (automatic),89.7,6339.3,No,0.0088,Low,9.47
8735-NBLWT,Male,0,No,Yes,9,0-12,Month-to-month,No,Mailed check,20.4,184.1,No,0.1158,Low,28.35
6651-RLGGM,Male,0,Yes,Yes,67,49+,Two year,No,Mailed check,26.3,1688.9,No,0.0033,Low,1.04
6127-ISGTU,Female,0,Yes,No,16,13-24,Month-to-month,Fiber optic,Electronic check,84.95,1378.25,Yes,0.7157,High,729.58
1614-JBEBI,Female,0,No,No,8,0-12,Month-to-month,No,Mailed check,20.7,137.6,No,0.1934,Low,48.04
8740-XLHDR,Male,0,No,No,5,0-12,Month-to-month,DSL,Mailed check,43.25,219.0,Yes,0.3103,Medium,161.05
1208-DNHLN,Male,0,Yes,Yes,23,13-24,One year,DSL,Credit card (automatic),48.35,1067.15,Yes,0.1425,Low,82.68
1761-AEZZR,Male,0,No,No,1,0-12,Month-to-month,Fiber optic,Electronic check,79.55,79.55,Yes,0.7527,High,718.53
3923-CSIHK,Female,1,Yes,No,50,49+,Month-to-month,Fiber optic,Electronic check,71.05,3444.85,Yes,0.3277,Medium,279.4
5696-EXCYS,Male,0,No,No,17,13-24,Two year,No,Credit card (automatic),19.45,369.05,No,0.0261,Low,6.09
5795-KTGUD,Female,0,Yes,No,68,49+,Two year,Fiber optic,Bank transfer (automatic),110.8,7553.6,No,0.0755,Low,100.38
7120-RFMVS,Male,0,No,No,1,0-12,Month-to-month,Fiber optic,Electronic check,84.5,84.5,Yes,0.737,High,747.32
7924-GJZFI,Female,1,Yes,No,25,25-48,Month-to-month,Fiber optic,Electronic check,69.3,1813.1,No,0.556,High,462.37
4702-HDRKD,Male,0,No,No,67,49+,One year,DSL,Bank transfer (automatic),49.35,3321.35,No,0.0258,Low,15.28
8512-WIWYV,Male,0,No,No,32,25-48,One year,No,Credit card (automatic),20.35,707.5,No,0.0252,Low,6.15
5897-ZYEKH,Female,1,Yes,No,67,49+,One year,Fiber optic,Electronic check,105.6,7112.15,No,0.2123,Low,269.03
5456-ITGIC,Male,1,Yes,No,72,49+,Two year,DSL,Credit card (automatic),64.45,4641.1,No,0.0166,Low,12.84
7317-GGVPB,Male,0,Yes,No,71,49+,Two year,Fiber optic,Credit card (automatic),108.6,7690.9,Yes,0.0748,Low,97.48
1406-PUQVY,Male,0,No,Yes,1,0-12,Month-to-month,DSL,Electronic check,49.9,49.9,No,0.4181,Medium,250.36
1322-AGOQM,Male,0,No,No,46,25-48,Month-to-month,DSL,Bank transfer (automatic),30.3,1380.1,Yes,0.0937,Low,34.07
3677-IYRBF,Female,1,No,No,2,0-12,Month-to-month,DSL,Electronic check,30.4,78.65,Yes,0.6593,High,240.51
5692-FPTAH,Female,0,No,No,1,0-12,Month-to-month,DSL,Mailed check,45.4,45.4,Yes,0.4326,Medium,235.68
9114-AAFQH,Female,0,Yes,No,48,25-48,One year,DSL,Electronic check,65.65,3094.65,No,0.0888,Low,69.96
8715-KKTFG,Female,0,Yes,No,61,49+,One year,Fiber optic,Bank transfer (automatic),103.3,6518.35,No,0.1961,Low,243.09
1550-LOAHA,Female,0,Yes,No,32,25-48,Month-to-month,Fiber optic,Bank transfer (automatic),84.15,2585.95,Yes,0.3097,Medium,312.74
1728-BQDMA,Female,0,No,No,2,0-12,Month-to-month,DSL,Electronic check,44.45,82.7,No,0.4139,Medium,220.77
0268-QKIWO,Female,0,No,No,3,0-12,Month-to-month,No,Electronic check,19.75,58.85,Yes,0.2264,Low,53.66
0876-WDUUZ,Female,0,No,No,5,0-12,Month-to-month,Fiber optic,Credit card (automatic),85.4,425.9,Yes,0.5381,High,551.44
5117-ZSMHQ,Female,0,Yes,Yes,71,49+,Two year,DSL,Bank transfer (automatic),89.9,6342.7,No,0.0093,Low,10.03
5151-HQRDG,Male,0,Yes,No,37,25-48,Month-to-month,DSL,Mailed check,55.05,2030.75,No,0.1517,Low,100.21
0960-HUWBM,Male,0,Yes,Yes,65,49+,Two year,Fiber optic,Bank transfer (automatic),104.1,6700.05,No,0.0781,Low,97.56
6465-GSRCL,Female,0,No,Yes,67,49+,One year,Fiber optic,Bank transfer (automatic),106.6,7244.7,No,0.1156,Low,147.88
0617-FHSGK,Male,0,No,Yes,49,49+,Month-to-month,Fiber optic,Credit card (automatic),75.2,3678.3,Yes,0.1885,Low,170.1
0263-FJTQO,Male,0,Yes,Yes,50,49+,Two year,DSL,Credit card (automatic),70.5,3486.65,No,0.0195,Low,16.5
7319-ZNRTR,Male,0,Yes,Yes,25,25-48,One year,No,Electronic check,19.6,411.15,No,0.0416,Low,9.78
2858-MOFSQ,Female,0,No,Yes,17,13-24,One year,DSL,Mailed check,55.85,937.5,Yes,0.1715,Low,114.94
7503-EPSZW,Female,0,Yes,Yes,64,49+,Two year,No,Mailed check,24.05,1559.15,No,0.0057,Low,1.65
7089-XXAYG,Male,0,Yes,No,25,25-48,One year,DSL,Credit card (automatic),38.1,970.4,No,0.2276,Low,104.06
8118-LSUEL,Male,1,No,No,23,13-24,Month-to-month,Fiber optic,Electronic check,106.4,2483.5,Yes,0.7156,High,913.68
8070-AAWZP,Male,1,Yes,No,24,13-24,Month-to-month,DSL,Mailed check,34.25,828.2,No,0.2228,Low,91.57
1666-JXLKU,Female,0,No,No,37,25-48,Month-to-month,Fiber optic,Electronic check,100.05,3810.55,No,0.639,High,767.18
7855-DIWPO,Female,0,No,No,21,13-24,Month-to-month,Fiber optic,Electronic check,68.65,1493.2,No,0.552,High,454.74
5133-POWUA,Male,0,No,No,1,0-12,Month-to-month,DSL,Mailed check,45.8,45.8,No,0.4351,Medium,239.13
5652-MSDEY,Female,0,No,No,10,0-12,Month-to-month,Fiber optic,Mailed check,75.75,777.3,No,0.6259,High,568.94
7005-CCBKV,Male,0,No,No,6,0-12,Month-to-month,Fiber optic,Electronic check,84.4,556.35,Yes,0.689,High,697.82
1810-BOHSY,Male,0,Yes,No,51,49+,One year,Fiber optic,Credit card (automatic),96.4,4911.05,No,0.1437,Low,166.23
1784-BXEFA,Female,0,No,No,10,0-12,Month-to-month,No,Mailed check,20.55,187.35,No,0.1805,Low,44.51
7351-MHQVU,Female,0,No,No,6,0-12,Month-to-month,DSL,Credit card (automatic),50.95,307.6,No,0.2406,Low,147.1
9224-VTYID,Male,0,Yes,Yes,47,25-48,Two year,DSL,Mailed check,90.5,4318.35,No,0.0302,Low,32.8
9500-IWPXQ,Female,0,Yes,Yes,61,49+,One year,DSL,Electronic check,79.4,4820.55,No,0.0357,Low,34.01
5762-TJXGK,Female,0,No,No,52,49+,Two year,DSL,Bank transfer (automatic),58.75,3038.55,No,0.0393,Low,27.71
4504-YOULA,Female,0,Yes,Yes,35,25-48,Month-to-month,DSL,Credit card (automatic),59.45,2136.9,No,0.1078,Low,76.9
5569-IDSEY,Male,0,Yes,No,71,49+,One year,Fiber optic,Bank transfer (automatic),105.7,7472.15,No,0.1744,Low,221.21
4250-FDVOU,Female,0,No,No,6,0-12,Month-to-month,DSL,Electronic check,56.25,389.1,Yes,0.2426,Low,163.76
7284-ZZLOH,Male,0,Yes,No,45,25-48,Two year,DSL,Credit card (automatic),53.3,2296.25,No,0.015,Low,9.59
5277-ZLOOR,Female,1,No,No,2,0-12,Month-to-month,Fiber optic,Electronic check,85.55,187.45,Yes,0.812,High,833.6
2141-RRYGO,Female,0,No,No,4,0-12,Month-to-month,DSL,Bank transfer (automatic),68.65,261.25,Yes,0.4673,Medium,384.96
1777-JYQPJ,Male,0,No,No,2,0-12,Month-to-month,DSL,Mailed check,24.3,38.45,No,0.4819,Medium,140.52
6376-GAHQE,Male,0,No,No,4,0-12,Month-to-month,Fiber optic,Electronic check,77.85,299.2,Yes,0.6667,High,622.83
3401-URHDA,Male,0,No,No,51,49+,One year,DSL,Credit card (automatic),59.9,3043.6,No,0.0225,Low,16.17
1599-EAHXY,Male,0,Yes,Yes,60,49+,One year,No,Credit card (automatic),23.95,1506.4,No,0.0085,Low,2.44
8631-XVRZL,Male,0,No,No,9,0-12,One year,No,Mailed check,20.15,163.7,No,0.1056,Low,25.53
5052-PNLOS,Male,0,No,No,3,0-12,Month-to-month,Fiber optic,Bank transfer (automatic),105.35,323.25,Yes,0.7205,High,910.86
3853-LYGAM,Male,0,No,No,17,13-24,Month-to-month,Fiber optic,Bank transfer (automatic),95.65,1640.0,No,0.5281,High,606.15
6979-ZNSFF,Female,0,No,No,8,0-12,Month-to-month,Fiber optic,Electronic check,87.05,762.1,Yes,0.7505,High,783.97
5751-USDBL,Male,0,Yes,Yes,46,25-48,Two year,DSL,Mailed check,81.0,3846.35,No,0.0177,Low,17.2
5680-LQOGP,Female,0,No,No,68,49+,Two year,DSL,Credit card (automatic),82.45,5646.6,No,0.0128,Low,12.66
2386-LAHRK,Male,0,No,No,1,0-12,Month-to-month,DSL,Mailed check,53.5,53.5,Yes,0.5082,High,326.26
8189-DUKMV,Female,0,Yes,No,4,0-12,One year,No,Bank transfer (automatic),20.5,79.05,No,0.0861,Low,21.18
6032-IGALN,Female,0,No,No,1,0-12,Month-to-month,DSL,Mailed check,25.1,25.1,Yes,0.5741,High,172.92
9931-DCEZH,Male,0,No,Yes,28,25-48,One year,DSL,Credit card (automatic),54.4,1516.6,No,0.0555,Low,36.23
1898-JSNDC,Female,0,No,No,39,25-48,One year,DSL,Credit card (automatic),58.6,2224.5,No,0.0828,Low,58.22
0315-LVCRK,Male,0,No,No,11,0-12,Month-to-month,Fiber optic,Electronic check,84.8,888.75,No,0.5922,High,602.62
3911-RSNHI,Female,0,Yes,No,71,49+,Two year,DSL,Credit card (automatic),61.4,4310.35,No,0.0197,Low,14.51
2410-CIYFZ,Male,0,No,Yes,2,0-12,Month-to-month,No,Mailed check,20.4,42.9,No,0.1528,Low,37.41
4248-HCETZ,Male,1,Yes,No,30,25-48,Month-to-month,Fiber optic,Mailed check,79.65,2365.15,Yes,0.3974,Medium,379.83
5505-OVWQW,Female,0,No,No,17,13-24,One year,No,Mailed check,20.15,353.65,No,0.0527,Low,12.74
7271-AJDTL,Female,0,Yes,No,55,49+,Month-to-month,Fiber optic,Credit card (automatic),94.45,5073.1,No,0.3047,Medium,345.35
1867-TJHTS,Female,0,No,No,58,49+,Month-to-month,Fiber optic,Bank transfer (automatic),79.8,4526.85,No,0.1782,Low,170.64
0516-WJVXC,Female,0,No,No,5,0-12,Month-to-month,DSL,Electronic check,54.2,308.25,Yes,0.2245,Low,146.01
9174-FKWZE,Female,1,No,No,1,0-12,Month-to-month,No,Electronic check,19.45,19.45,Yes,0.3512,Medium,81.97
6860-YRJZP,Male,1,No,No,9,0-12,Month-to-month,Fiber optic,Electronic check,74.05,678.45,No,0.7441,High,661.21
4429-WYGFR,Male,0,No,No,26,25-48,Month-to-month,DSL,Bank transfer (automatic),49.15,1237.3,No,0.117,Low,69.01
2817-LVCPP,Female,0,No,No,50,49+,Two year,No,Credit card (automatic),19.4,1023.95,No,0.0057,Low,1.33
5038-ETMLM,Female,0,Yes,No,72,49+,Two year,Fiber optic,Bank transfer (automatic),113.65,8182.75,No,0.0536,Low,73.1
5056-FIMPT,Female,0,No,Yes,43,25-48,One year,Fiber optic,Credit card (automatic),106.0,4532.3,No,0.1032,Low,131.27
4521-WFJAI,Male,0,No,No,56,49+,Two year,No,Bank transfer (automatic),25.95,1444.05,No,0.009,Low,2.8
6569-KTMDU,Female,0,No,No,1,0-12,Month-to-month,No,Mailed check,19.1,19.1,No,0.1941,Low,44.49
8809-RIHDD,Male,0,Yes,Yes,72,49+,Two year,Fiber optic,Electronic check,103.4,7372.65,Yes,0.1122,Low,139.22
8809-XKHMD,Male,0,Yes,No,72,49+,Two year,Fiber optic,Bank transfer (automatic),100.55,7325.1,No,0.0362,Low,43.68
0396-YCHWO,Male,0,Yes,No,36,25-48,Month-to-month,Fiber optic,Electronic check,95.4,3474.2,No,0.6502,High,744.35
0867-LDTTC,Male,0,No,No,5,0-12,Month-to-month,DSL,Bank transfer (automatic),75.15,392.65,No,0.3138,Medium,282.98
4822-NGOCH,Female,0,No,No,13,13-24,Month-to-month,Fiber optic,Electronic check,84.45,1058.6,Yes,0.6352,High,643.71
9391-DXGGG,Female,1,No,No,44,25-48,One year,Fiber optic,Credit card (automatic),89.15,3990.75,No,0.1489,Low,159.29
9844-FELAJ,Female,1,Yes,Yes,70,49+,One year,Fiber optic,Electronic check,107.9,7475.85,No,0.1805,Low,233.71
2122-SZZZD,Male,0,No,No,44,25-48,One year,No,Credit card (automatic),19.5,835.5,No,0.0147,Low,3.44
5307-DZCVC,Female,1,Yes,No,32,25-48,Month-to-month,Fiber optic,Credit card (automatic),85.95,2628.6,Yes,0.5245,High,540.97
3148-AOIQT,Female,0,Yes,No,69,49+,Two year,No,Credit card (automatic),24.95,1718.35,No,0.005,Low,1.5
8679-JOEVF,Female,1,No,No,16,13-24,Month-to-month,DSL,Electronic check,59.4,1023.9,Yes,0.3001,Medium,213.91
8395-ETZKQ,Male,1,Yes,Yes,68,49+,One year,No,Bank transfer (automatic),19.5,1193.55,No,0.0047,Low,1.1
6692-YQHXC,Male,0,No,No,16,13-24,Month-to-month,Fiber optic,Credit card (automatic),69.95,1205.5,No,0.4907,Medium,411.89
3889-VWBID,Male,0,Yes,Yes,68,49+,Two year,DSL,Bank transfer (automatic),82.85,5776.45,No,0.007,Low,6.96
5222-JCXZT,Male,0,No,No,4,0-12,Month-to-month,No,Mailed check,19.0,78.9,No,0.1771,Low,40.38
9754-CLVZW,Female,0,Yes,Yes,26,25-48,Month-to-month,DSL,Credit card (automatic),38.85,1025.15,No,0.0866,Low,40.37
1432-FPAXX,Female,0,No,No,29,25-48,Month-to-month,DSL,Electronic check,30.6,856.35,Yes,0.3079,Medium,113.06
2739-CCZMB,Male,0,No,Yes,5,0-12,Month-to-month,No,Credit card (automatic),20.35,122.0,No,0.1242,Low,30.33
7080-TNUWP,Male,0,Yes,No,70,49+,One year,Fiber optic,Bank transfer (automatic),95.0,6602.9,No,0.13,Low,148.2
0496-AHOOK,Male,0,Yes,No,24,13-24,One year,DSL,Bank transfer (automatic),74.4,1712.9,No,0.077,Low,68.75
8336-TAVKX,Female,1,Yes,No,72,49+,Two year,DSL,Bank transfer (automatic),78.45,5682.25,No,0.0092,Low,8.66
2468-SJFLM,Male,0,No,No,1,0-12,Month-to-month,Fiber optic,Mailed check,74.3,74.3,No,0.5541,High,494.04
3181-VTHOE,Male,0,Yes,No,70,49+,One year,DSL,Bank transfer (automatic),51.05,3635.15,No,0.0294,Low,18.01
7168-HDQHG,Female,0,Yes,Yes,36,25-48,Month-to-month,No,Bank transfer (automatic),19.2,702.9,No,0.035,Low,8.06
4803-AXVYP,Female,1,No,No,38,25-48,Month-to-month,Fiber optic,Electronic check,99.55,3734.25,Yes,0.5817,High,694.9
3884-HCSWG,Female,0,No,No,17,13-24,Month-to-month,Fiber optic,Electronic check,70.0,1144.5,Yes,0.572,High,480.48
4567-AKPIA,Female,0,Yes,Yes,41,25-48,One year,Fiber optic,Bank transfer (automatic),109.1,4454.25,No,0.2144,Low,280.69
5077-DXTCG,Female,0,No,No,1,0-12,Month-to-month,DSL,Electronic check,45.3,45.3,Yes,0.5096,High,277.02
1142-WACZW,Male,0,No,No,2,0-12,Month-to-month,DSL,Bank transfer (automatic),29.85,75.6,Yes,0.3702,Medium,132.61
7901-HXJVA,Male,0,No,No,14,13-24,Month-to-month,Fiber optic,Electronic check,76.45,1117.55,No,0.5004,High,459.07
5649-ANRML,Male,1,No,No,2,0-12,Month-to-month,Fiber optic,Credit card (automatic),95.1,180.25,Yes,0.5509,High,628.69
4892-VLANZ,Male,0,No,No,1,0-12,Month-to-month,No,Mailed check,19.8,19.8,Yes,0.1942,Low,46.14
5924-IFQTT,Male,0,Yes,Yes,13,13-24,Month-to-month,DSL,Electronic check,72.8,930.05,No,0.364,Medium,317.99
7968-QUXNS,Male,0,No,No,6,0-12,Month-to-month,No,Mailed check,18.95,110.15,No,0.1641,Low,37.32
2919-HBCJO,Female,0,No,No,4,0-12,Month-to-month,Fiber optic,Bank transfer (automatic),76.65,333.6,Yes,0.5374,High,494.3
4236-XPXAV,Female,0,Yes,Yes,5,0-12,Month-to-month,Fiber optic,Mailed check,99.15,465.05,Yes,0.5369,High,638.8
8903-WMRNW,Female,0,Yes,No,15,13-24,Month-to-month,Fiber optic,Electronic check,101.75,1669.4,No,0.5211,High,636.26
2452-SNHFZ,Female,0,No,No,47,25-48,Month-to-month,Fiber optic,Credit card (automatic),75.45,3545.1,No,0.1298,Low,117.52
3629-WEAAM,Female,0,No,No,8,0-12,Month-to-month,DSL,Mailed check,64.1,504.05,No,0.2604,Low,200.3
6029-CSMJE,Male,0,No,No,17,13-24,Month-to-month,DSL,Mailed check,25.65,440.2,No,0.3994,Medium,122.94
7993-NQLJE,Male,0,Yes,Yes,15,13-24,Month-to-month,Fiber optic,Mailed check,75.1,1151.55,No,0.29,Low,261.35
9909-DFRJA,Female,0,No,No,26,25-48,One year,Fiber optic,Bank transfer (automatic),95.85,2475.35,No,0.1689,Low,194.27
9099-FTUHS,Female,0,No,No,23,13-24,Month-to-month,DSL,Electronic check,54.4,1249.25,No,0.2174,Low,141.92
0581-BXBUB,Female,1,No,No,4,0-12,Month-to-month,Fiber optic,Electronic check,72.75,317.75,No,0.604,High,527.29
4962-CHQPW,Male,0,No,Yes,29,25-48,One year,No,Mailed check,19.85,535.05,No,0.0254,Low,6.05
9467-ROOLM,Female,0,No,No,25,25-48,Month-to-month,No,Mailed check,19.05,461.3,No,0.0737,Low,16.85
3030-YZADT,Male,0,No,No,9,0-12,Month-to-month,DSL,Mailed check,44.95,431.0,Yes,0.2847,Low,153.57
7410-KTVFV,Male,0,Yes,No,18,13-24,Month-to-month,DSL,Mailed check,49.55,878.35,Yes,0.2869,Low,170.59
5150-ITWWB,Male,1,No,No,3,0-12,Month-to-month,Fiber optic,Electronic check,94.85,335.75,No,0.847,High,964.06
2253-KPMNB,Female,0,Yes,Yes,69,49+,Two year,DSL,Bank transfer (automatic),46.25,3121.4,No,0.0041,Low,2.28
1345-ZUKID,Male,0,No,No,14,13-24,One year,No,Mailed check,19.35,324.8,No,0.0631,Low,14.65
6429-SHBCB,Male,0,No,No,19,13-24,Month-to-month,DSL,Mailed check,69.6,1394.55,No,0.3851,Medium,321.64
9281-OFDMF,Male,1,No,No,39,25-48,Month-to-month,Fiber optic,Electronic check,90.7,3413.25,No,0.4496,Medium,489.34
2603-HVKCG,Male,0,No,No,31,25-48,Month-to-month,Fiber optic,Electronic check,101.4,3143.65,No,0.5599,High,681.29
1834-WULEG,Male,0,Yes,Yes,24,13-24,One year,No,Mailed check,20.25,439.75,No,0.0321,Low,7.8
9097-ZUBYC,Male,0,Yes,No,14,13-24,Month-to-month,DSL,Bank transfer (automatic),48.8,664.4,No,0.1804,Low,105.64
5148-ORICT,Female,0,Yes,No,64,49+,Two year,DSL,Mailed check,74.35,4759.55,No,0.0111,Low,9.9
4893-GYUJU,Female,0,No,No,50,49+,One year,No,Mailed check,19.35,1033.0,No,0.018,Low,4.18
4578-PHJYZ,Male,0,Yes,Yes,52,49+,One year,DSL,Electronic check,68.75,3482.85,No,0.0492,Low,40.59
7272-QDCKA,Male,0,No,No,28,25-48,One year,Fiber optic,Electronic check,100.2,2688.45,No,0.3961,Medium,476.27
8908-SLFCJ,Female,0,No,No,21,13-24,Two year,No,Credit card (automatic),20.85,435.25,No,0.0293,Low,7.33
8393-DLHGA,Male,0,No,Yes,25,25-48,Month-to-month,Fiber optic,Electronic check,95.9,2448.75,Yes,0.5538,High,637.31
9766-HGEDE,Female,0,Yes,No,17,13-24,One year,No,Mailed check,19.35,307.0,No,0.0545,Low,12.65
6968-MHOMU,Male,0,Yes,No,58,49+,One year,DSL,Credit card (automatic),45.0,2689.35,No,0.0919,Low,49.63
7395-IGJOS,Male,1,Yes,No,17,13-24,Month-to-month,Fiber optic,Bank transfer (automatic),81.5,1329.2,Yes,0.4854,Medium,474.72
5044-XDPYX,Female,0,Yes,No,51,49+,Two year,No,Mailed check,25.5,1281.25,No,0.0085,Low,2.6
1814-WFGVS,Male,0,Yes,Yes,72,49+,Two year,DSL,Mailed check,48.9,3527.0,No,0.0068,Low,3.99
2834-SPCJV,Male,0,Yes,No,52,49+,Month-to-month,Fiber optic,Electronic check,84.1,4348.65,Yes,0.2226,Low,224.65
3721-WKIIL,Female,0,No,No,27,25-48,Two year,No,Mailed check,19.6,561.15,No,0.0259,Low,6.09
6734-CKRSM,Female,0,No,No,3,0-12,Month-to-month,No,Mailed check,20.0,63.6,No,0.1763,Low,42.31
1265-ZFOSD,Female,0,Yes,No,64,49+,Two year,DSL,Mailed check,81.3,5129.3,No,0.015,Low,14.63
6568-POCUI,Female,0,Yes,No,45,25-48,Two year,Fiber optic,Credit card (automatic),95.2,4285.8,No,0.108,Low,123.38
7890-VYYWG,Male,1,Yes,No,3,0-12,Month-to-month,DSL,Mailed check,36.45,93.7,Yes,0.6414,High,280.55
5197-LQXXH,Female,0,Yes,No,71,49+,Two year,DSL,Credit card (automatic),83.3,5894.5,No,0.0234,Low,23.39
9907-SWKKF,Female,1,No,No,1,0-12,Month-to-month,DSL,Mailed check,25.05,25.05,Yes,0.5183,High,155.8
3457-PQBYH,Female,0,Yes,Yes,58,49+,Two year,No,Credit card (automatic),20.3,1160.75,No,0.0032,Low,0.78
7682-AZNDK,Male,0,Yes,Yes,34,25-48,Month-to-month,Fiber optic,Electronic check,89.85,3091.75,No,0.4253,Medium,458.56
0587-DMGBH,Female,0,No,No,8,0-12,Month-to-month,DSL,Electronic check,49.85,365.55,Yes,0.3422,Medium,204.7
5384-ZTTWP,Female,0,Yes,Yes,15,13-24,Month-to-month,No,Mailed check,19.8,272.95,No,0.0914,Low,21.72
3745-HRPHI,Male,0,Yes,Yes,66,49+,Two year,DSL,Bank transfer (automatic),54.65,3632.0,No,0.016,Low,10.49
7636-OWBPG,Male,1,No,No,12,0-12,Month-to-month,DSL,Credit card (automatic),29.35,381.2,No,0.4323,Medium,152.26
1231-YNDEK,Male,0,No,No,58,49+,Two year,No,Bank transfer (automatic),19.15,1035.5,No,0.0059,Low,1.36
1407-DIGZV,Female,0,Yes,Yes,3,0-12,Two year,No,Mailed check,19.1,52.0,No,0.0434,Low,9.95
6397-JNZZG,Female,1,Yes,No,43,25-48,Month-to-month,DSL,Credit card (automatic),55.55,2342.2,Yes,0.1986,Low,132.39
0570-BFQHT,Female,0,No,No,9,0-12,Month-to-month,Fiber optic,Electronic check,80.55,653.9,No,0.494,Medium,477.5
4393-OBCRR,Female,0,No,No,3,0-12,One year,No,Mailed check,20.25,71.2,No,0.0953,Low,23.16
3523-QRQLL,Female,0,Yes,Yes,22,13-24,One year,DSL,Bank transfer (automatic),69.5,1498.2,Yes,0.1555,Low,129.69
8564-LDKFL,Male,0,Yes,No,40,25-48,One year,Fiber optic,Bank transfer (automatic),106.0,4178.65,No,0.3216,Medium,409.08
3696-DFHHB,Female,0,No,No,68,49+,Two year,No,Bank transfer (automatic),25.5,1821.8,No,0.0037,Low,1.13
0895-DQHEW,Male,0,Yes,No,54,49+,Month-to-month,Fiber optic,Electronic check,104.3,5278.15,Yes,0.4839,Medium,605.65
4717-GHADL,Female,0,No,No,50,49+,Two year,DSL,Mailed check,79.6,4024.2,No,0.047,Low,44.89
5501-TVMGM,Male,0,No,No,1,0-12,Month-to-month,DSL,Electronic check,55.25,55.25,No,0.571,High,378.57
5879-HMFFH,Female,0,Yes,No,72,49+,Two year,DSL,Bank transfer (automatic),88.05,6520.8,No,0.0121,Low,12.78
6772-WFQRD,Male,0,No,Yes,40,25-48,One year,No,Bank transfer (automatic),20.4,854.9,No,0.0208,Low,5.09
3810-DVDQQ,Female,0,Yes,Yes,72,49+,Two year,Fiber optic,Bank transfer (automatic),117.6,8308.9,No,0.0395,Low,55.74
6972-SNKKW,Female,0,No,No,6,0-12,Month-to-month,No,Mailed check,20.0,109.2,No,0.1567,Low,37.61
3694-GLTJM,Female,0,No,No,5,0-12,Month-to-month,No,Credit card (automatic),19.65,92.05,No,0.2036,Low,48.01
8550-XSXUQ,Male,0,Yes,No,48,25-48,One year,DSL,Credit card (automatic),70.55,3420.5,No,0.0863,Low,73.06
8149-RSOUN,Female,0,No,No,1,0-12,Month-to-month,Fiber optic,Electronic check,93.85,93.85,Yes,0.8351,High,940.49
9055-MOJJJ,Female,0,Yes,Yes,64,49+,One year,DSL,Mailed check,65.8,4068.0,No,0.0121,Low,9.55
4359-INNWN,Female,0,No,No,17,13-24,One year,No,Credit card (automatic),20.05,337.9,No,0.0475,Low,11.43
0585-EGDDA,Male,0,Yes,No,40,25-48,Month-to-month,Fiber optic,Electronic check,80.0,3168.75,No,0.3576,Medium,343.3
4032-RMHCI,Female,0,Yes,Yes,41,25-48,One year,DSL,Credit card (automatic),35.4,1412.4,No,0.0368,Low,15.63
0549-CYCQN,Male,1,No,No,51,49+,One year,Fiber optic,Bank transfer (automatic),79.6,3974.7,No,0.1702,Low,162.58
3481-JHUZH,Male,0,Yes,No,41,25-48,Month-to-month,Fiber optic,Electronic check,80.25,3439.0,No,0.4361,Medium,419.96
7250-EQKIY,Female,0,Yes,Yes,1,0-12,Month-to-month,DSL,Mailed check,50.45,50.45,Yes,0.2916,Low,176.53
3594-IVHJZ,Female,0,No,No,2,0-12,Month-to-month,No,Mailed check,20.45,42.45,No,0.2424,Low,59.48
6869-FGJJC,Male,0,No,No,68,49+,One year,Fiber optic,Credit card (automatic),79.6,5461.45,No,0.0485,Low,46.33
3896-ZVNET,Female,0,Yes,Yes,24,13-24,Two year,No,Mailed check,24.7,571.75,No,0.0226,Low,6.7
8205-VSLRB,Male,0,Yes,No,70,49+,Two year,DSL,Credit card (automatic),77.3,5498.2,No,0.0089,Low,8.26
5960-MVTUK,Male,0,No,No,3,0-12,Month-to-month,DSL,Electronic check,29.75,96.85,No,0.5449,High,194.53
6817-WTYHE,Male,0,No,No,2,0-12,Month-to-month,DSL,Bank transfer (automatic),44.9,111.05,No,0.3282,Medium,176.83
3082-VQXNH,Male,0,Yes,No,3,0-12,Month-to-month,DSL,Credit card (automatic),29.8,94.4,No,0.4037,Medium,144.36
4013-UBXWQ,Female,0,No,No,7,0-12,Month-to-month,DSL,Electronic check,74.65,521.1,Yes,0.5544,High,496.63
4931-TRZWN,Female,0,No,No,13,13-24,Month-to-month,DSL,Electronic check,71.95,923.85,No,0.4014,Medium,346.57
0750-EKNGL,Male,0,No,No,7,0-12,Month-to-month,No,Mailed check,20.75,141.1,No,0.151,Low,37.6
7669-LCRSD,Male,0,Yes,Yes,12,0-12,Month-to-month,DSL,Mailed check,56.3,628.65,No,0.336,Medium,227.0
3567-PQTSO,Male,0,Yes,Yes,53,49+,One year,Fiber optic,Electronic check,105.25,5576.3,No,0.2879,Low,363.62
5519-NPHVG,Female,0,No,No,12,0-12,Month-to-month,Fiber optic,Electronic check,94.2,1046.1,Yes,0.7812,High,883.07
8043-PNYSD,Male,0,Yes,Yes,63,49+,Two year,No,Mailed check,19.55,1245.6,No,0.0029,Low,0.68
9938-EKRGF,Female,0,No,No,15,13-24,Month-to-month,DSL,Mailed check,84.45,1287.85,No,0.1664,Low,168.63
2703-AMTUL,Male,0,Yes,Yes,36,25-48,One year,DSL,Mailed check,53.65,1939.35,No,0.0319,Low,20.54
0928-JMXNP,Male,1,Yes,No,4,0-12,Month-to-month,DSL,Electronic check,29.9,118.25,No,0.652,High,233.94
8173-RXAYP,Female,0,Yes,Yes,24,13-24,Two year,No,Mailed check,19.7,452.55,No,0.0167,Low,3.95
4825-XJGDM,Female,0,No,No,61,49+,One year,DSL,Credit card (automatic),43.7,2696.55,No,0.0137,Low,7.18
5402-HTOTQ,Male,0,No,No,16,13-24,Month-to-month,DSL,Electronic check,55.3,875.35,No,0.3164,Medium,209.96
6734-JDTTV,Male,0,Yes,Yes,65,49+,Two year,No,Credit card (automatic),19.85,1267.05,No,0.0034,Low,0.81
7850-THJMU,Female,0,Yes,Yes,26,25-48,Two year,No,Credit card (automatic),19.65,494.9,No,0.0137,Low,3.23
3890-RTCMS,Male,0,No,No,16,13-24,Month-to-month,DSL,Mailed check,49.45,799.0,No,0.2353,Low,139.63
8849-GYOKR,Female,0,Yes,No,54,49+,One year,Fiber optic,Bank transfer (automatic),106.55,5763.3,Yes,0.1316,Low,168.26
3148-BLQJT,Male,0,No,No,1,0-12,Month-to-month,No,Mailed check,20.1,20.1,Yes,0.1928,Low,46.5
3717-FDJFU,Male,0,No,Yes,5,0-12,Two year,No,Mailed check,20.45,106.9,No,0.0383,Low,9.4
3665-JATSN,Female,0,No,No,19,13-24,Month-to-month,DSL,Electronic check,39.7,710.05,No,0.4775,Medium,227.48
7966-YOTQW,Male,0,No,No,10,0-12,Month-to-month,DSL,Credit card (automatic),54.5,568.2,No,0.3087,Medium,201.89
0461-CVKMU,Female,0,Yes,Yes,23,13-24,Month-to-month,Fiber optic,Electronic check,83.8,1900.25,Yes,0.2745,Low,276.04
8806-EAGWC,Male,0,No,No,3,0-12,Month-to-month,DSL,Mailed check,55.15,159.15,Yes,0.3858,Medium,255.32
8853-TZDGH,Female,0,No,No,72,49+,Two year,Fiber optic,Bank transfer (automatic),111.6,8012.75,No,0.0694,Low,92.94
7779-LGOVN,Male,1,Yes,No,10,0-12,Month-to-month,Fiber optic,Electronic check,86.65,856.65,Yes,0.7723,High,803.04
4324-BZCKL,Female,0,Yes,Yes,10,0-12,Month-to-month,DSL,Mailed check,55.55,551.3,No,0.2615,Low,174.32
6924-TDGMT,Male,0,Yes,No,11,0-12,One year,No,Mailed check,20.55,184.95,No,0.0977,Low,24.09
9710-ZUSHQ,Female,1,No,No,37,25-48,Month-to-month,Fiber optic,Bank transfer (automatic),106.75,4056.75,Yes,0.4434,Medium,568.0
1536-YHDOE,Male,0,Yes,Yes,17,13-24,One year,DSL,Mailed check,62.1,1096.65,No,0.0918,Low,68.41
8123-QBNAZ,Female,0,Yes,Yes,36,25-48,Month-to-month,Fiber optic,Credit card (automatic),104.5,3684.95,No,0.3928,Medium,492.57
3629-ZNKXA,Male,1,No,No,17,13-24,Month-to-month,Fiber optic,Electronic check,101.8,1752.45,No,0.682,High,833.13
4827-LTQRJ,Female,1,Yes,Yes,66,49+,One year,Fiber optic,Credit card (automatic),110.6,7210.85,No,0.0951,Low,126.22
7711-YIJWC,Male,0,Yes,Yes,61,49+,One year,DSL,Bank transfer (automatic),84.9,5264.5,No,0.0179,Low,18.24
5482-VXSXJ,Male,0,No,No,22,13-24,Month-to-month,Fiber optic,Mailed check,93.2,2157.3,No,0.5753,High,643.42
7365-BVCJH,Male,0,No,No,1,0-12,Month-to-month,DSL,Electronic check,24.4,24.4,No,0.6567,High,192.28
9620-ENEJV,Female,0,No,No,6,0-12,Month-to-month,Fiber optic,Credit card (automatic),70.55,433.95,No,0.4703,Medium,398.16
4183-WCSEP,Male,0,No,No,31,25-48,Month-to-month,Fiber optic,Electronic check,78.45,2435.15,Yes,0.3532,Medium,332.5
2378-YIZKA,Female,0,Yes,Yes,68,49+,Two year,DSL,Credit card (automatic),85.0,5607.75,No,0.0096,Low,9.79
5498-TXHLF,Female,0,Yes,Yes,34,25-48,Month-to-month,Fiber optic,Electronic check,87.45,2874.15,Yes,0.4485,Medium,470.66
0689-DSXGL,Female,0,Yes,Yes,52,49+,Month-to-month,Fiber optic,Bank transfer (automatic),85.8,4433.3,No,0.0907,Low,93.38
6818-DJXAA,Female,0,No,Yes,10,0-12,Month-to-month,Fiber optic,Electronic check,91.1,964.35,No,0.5372,High,587.27
9722-UJOJR,Male,0,Yes,Yes,29,25-48,Month-to-month,Fiber optic,Electronic check,70.75,1974.8,Yes,0.4178,Medium,354.71
0464-WJTKO,Female,0,Yes,Yes,72,49+,Two year,No,Bank transfer (automatic),20.1,1460.85,No,0.0017,Low,0.41
8902-ZEOVF,Male,0,Yes,Yes,47,25-48,One year,No,Mailed check,20.05,951.55,No,0.0116,Low,2.79
6778-EICRF,Male,0,Yes,Yes,24,13-24,One year,DSL,Mailed check,74.8,1821.2,No,0.1232,Low,110.58
2662-NNTDK,Male,0,No,No,65,49+,One year,No,Credit card (automatic),24.8,1600.95,No,0.008,Low,2.38
4132-KALRO,Female,0,No,No,4,0-12,Month-to-month,Fiber optic,Mailed check,100.85,399.25,No,0.6897,High,834.67
3902-FOIGH,Male,1,Yes,No,12,0-12,Month-to-month,Fiber optic,Electronic check,101.35,1218.55,Yes,0.7783,High,946.57
6772-KSATR,Male,0,No,No,1,0-12,Month-to-month,Fiber optic,Electronic check,81.7,81.7,Yes,0.6649,High,651.87
7112-OPOTK,Male,0,No,No,33,25-48,Month-to-month,Fiber optic,Electronic check,68.25,2171.15,Yes,0.3594,Medium,294.35
2874-YXVVA,Female,0,No,No,34,25-48,Month-to-month,Fiber optic,Electronic check,105.1,3634.8,No,0.4612,Medium,581.67
1245-HARPS,Female,0,Yes,No,14,13-24,Two year,No,Mailed check,20.4,292.4,No,0.0321,Low,7.86
4210-QFJMF,Female,0,No,No,4,0-12,Month-to-month,Fiber optic,Electronic check,79.15,317.25,Yes,0.7322,High,695.44
4323-ELYYB,Male,0,Yes,Yes,13,13-24,One year,No,Mailed check,20.0,218.55,No,0.0524,Low,12.58
4293-ETKAP,Female,0,Yes,Yes,65,49+,Two year,DSL,Bank transfer (automatic),79.4,5071.9,No,0.0218,Low,20.77
6064-PUPMC,Male,0,Yes,Yes,23,13-24,One year,DSL,Credit card (automatic),57.2,1423.35,No,0.036,Low,24.71
6504-VBLFL,Male,0,Yes,No,55,49+,Two year,DSL,Electronic check,58.6,3068.6,No,0.0135,Low,9.49
6322-PJJDJ,Male,0,Yes,No,49,49+,Two year,Fiber optic,Electronic check,94.8,4690.65,No,0.1714,Low,194.98
0330-BGYZE,Male,0,Yes,No,60,49+,One year,Fiber optic,Bank transfer (automatic),102.5,6157.6,No,0.1722,Low,211.81
1085-LDWAM,Female,0,Yes,Yes,69,49+,One year,No,Credit card (automatic),20.35,1442.65,No,0.0054,Low,1.32
7586-ZATGZ,Male,0,No,No,40,25-48,Month-to-month,Fiber optic,Electronic check,84.9,3369.05,No,0.5415,High,551.68
7197-VOJMM,Male,0,Yes,No,67,49+,Two year,DSL,Credit card (automatic),69.2,4671.65,No,0.009,Low,7.47
3318-OSATS,Male,1,No,No,35,25-48,Month-to-month,Fiber optic,Electronic check,95.45,3474.05,Yes,0.6879,High,787.92
5828-AVIPD,Male,0,Yes,Yes,19,13-24,One year,Fiber optic,Electronic check,100.95,1875.55,Yes,0.4489,Medium,543.8
1843-TLSGD,Female,0,Yes,Yes,13,13-24,Two year,No,Mailed check,20.85,272.35,No,0.0266,Low,6.66
9626-VFRGG,Female,0,No,Yes,41,25-48,Month-to-month,Fiber optic,Bank transfer (automatic),88.5,3645.05,No,0.3569,Medium,379.03
7075-BNDVQ,Female,0,No,No,4,0-12,Month-to-month,DSL,Mailed check,35.0,135.75,No,0.3404,Medium,142.97
9143-CANJF,Female,0,Yes,Yes,24,13-24,Month-to-month,DSL,Electronic check,55.15,1319.85,No,0.0996,Low,65.92
7284-BUYEC,Female,0,No,No,5,0-12,Month-to-month,DSL,Credit card (automatic),50.95,229.4,No,0.5682,High,347.4
2041-JIJCI,Female,0,No,No,5,0-12,Month-to-month,DSL,Electronic check,64.0,370.25,No,0.5692,High,437.15
1086-LXKFY,Female,0,Yes,Yes,1,0-12,Month-to-month,Fiber optic,Mailed check,69.1,69.1,Yes,0.5912,High,490.22
4900-MSOMT,Female,0,Yes,Yes,72,49+,Two year,DSL,Bank transfer (automatic),80.2,5714.2,No,0.0061,Low,5.87
2229-VWQJH,Female,0,No,No,24,13-24,Month-to-month,DSL,Credit card (automatic),49.3,1233.25,No,0.218,Low,128.97
9194-GFVOI,Female,0,Yes,No,42,25-48,Two year,DSL,Credit card (automatic),84.35,3571.6,No,0.0308,Low,31.18
1336-EZFZY,Female,0,No,No,4,0-12,Month-to-month,No,Mailed check,20.05,83.3,No,0.1695,Low,40.78
4282-MSACW,Male,0,No,No,68,49+,One year,Fiber optic,Credit card (automatic),117.2,8035.95,No,0.1021,Low,143.59
1403-LKLIK,Female,0,Yes,Yes,33,25-48,One year,No,Mailed check,20.1,579.4,No,0.0209,Low,5.04
2636-ALXXZ,Female,1,No,No,1,0-12,Month-to-month,Fiber optic,Electronic check,69.6,69.6,Yes,0.7328,High,612.03
7774-OJSXI,Male,0,No,No,31,25-48,One year,Fiber optic,Electronic check,103.45,3066.45,Yes,0.4738,Medium,588.18
7786-WBJYI,Female,0,No,No,4,0-12,Month-to-month,Fiber optic,Bank transfer (automatic),77.95,305.55,Yes,0.5426,High,507.55
0136-IFMYD,Male,1,Yes,No,69,49+,Two year,Fiber optic,Electronic check,109.95,7634.25,No,0.129,Low,170.2
5144-TVGLP,Male,1,No,No,38,25-48,Month-to-month,Fiber optic,Electronic check,94.75,3653.0,No,0.582,High,661.73
9643-AVVWI,Female,0,Yes,Yes,3,0-12,Month-to-month,Fiber optic,Electronic check,80.0,241.3,No,0.5087,High,488.35
0253-ZTEOB,Female,0,Yes,Yes,48,25-48,Two year,DSL,Electronic check,79.65,3870.3,No,0.0386,Low,36.89
2706-QZIHY,Female,0,Yes,No,15,13-24,Two year,No,Mailed check,25.2,387.9,No,0.0413,Low,12.49
6061-PQHMK,Female,0,No,No,25,25-48,One year,No,Credit card (automatic),19.9,527.5,No,0.0338,Low,8.07
9885-CSMWE,Female,1,No,No,1,0-12,Month-to-month,Fiber optic,Electronic check,78.45,78.45,Yes,0.7105,High,668.86
6137-MFAJN,Female,0,No,No,48,25-48,Month-to-month,DSL,Electronic check,44.8,2104.55,No,0.1593,Low,85.64
9122-UMROB,Male,0,No,No,1,0-12,Month-to-month,No,Mailed check,20.3,20.3,No,0.1919,Low,46.75
4232-JGKIY,Male,0,No,No,1,0-12,Month-to-month,No,Electronic check,19.2,19.2,No,0.2501,Low,57.62
2402-TAIRZ,Female,0,No,No,37,25-48,One year,Fiber optic,Electronic check,80.05,3019.1,No,0.1697,Low,163.01
9659-ZTWSM,Male,1,Yes,No,66,49+,One year,Fiber optic,Bank transfer (automatic),107.35,7051.95,No,0.1787,Low,230.2
9139-TWBAS,Female,0,Yes,No,26,25-48,One year,DSL,Bank transfer (automatic),47.85,1190.5,No,0.1016,Low,58.34
6685-GBWJZ,Male,0,Yes,No,63,49+,One year,DSL,Credit card (automatic),70.8,4448.8,No,0.0133,Low,11.3
5016-ETTFF,Male,0,No,No,10,0-12,Month-to-month,DSL,Mailed check,29.5,255.25,Yes,0.3838,Medium,135.87
3866-MDTUB,Female,0,No,No,2,0-12,Month-to-month,DSL,Electronic check,70.75,146.9,Yes,0.5039,High,427.81
2195-VVRJF,Male,1,Yes,No,18,13-24,Month-to-month,DSL,Credit card (automatic),59.1,1011.05,No,0.2701,Low,191.55
3913-RDSJZ,Female,0,Yes,No,64,49+,Two year,No,Mailed check,25.55,1714.95,No,0.0049,Low,1.5
8058-JMEQO,Female,1,No,No,9,0-12,Month-to-month,Fiber optic,Electronic check,84.45,762.5,Yes,0.7813,High,791.77
4203-QGNZA,Female,0,No,Yes,28,25-48,Month-to-month,No,Mailed check,20.25,535.35,No,0.0508,Low,12.34
5043-TRZWM,Female,0,No,No,1,0-12,Month-to-month,Fiber optic,Electronic check,75.55,75.55,No,0.6049,High,548.4
0697-ZMSWS,Male,0,No,No,4,0-12,Month-to-month,Fiber optic,Electronic check,85.65,338.9,Yes,0.781,High,802.71
7657-DYEPJ,Male,1,No,No,38,25-48,One year,DSL,Credit card (automatic),70.15,2497.35,Yes,0.0698,Low,58.76
9494-BDNNC,Male,0,Yes,No,66,49+,One year,Fiber optic,Electronic check,95.3,6273.4,No,0.1455,Low,166.39
1640-PLFMP,Female,0,No,No,1,0-12,Month-to-month,Fiber optic,Electronic check,70.25,70.25,No,0.6996,High,589.76
5366-OBVMR,Female,0,Yes,No,18,13-24,Month-to-month,DSL,Mailed check,50.3,908.75,No,0.2174,Low,131.22
8276-MQBYC,Male,1,No,No,51,49+,Month-to-month,Fiber optic,Electronic check,97.8,4913.3,Yes,0.5865,High,688.32
7644-OMVMY,Male,0,Yes,Yes,0,0-12,Two year,No,Mailed check,19.85,0.0,No,0.0495,Low,11.79
7593-XFKDI,Male,0,No,No,1,0-12,Month-to-month,DSL,Mailed check,46.3,46.3,Yes,0.3437,Medium,190.96
4573-JKNAE,Male,0,No,Yes,12,0-12,Two year,No,Bank transfer (automatic),19.35,212.3,No,0.0267,Low,6.2
0337-CNPZE,Female,0,No,No,41,25-48,Month-to-month,Fiber optic,Electronic check,106.3,4443.45,Yes,0.5736,High,731.68
9817-APLHW,Male,0,No,No,12,0-12,Month-to-month,No,Electronic check,25.0,316.2,No,0.2101,Low,63.03
8380-MQINP,Female,0,Yes,Yes,55,49+,Two year,No,Mailed check,20.3,1079.05,No,0.004,Low,0.97
0840-DFEZH,Female,0,No,No,7,0-12,Month-to-month,Fiber optic,Electronic check,75.35,564.65,No,0.7184,High,649.58
1513-XNPPH,Female,0,No,No,12,0-12,Month-to-month,Fiber optic,Electronic check,89.4,1095.65,Yes,0.5881,High,630.91
8690-ZVLCL,Female,0,Yes,Yes,68,49+,Two year,DSL,Credit card (automatic),88.0,6161.9,No,0.0106,Low,11.19
6015-VVHHE,Female,1,No,No,5,0-12,Month-to-month,Fiber optic,Credit card (automatic),83.15,446.05,Yes,0.7366,High,734.98
1125-SNVCK,Female,1,No,No,49,49+,Month-to-month,DSL,Mailed check,43.8,2106.05,No,0.0832,Low,43.73
0384-LPITE,Male,0,No,No,40,25-48,One year,DSL,Credit card (automatic),62.05,2511.55,No,0.0742,Low,55.25
4616-EWBNJ,Female,0,No,No,16,13-24,One year,No,Bank transfer (automatic),20.1,318.6,No,0.0511,Low,12.33
6347-DCUIK,Male,0,No,No,10,0-12,Month-to-month,Fiber optic,Mailed check,74.15,811.8,Yes,0.6442,High,573.21
1335-HQMKX,Female,0,Yes,No,72,49+,One year,Fiber optic,Electronic check,101.35,7323.15,No,0.2415,Low,293.71
2545-EBUPK,Female,1,No,No,2,0-12,Month-to-month,Fiber optic,Electronic check,84.05,186.05,No,0.8188,High,825.84
6923-AQONU,Male,0,Yes,Yes,23,13-24,Two year,No,Mailed check,20.9,454.0,No,0.0173,Low,4.34
2172-EJXVF,Female,1,No,No,71,49+,One year,Fiber optic,Electronic check,105.9,7521.95,No,0.2561,Low,325.45
0897-FEGMU,Female,0,Yes,No,11,0-12,Month-to-month,Fiber optic,Electronic check,99.5,1056.95,Yes,0.7853,High,937.65
7663-RGWBC,Male,0,No,No,1,0-12,Month-to-month,DSL,Mailed check,44.15,44.15,Yes,0.4474,Medium,237.03
1120-BMWUB,Female,0,No,No,16,13-24,Month-to-month,DSL,Mailed check,53.9,834.15,Yes,0.2052,Low,132.72
9124-LHCJQ,Female,0,No,No,1,0-12,Month-to-month,Fiber optic,Mailed check,85.45,85.45,Yes,0.7394,High,758.18
4536-PLEQY,Male,0,Yes,No,12,0-12,Month-to-month,Fiber optic,Credit card (automatic),85.05,999.8,No,0.545,High,556.23
7029-IJEJK,Female,0,No,No,54,49+,One year,DSL,Bank transfer (automatic),44.1,2369.7,No,0.0283,Low,14.98
8871-JLMHM,Female,0,Yes,No,68,49+,Two year,Fiber optic,Credit card (automatic),90.2,6297.65,No,0.0276,Low,29.87
2235-ZGKPT,Female,0,Yes,Yes,4,0-12,Month-to-month,DSL,Mailed check,50.85,239.55,Yes,0.3357,Medium,204.84
3891-PUQOD,Female,0,No,Yes,1,0-12,Month-to-month,DSL,Electronic check,59.2,59.2,Yes,0.4156,Medium,295.24
5447-VYTKW,Male,0,No,No,27,25-48,Month-to-month,DSL,Mailed check,53.45,1461.45,No,0.0872,Low,55.93
3623-FQBOX,Male,0,No,No,21,13-24,Month-to-month,No,Mailed check,19.95,416.4,No,0.1219,Low,29.18
0689-NKYLF,Male,0,No,No,13,13-24,Month-to-month,Fiber optic,Electronic check,83.2,1060.6,Yes,0.6749,High,673.82
8659-HDIYE,Female,1,No,No,64,49+,Month-to-month,DSL,Credit card (automatic),74.65,4869.35,No,0.06,Low,53.75
3658-KIBGF,Female,0,No,No,1,0-12,Month-to-month,DSL,Electronic check,54.9,54.9,Yes,0.3657,Medium,240.92
3474-BAFSJ,Male,0,Yes,No,57,49+,Two year,DSL,Bank transfer (automatic),57.5,3265.95,No,0.0369,Low,25.46
5519-YLDGW,Female,0,Yes,No,21,13-24,Month-to-month,Fiber optic,Electronic check,103.9,2254.2,Yes,0.6585,High,821.02
3865-ZFZIB,Male,0,No,No,19,13-24,Two year,No,Mailed check,19.65,358.15,No,0.0261,Low,6.15
1855-AGAWH,Male,0,Yes,No,31,25-48,One year,Fiber optic,Electronic check,93.8,2939.8,No,0.4429,Medium,498.53
7109-CQYUZ,Male,0,No,No,52,49+,Two year,DSL,Mailed check,89.25,4652.4,No,0.0322,Low,34.49
1370-GGAWX,Female,0,No,No,46,25-48,One year,Fiber optic,Electronic check,94.15,4408.45,No,0.3052,Medium,344.81
4680-KUTAJ,Female,1,No,No,11,0-12,Month-to-month,DSL,Electronic check,55.6,580.8,No,0.4133,Medium,275.75
5307-UVGNB,Female,0,Yes,Yes,53,49+,Month-to-month,DSL,Bank transfer (automatic),48.7,2495.2,No,0.0814,Low,47.57
4946-EDSEW,Female,0,Yes,Yes,11,0-12,Month-to-month,No,Mailed check,19.25,180.3,Yes,0.1506,Low,34.79
2883-ILGWO,Male,1,No,No,57,49+,Month-to-month,Fiber optic,Bank transfer (automatic),104.9,5913.95,No,0.3353,Medium,422.08
2516-VQRRV,Female,1,No,No,2,0-12,Month-to-month,Fiber optic,Mailed check,75.45,158.4,Yes,0.7172,High,649.35
7580-UGXNC,Female,1,No,No,2,0-12,Month-to-month,DSL,Mailed check,54.85,104.2,Yes,0.2457,Low,161.72
3642-BYHDO,Female,0,Yes,Yes,71,49+,Two year,No,Bank transfer (automatic),19.9,1389.35,No,0.0018,Low,0.43
9629-NHXFW,Female,0,Yes,Yes,1,0-12,Month-to-month,No,Mailed check,19.4,19.4,No,0.2197,Low,51.15
2696-RZVZW,Male,0,Yes,No,68,49+,Two year,No,Credit card (automatic),25.05,1629.2,No,0.0036,Low,1.08
5766-FTRTS,Male,0,Yes,No,72,49+,Two year,DSL,Mailed check,84.45,6033.1,No,0.0087,Low,8.82
0396-HUJBP,Female,0,No,No,2,0-12,Month-to-month,No,Mailed check,19.3,44.4,No,0.1863,Low,43.15
5178-LMXOP,Male,1,Yes,No,1,0-12,Month-to-month,Fiber optic,Electronic check,95.1,95.1,Yes,0.8547,High,975.38
8879-ZKJOF,Female,0,No,No,41,25-48,One year,DSL,Bank transfer (automatic),79.85,3320.75,No,0.0627,Low,60.08
6285-FTQBF,Male,0,Yes,Yes,72,49+,Two year,No,Credit card (automatic),25.55,1867.7,No,0.0025,Low,0.77
8185-UPYBR,Male,0,Yes,No,6,0-12,Month-to-month,Fiber optic,Electronic check,75.5,438.0,Yes,0.7306,High,661.92
4585-HETAI,Female,0,Yes,Yes,4,0-12,Month-to-month,Fiber optic,Electronic check,73.75,325.45,Yes,0.6346,High,561.62
7526-BEZQB,Male,0,No,No,12,0-12,Month-to-month,Fiber optic,Electronic check,96.05,1148.1,Yes,0.7793,High,898.22
1474-JUWSM,Female,0,Yes,No,58,49+,One year,DSL,Electronic check,68.4,3972.25,No,0.0541,Low,44.41
3530-CRZSB,Female,0,No,No,7,0-12,Month-to-month,No,Mailed check,20.65,155.9,No,0.149,Low,36.92
8498-XXGWA,Female,0,Yes,No,65,49+,Month-to-month,DSL,Mailed check,55.15,3673.15,No,0.0426,Low,28.19
9617-INGJY,Male,0,No,No,1,0-12,Month-to-month,Fiber optic,Mailed check,70.6,70.6,No,0.6342,High,537.29
0621-TSSMU,Male,0,Yes,No,56,49+,One year,No,Credit card (automatic),19.95,1126.75,No,0.0087,Low,2.08
7234-KMNRQ,Male,0,No,No,4,0-12,Month-to-month,No,Mailed check,19.0,73.45,No,0.1769,Low,40.33
7636-PEPNS,Female,0,Yes,Yes,58,49+,One year,DSL,Mailed check,44.1,2413.05,No,0.0301,Low,15.93
4683-WYDOU,Male,0,Yes,No,62,49+,Two year,Fiber optic,Bank transfer (automatic),107.6,6912.7,No,0.1043,Low,134.67
9052-DHNKM,Male,0,No,No,26,25-48,One year,DSL,Electronic check,61.55,1581.95,No,0.0927,Low,68.47
6794-HKIAJ,Male,0,No,No,62,49+,Month-to-month,Fiber optic,Bank transfer (automatic),90.7,5586.45,No,0.1105,Low,120.27
5578-NKCXI,Female,0,Yes,Yes,58,49+,One year,Fiber optic,Credit card (automatic),99.25,5846.65,No,0.0729,Low,86.82
1642-HMARX,Female,0,Yes,No,68,49+,Two year,DSL,Electronic check,91.7,6424.7,No,0.0272,Low,29.93
3096-WPXBT,Female,0,Yes,Yes,61,49+,One year,Fiber optic,Credit card (automatic),100.7,6018.65,No,0.0905,Low,109.36
8434-PNQZX,Female,0,No,No,42,25-48,Two year,DSL,Credit card (automatic),78.45,3373.4,No,0.0635,Low,59.78
5950-AAAGJ,Male,0,No,No,18,13-24,Month-to-month,Fiber optic,Bank transfer (automatic),84.3,1537.9,No,0.5312,High,537.36
4299-OPXEJ,Female,0,No,No,56,49+,Two year,No,Bank transfer (automatic),19.55,1080.55,No,0.0064,Low,1.5
4951-UKAAQ,Female,0,No,No,4,0-12,Month-to-month,Fiber optic,Electronic check,88.95,355.2,Yes,0.7553,High,806.21
9618-LFJRU,Female,0,No,No,4,0-12,Month-to-month,No,Credit card (automatic),20.45,82.85,No,0.1531,Low,37.57
6693-DJWTY,Female,0,No,Yes,35,25-48,One year,DSL,Credit card (automatic),55.6,2016.45,No,0.0278,Low,18.55
0744-GKNGE,Female,0,Yes,Yes,64,49+,Month-to-month,Fiber optic,Bank transfer (automatic),86.8,5327.25,No,0.092,Low,95.83
6447-EGDIV,Female,0,No,No,31,25-48,One year,No,Mailed check,20.95,683.25,No,0.0281,Low,7.06
1167-OYZJF,Female,1,Yes,No,67,49+,Two year,No,Bank transfer (automatic),20.05,1263.05,No,0.0045,Low,1.08
2108-YKQTY,Female,0,No,No,4,0-12,Month-to-month,DSL,Credit card (automatic),50.7,151.3,Yes,0.2565,Low,156.05
4806-DXQCE,Female,1,Yes,No,70,49+,Two year,Fiber optic,Electronic check,113.65,7714.65,No,0.0871,Low,118.79
4918-QLLIW,Male,0,No,No,3,0-12,Month-to-month,DSL,Credit card (automatic),53.4,188.7,Yes,0.3744,Medium,239.92
7056-IMHCC,Male,1,Yes,No,53,49+,Month-to-month,Fiber optic,Electronic check,101.9,5549.4,Yes,0.538,High,657.87
4854-SSLTN,Male,0,Yes,Yes,2,0-12,Two year,DSL,Mailed check,59.5,130.5,No,0.0401,Low,28.63
5294-DMSFH,Female,0,Yes,Yes,29,25-48,Month-to-month,Fiber optic,Credit card (automatic),87.8,2621.75,No,0.4777,Medium,503.3
4837-PZTIC,Female,0,No,No,47,25-48,Two year,DSL,Mailed check,41.9,1875.25,No,0.0143,Low,7.19
1625-JAIIY,Female,0,Yes,Yes,68,49+,One year,Fiber optic,Electronic check,83.0,5685.8,Yes,0.1691,Low,168.42
0603-OLQDC,Male,0,No,Yes,12,0-12,Month-to-month,DSL,Mailed check,69.85,837.5,No,0.3067,Medium,257.08
3272-VUHPV,Female,0,Yes,Yes,8,0-12,Month-to-month,DSL,Bank transfer (automatic),56.3,401.5,No,0.145,Low,97.96
4176-FXYBO,Male,0,Yes,No,54,49+,Month-to-month,Fiber optic,Electronic check,109.55,6118.95,No,0.3367,Medium,442.63
1063-DHQJF,Male,0,Yes,Yes,69,49+,Two year,Fiber optic,Mailed check,92.15,6480.9,No,0.033,Low,36.49
8663-UPDGF,Female,0,No,No,26,25-48,Month-to-month,DSL,Bank transfer (automatic),69.5,1800.05,No,0.2176,Low,181.48
6719-FGEDO,Female,0,Yes,No,72,49+,Two year,Fiber optic,Bank transfer (automatic),97.0,7104.2,No,0.0251,Low,29.22
1837-YQUCE,Female,0,No,No,70,49+,Two year,DSL,Bank transfer (automatic),58.35,4214.25,No,0.0176,Low,12.32
2947-DOMLJ,Male,0,No,Yes,1,0-12,Month-to-month,DSL,Mailed check,50.6,50.6,Yes,0.2182,Low,132.49
4112-LUEIZ,Male,0,No,No,10,0-12,Month-to-month,Fiber optic,Electronic check,89.5,863.1,Yes,0.7427,High,797.66
0369-ZGOVK,Female,0,Yes,Yes,28,25-48,One year,Fiber optic,Bank transfer (automatic),70.4,1992.2,No,0.2017,Low,170.4
4510-HIMLV,Male,0,No,No,1,0-12,Month-to-month,Fiber optic,Electronic check,69.8,69.8,Yes,0.7071,High,592.27
9919-KNPOO,Female,0,Yes,No,21,13-24,Month-to-month,Fiber optic,Electronic check,94.3,1948.35,No,0.7392,High,836.48
8749-JMNKX,Male,1,Yes,No,51,49+,Month-to-month,Fiber optic,Bank transfer (automatic),93.8,4750.95,Yes,0.3259,Medium,366.83
7872-BAAZR,Female,0,Yes,Yes,53,49+,One year,No,Bank transfer (automatic),19.55,1007.9,No,0.008,Low,1.88
9391-LMANN,Male,0,No,Yes,53,49+,One year,Fiber optic,Electronic check,95.95,5036.9,No,0.0853,Low,98.21
2430-USGXP,Male,0,Yes,No,24,13-24,Month-to-month,Fiber optic,Electronic check,101.05,2391.8,Yes,0.7148,High,866.77
8174-TBVCF,Female,0,Yes,No,70,49+,Two year,DSL,Credit card (automatic),94.8,6859.05,No,0.0165,Low,18.77
1698-XFZCI,Male,0,No,No,61,49+,One year,Fiber optic,Electronic check,107.75,6521.9,No,0.2246,Low,290.41
1877-HKBQX,Female,0,No,No,11,0-12,One year,DSL,Mailed check,54.6,617.85,No,0.1069,Low,70.04
4450-DLLMH,Male,0,No,No,2,0-12,Month-to-month,Fiber optic,Credit card (automatic),71.3,157.75,No,0.5962,High,510.11
0428-AXXLJ,Male,0,No,No,25,25-48,One year,No,Bank transfer (automatic),19.5,516.3,No,0.0512,Low,11.98
2746-DIJLO,Female,0,No,No,41,25-48,One year,DSL,Credit card (automatic),56.3,2364.0,No,0.0763,Low,51.55
5955-ERIHD,Male,0,Yes,No,18,13-24,Month-to-month,Fiber optic,Electronic check,94.7,1687.95,Yes,0.7584,High,861.85
0917-EZOLA,Male,1,Yes,No,72,49+,Two year,Fiber optic,Bank transfer (automatic),104.15,7689.95,Yes,0.1157,Low,144.6
3508-VLHCZ,Female,0,Yes,Yes,71,49+,Two year,DSL,Credit card (automatic),90.55,6239.05,No,0.0124,Low,13.47
4086-ATNFV,Female,0,Yes,Yes,34,25-48,One year,DSL,Mailed check,60.8,2042.05,No,0.0454,Low,33.12
0468-YRPXN,Male,0,No,No,29,25-48,Month-to-month,Fiber optic,Credit card (automatic),98.8,2807.1,No,0.4339,Medium,514.43
5996-NRVXR,Male,1,Yes,No,40,25-48,One year,Fiber optic,Credit card (automatic),98.15,4116.8,No,0.1339,Low,157.71
3739-YBWAB,Male,0,Yes,No,36,25-48,One year,DSL,Mailed check,35.35,1317.95,No,0.0644,Low,27.32
7047-FWEYA,Female,0,Yes,No,46,25-48,One year,Fiber optic,Electronic check,103.15,4594.65,No,0.3018,Medium,373.57
2000-MPKCA,Female,0,No,No,58,49+,One year,Fiber optic,Electronic check,107.75,6332.75,No,0.2399,Low,310.19
9762-YAQAA,Male,0,No,No,39,25-48,One year,Fiber optic,Credit card (automatic),81.4,3213.75,No,0.1477,Low,144.27
5949-EBSQK,Male,0,Yes,Yes,4,0-12,Month-to-month,DSL,Credit card (automatic),61.45,229.55,Yes,0.2269,Low,167.32
5473-KHBPS,Female,0,Yes,Yes,52,49+,One year,Fiber optic,Credit card (automatic),95.7,4976.15,No,0.1593,Low,182.94
0100-DUVFC,Male,1,Yes,No,70,49+,One year,Fiber optic,Electronic check,104.8,7308.95,No,0.2716,Low,341.56
5397-TUPSH,Male,1,Yes,No,65,49+,One year,Fiber optic,Bank transfer (automatic),70.95,4555.2,No,0.0924,Low,78.67
8950-MTZNV,Male,0,No,No,1,0-12,Month-to-month,DSL,Mailed check,44.95,44.95,No,0.4414,Medium,238.09
0326-VDYXE,Female,0,Yes,No,70,49+,One year,Fiber optic,Electronic check,97.65,6982.5,No,0.2724,Low,319.2
6773-LQTVT,Female,1,Yes,Yes,29,25-48,Month-to-month,DSL,Mailed check,35.65,1025.15,No,0.2347,Low,100.4
7274-RTAPZ,Male,0,No,No,1,0-12,Month-to-month,Fiber optic,Electronic check,90.55,90.55,Yes,0.787,High,855.15
0436-TWFFZ,Female,0,No,No,67,49+,Two year,DSL,Mailed check,85.25,5714.2,No,0.022,Low,22.51
8566-YPRGL,Female,0,No,No,1,0-12,Month-to-month,No,Mailed check,19.5,19.5,No,0.2562,Low,59.95
0311-UNPFF,Female,0,No,No,26,25-48,Month-to-month,Fiber optic,Bank transfer (automatic),88.8,2274.35,Yes,0.5471,High,582.99
6609-MXJHJ,Female,0,Yes,Yes,30,25-48,Two year,No,Mailed check,25.1,789.55,No,0.025,Low,7.53
2669-OIDSD,Female,0,Yes,No,48,25-48,Month-to-month,Fiber optic,Credit card (automatic),100.05,4834.0,No,0.3093,Medium,371.35
8400-WZICQ,Female,0,Yes,Yes,55,49+,Month-to-month,DSL,Electronic check,55.7,3131.8,No,0.0402,Low,26.87
3834-XUIFC,Male,0,No,No,7,0-12,Month-to-month,Fiber optic,Mailed check,85.2,602.55,Yes,0.7083,High,724.17
9576-SYUHJ,Male,0,No,No,37,25-48,Month-to-month,Fiber optic,Electronic check,91.15,3369.25,No,0.4635,Medium,506.98
0410-IPFTY,Female,0,Yes,No,31,25-48,Month-to-month,Fiber optic,Bank transfer (automatic),83.85,2674.15,No,0.4129,Medium,415.46
2831-EBWRN,Male,0,No,No,4,0-12,Month-to-month,DSL,Electronic check,45.9,199.75,No,0.4815,Medium,265.21
9430-NKQLY,Male,0,Yes,Yes,72,49+,Two year,No,Credit card (automatic),25.1,1790.8,No,0.0036,Low,1.08
8414-MYSHR,Male,1,No,No,5,0-12,Month-to-month,Fiber optic,Electronic check,91.4,449.75,Yes,0.7865,High,862.63
0247-SLUJI,Male,0,Yes,Yes,1,0-12,Month-to-month,No,Mailed check,19.7,19.7,No,0.1646,Low,38.91
9402-ORRAH,Female,1,No,No,15,13-24,Month-to-month,Fiber optic,Electronic check,91.5,1400.3,No,0.7291,High,800.55
6483-OATDN,Male,0,Yes,Yes,8,0-12,Month-to-month,DSL,Credit card (automatic),51.3,411.6,No,0.2167,Low,133.4
1293-HHSHJ,Female,0,No,No,35,25-48,One year,No,Mailed check,21.1,741.0,No,0.0233,Low,5.9
4840-ORQXB,Female,1,No,No,56,49+,Month-to-month,Fiber optic,Electronic check,104.75,5841.35,No,0.4201,Medium,528.07
7599-FKVXZ,Male,0,Yes,No,42,25-48,Month-to-month,Fiber optic,Bank transfer (automatic),106.15,4512.7,Yes,0.4332,Medium,551.81
3982-DQLUS,Male,1,Yes,Yes,65,49+,Month-to-month,Fiber optic,Electronic check,85.75,5688.45,No,0.1853,Low,190.67
8610-ZIKJJ,Female,0,Yes,Yes,2,0-12,One year,No,Mailed check,20.3,31.9,No,0.082,Low,19.98
3756-VNWDH,Male,1,Yes,No,65,49+,One year,Fiber optic,Electronic check,100.75,6674.65,No,0.2472,Low,298.86
7801-KICAO,Female,0,No,No,18,13-24,Month-to-month,Fiber optic,Electronic check,74.15,1345.75,No,0.6447,High,573.65
7673-LPRNY,Female,0,No,No,23,13-24,One year,DSL,Electronic check,78.55,1843.05,No,0.259,Low,244.13
8229-TNIQA,Female,0,No,No,4,0-12,Month-to-month,DSL,Mailed check,45.3,196.95,Yes,0.4049,Medium,220.1
6060-QBMGV,Male,0,Yes,No,70,49+,Two year,No,Credit card (automatic),19.85,1433.8,No,0.0024,Low,0.57
7339-POGZN,Female,0,No,No,4,0-12,Month-to-month,DSL,Electronic check,50.7,214.55,No,0.457,Medium,278.04
2828-SLQPF,Male,0,No,No,19,13-24,Month-to-month,DSL,Bank transfer (automatic),45.0,865.85,No,0.2622,Low,141.59
4465-VDKIQ,Female,0,No,No,18,13-24,Month-to-month,Fiber optic,Electronic check,77.8,1358.6,No,0.4418,Medium,412.46
2921-XWDJH,Female,1,Yes,No,38,25-48,Month-to-month,Fiber optic,Electronic check,83.45,3147.15,No,0.4241,Medium,424.69
6221-AVQYL,Male,0,No,No,2,0-12,Month-to-month,Fiber optic,Credit card (automatic),73.25,131.05,Yes,0.6817,High,599.21
2558-BUOZZ,Male,0,No,No,47,25-48,One year,Fiber optic,Bank transfer (automatic),94.8,4535.85,No,0.1213,Low,137.99
9257-AZMTZ,Female,0,Yes,Yes,52,49+,Two year,No,Bank transfer (automatic),20.1,1078.75,No,0.0043,Low,1.04
0003-MKNFE,Male,0,No,No,9,0-12,Month-to-month,DSL,Mailed check,59.9,542.4,No,0.4042,Medium,290.54
0975-UYDTX,Female,0,Yes,No,26,25-48,One year,DSL,Credit card (automatic),90.1,2312.55,No,0.1102,Low,119.15
7743-EXURX,Male,0,Yes,Yes,8,0-12,Month-to-month,DSL,Electronic check,51.05,415.05,Yes,0.3829,Medium,234.56
4682-BLBUC,Male,0,Yes,No,44,25-48,One year,DSL,Electronic check,70.95,3250.45,No,0.0793,Low,67.52
0975-VOOVL,Female,0,No,No,3,0-12,Month-to-month,DSL,Mailed check,29.2,98.5,No,0.424,Medium,148.57
5968-VXZLG,Male,0,No,No,2,0-12,Month-to-month,DSL,Bank transfer (automatic),46.6,87.9,No,0.4005,Medium,223.96
5569-KGJHX,Female,0,Yes,Yes,9,0-12,Month-to-month,Fiber optic,Bank transfer (automatic),85.35,754.65,Yes,0.6255,High,640.64
4988-IQIGL,Male,1,No,No,1,0-12,Month-to-month,Fiber optic,Electronic check,75.35,75.35,Yes,0.7848,High,709.62
5201-FRKKS,Male,0,No,No,25,25-48,Month-to-month,Fiber optic,Bank transfer (automatic),74.3,1952.25,No,0.2562,Low,228.43
9799-CAYJJ,Female,1,Yes,No,2,0-12,Month-to-month,Fiber optic,Electronic check,69.3,153.8,No,0.7327,High,609.31
7730-IUTDZ,Male,0,No,No,43,25-48,Month-to-month,Fiber optic,Electronic check,75.2,3198.6,Yes,0.276,Low,249.06
0426-TIRNE,Female,0,No,No,1,0-12,Month-to-month,No,Mailed check,20.9,20.9,Yes,0.1857,Low,46.57
5443-SCMKX,Female,0,Yes,No,58,49+,One year,Fiber optic,Electronic check,94.3,5610.15,No,0.2426,Low,274.53
8295-KMENE,Female,0,Yes,Yes,59,49+,Two year,DSL,Mailed check,76.45,4519.5,No,0.0159,Low,14.59
6738-ISCBM,Male,0,No,No,44,25-48,One year,DSL,Electronic check,54.0,2440.25,No,0.1565,Low,101.41
9821-BESNZ,Male,0,No,No,66,49+,One year,Fiber optic,Electronic check,104.25,6860.6,No,0.2031,Low,254.08
3678-MNGZX,Male,0,Yes,Yes,68,49+,Two year,No,Bank transfer (automatic),19.95,1377.7,No,0.0021,Low,0.5
1335-NTIUC,Male,0,No,No,9,0-12,Month-to-month,DSL,Electronic check,24.95,190.25,No,0.5662,High,169.52
2916-BQZLN,Male,0,No,No,19,13-24,Month-to-month,Fiber optic,Electronic check,84.75,1651.95,No,0.5379,High,547.04
4558-CGYCZ,Male,0,No,No,4,0-12,Month-to-month,No,Mailed check,19.75,78.3,No,0.1738,Low,41.19
2368-GAKKQ,Female,0,No,No,70,49+,Two year,Fiber optic,Bank transfer (automatic),113.65,7939.25,No,0.0548,Low,74.74
8710-YGLWG,Male,0,No,No,1,0-12,Month-to-month,DSL,Mailed check,44.9,44.9,No,0.4418,Medium,238.04
3199-XGZCY,Female,0,No,No,8,0-12,Month-to-month,Fiber optic,Electronic check,75.25,576.7,No,0.7093,High,640.5
3785-KTYSH,Male,0,No,No,53,49+,Two year,No,Mailed check,24.6,1279.0,No,0.0079,Low,2.33
6814-ZPWFQ,Male,1,No,No,51,49+,One year,No,Bank transfer (automatic),25.0,1260.7,No,0.0177,Low,5.31
4063-EIKNQ,Male,0,Yes,Yes,11,0-12,Month-to-month,No,Bank transfer (automatic),20.95,267.35,No,0.1009,Low,25.37
6993-YCOBK,Male,0,Yes,Yes,60,49+,Two year,Fiber optic,Electronic check,110.6,6586.85,No,0.0886,Low,117.59
5206-HPJKM,Male,0,No,No,17,13-24,Month-to-month,DSL,Credit card (automatic),55.5,934.15,No,0.1724,Low,114.82
7587-RZNME,Male,0,No,No,3,0-12,Month-to-month,DSL,Electronic check,43.3,123.65,Yes,0.5097,High,264.84
0748-RDGGM,Male,0,Yes,No,70,49+,One year,Fiber optic,Bank transfer (automatic),109.5,7534.65,Yes,0.0733,Low,96.32
8393-JMVMB,Male,0,No,No,1,0-12,Month-to-month,No,Mailed check,19.45,19.45,No,0.1959,Low,45.72
5019-GQVCR,Male,1,No,No,43,25-48,Month-to-month,Fiber optic,Electronic check,84.85,3645.6,No,0.5555,High,565.61
6036-TTFYU,Female,0,Yes,No,16,13-24,Month-to-month,No,Mailed check,19.6,314.45,No,0.1085,Low,25.52
2550-AEVRU,Female,0,Yes,Yes,57,49+,One year,DSL,Electronic check,53.45,3053.0,No,0.0193,Low,12.38
0969-RGKCU,Male,0,Yes,Yes,37,25-48,One year,No,Credit card (automatic),19.8,677.05,No,0.0163,Low,3.87
0378-CJKPV,Female,0,Yes,No,72,49+,Two year,Fiber optic,Credit card (automatic),112.1,7965.95,No,0.0364,Low,48.97
4706-AXVKM,Female,1,No,No,11,0-12,Month-to-month,Fiber optic,Credit card (automatic),84.8,906.85,Yes,0.6856,High,697.67
5889-JTMUL,Female,1,Yes,No,50,49+,Month-to-month,Fiber optic,Electronic check,95.05,4888.7,Yes,0.4814,Medium,549.08
9026-RNUJS,Male,1,No,No,5,0-12,Month-to-month,DSL,Electronic check,50.35,237.25,Yes,0.4093,Medium,247.3
3746-EUBYR,Male,0,Yes,No,1,0-12,Month-to-month,Fiber optic,Bank transfer (automatic),74.6,74.6,Yes,0.6924,High,619.84
2332-EFBJY,Male,0,No,No,16,13-24,Month-to-month,No,Mailed check,19.7,342.4,Yes,0.1504,Low,35.55
2880-FPNAE,Male,1,Yes,No,2,0-12,Month-to-month,Fiber optic,Electronic check,74.2,140.1,No,0.729,High,649.1
1703-MGIAB,Female,0,No,No,17,13-24,Month-to-month,DSL,Mailed check,69.0,1108.0,No,0.3313,Medium,274.32
4311-QTTAI,Female,0,No,No,16,13-24,One year,No,Credit card (automatic),19.35,295.55,No,0.0504,Low,11.7
9474-PHLYD,Female,0,No,No,15,13-24,Month-to-month,DSL,Electronic check,59.45,892.65,Yes,0.4333,Medium,309.12
4318-RAJVY,Female,0,No,No,10,0-12,One year,No,Mailed check,19.8,198.25,No,0.1006,Low,23.9
2165-VOEGB,Female,0,No,Yes,46,25-48,One year,Fiber optic,Bank transfer (automatic),105.2,4822.85,Yes,0.1005,Low,126.87
3612-YUNGG,Male,0,Yes,Yes,64,49+,Two year,Fiber optic,Credit card (automatic),109.2,6741.15,No,0.0678,Low,88.85
2254-DLXRI,Female,0,No,No,1,0-12,Month-to-month,Fiber optic,Mailed check,79.15,79.15,No,0.664,High,630.67
5062-CJJKH,Male,0,Yes,Yes,25,25-48,One year,DSL,Mailed check,53.65,1355.45,No,0.0688,Low,44.29
9028-LIHRP,Male,0,Yes,Yes,71,49+,Two year,Fiber optic,Credit card (automatic),100.2,7209.0,No,0.0148,Low,17.8
2219-MVUSO,Male,0,No,No,8,0-12,Month-to-month,DSL,Mailed check,45.15,438.4,Yes,0.3763,Medium,203.88
1053-MXTTK,Female,0,Yes,Yes,72,49+,Two year,Fiber optic,Bank transfer (automatic),108.65,7726.35,No,0.0297,Low,38.72
1530-ZTDOZ,Female,0,Yes,No,49,49+,Month-to-month,DSL,Bank transfer (automatic),40.65,2070.75,No,0.091,Low,44.39
1301-LOPVR,Male,0,Yes,Yes,29,25-48,One year,DSL,Credit card (automatic),55.35,1636.95,No,0.0727,Low,48.29
0853-TWRVK,Male,0,Yes,No,72,49+,Two year,Fiber optic,Bank transfer (automatic),105.6,7581.5,No,0.0257,Low,32.57
8914-RBTSB,Male,0,Yes,No,31,25-48,Month-to-month,Fiber optic,Electronic check,93.8,3019.5,Yes,0.5017,High,564.71
6212-ATMLK,Female,0,No,No,50,49+,Month-to-month,Fiber optic,Electronic check,95.7,4729.75,No,0.5363,High,615.89
8200-LGKSR,Male,0,Yes,No,71,49+,Two year,DSL,Electronic check,83.2,6126.1,No,0.0207,Low,20.67
1568-BEKZM,Male,1,Yes,No,70,49+,Two year,DSL,Credit card (automatic),90.05,6333.4,No,0.0138,Low,14.91
0670-ANMUU,Male,0,No,No,71,49+,One year,Fiber optic,Credit card (automatic),97.65,6687.85,No,0.0467,Low,54.72
6897-RWMUB,Male,0,Yes,Yes,61,49+,Two year,DSL,Bank transfer (automatic),68.05,4158.25,No,0.0061,Low,4.98
0963-ZBDRN,Male,0,No,No,32,25-48,Month-to-month,Fiber optic,Electronic check,96.2,3183.4,Yes,0.5128,High,591.98
7594-RQHXR,Female,0,No,Yes,1,0-12,Month-to-month,Fiber optic,Electronic check,79.6,79.6,Yes,0.7033,High,671.79
6999-CHVCF,Male,0,No,No,68,49+,Two year,Fiber optic,Bank transfer (automatic),102.1,7149.35,No,0.0543,Low,66.53
6134-KWTBV,Male,0,No,No,62,49+,Two year,No,Bank transfer (automatic),23.4,1429.65,No,0.005,Low,1.4
1077-HUUJM,Female,0,No,Yes,7,0-12,Month-to-month,Fiber optic,Electronic check,71.05,472.65,No,0.5947,High,507.04
6331-EWIEB,Male,0,No,No,20,13-24,Month-to-month,Fiber optic,Electronic check,85.25,1734.5,Yes,0.6886,High,704.44
0895-LNKRC,Male,0,Yes,Yes,6,0-12,One year,No,Mailed check,19.45,113.5,No,0.0724,Low,16.9
2045-BMBTJ,Female,1,No,No,33,25-48,Month-to-month,DSL,Bank transfer (automatic),59.45,1884.65,No,0.2676,Low,190.91
8417-GSODA,Male,0,Yes,Yes,28,25-48,One year,Fiber optic,Bank transfer (automatic),92.2,2568.15,No,0.317,Medium,350.73
5171-EPLKN,Male,0,No,No,27,25-48,Two year,No,Credit card (automatic),19.85,470.0,No,0.0161,Low,3.84
4452-QIIEB,Male,0,No,No,7,0-12,Month-to-month,DSL,Mailed check,43.9,278.4,No,0.3051,Medium,160.73
5998-VVEJY,Male,0,No,No,26,25-48,Month-to-month,Fiber optic,Electronic check,80.5,2088.8,Yes,0.4921,Medium,475.37
1624-NALOJ,Male,1,No,No,5,0-12,Month-to-month,Fiber optic,Electronic check,89.8,502.6,Yes,0.7773,High,837.62
6741-EGCBI,Male,1,No,No,30,25-48,Month-to-month,Fiber optic,Credit card (automatic),90.5,2595.85,No,0.4451,Medium,483.38
7820-ZYGNY,Male,0,No,No,63,49+,One year,Fiber optic,Credit card (automatic),90.45,5825.5,No,0.1071,Low,116.25
4317-VTEOA,Male,0,No,No,1,0-12,Month-to-month,DSL,Electronic check,50.75,50.75,Yes,0.4676,Medium,284.77
9677-AVKED,Female,0,No,Yes,53,49+,One year,DSL,Electronic check,84.6,4449.75,No,0.0865,Low,87.81
1670-SVOWZ,Female,0,Yes,Yes,14,13-24,Month-to-month,Fiber optic,Credit card (automatic),89.65,1208.35,Yes,0.3815,Medium,410.42
2227-JRSJX,Female,0,No,No,21,13-24,Month-to-month,Fiber optic,Bank transfer (automatic),99.15,1956.4,No,0.4519,Medium,537.67
9847-HNVGP,Male,0,No,No,17,13-24,One year,No,Mailed check,19.95,310.6,No,0.0536,Low,12.83
6696-YDAYZ,Male,0,Yes,Yes,16,13-24,Two year,No,Mailed check,20.5,290.55,No,0.0238,Low,5.85
8980-WQFWL,Female,0,No,No,35,25-48,Month-to-month,DSL,Electronic check,62.1,2096.1,No,0.2527,Low,188.31
1730-ZMAME,Female,1,No,No,32,25-48,Month-to-month,Fiber optic,Electronic check,79.5,2665.0,No,0.5644,High,538.44
6506-EYCNH,Female,0,Yes,Yes,28,25-48,Month-to-month,No,Bank transfer (automatic),19.55,543.8,No,0.0698,Low,16.38
4634-JLRJT,Female,0,No,No,1,0-12,Month-to-month,No,Mailed check,20.35,20.35,No,0.2514,Low,61.39
9501-UKKNL,Male,0,No,No,59,49+,Month-to-month,DSL,Electronic check,51.7,3005.8,No,0.1683,Low,104.41
2560-QTSBS,Female,0,Yes,Yes,72,49+,One year,No,Bank transfer (automatic),23.3,1623.15,No,0.0071,Low,1.99
7541-YLXCL,Male,0,No,No,36,25-48,One year,DSL,Mailed check,65.4,2498.4,Yes,0.0766,Low,60.12
4795-WRNVT,Female,0,No,No,40,25-48,Month-to-month,DSL,Mailed check,65.1,2586.0,No,0.0829,Low,64.76
6080-TCMYC,Male,0,Yes,Yes,40,25-48,Month-to-month,Fiber optic,Electronic check,81.2,3292.3,No,0.4114,Medium,400.87
0260-ZDLGK,Female,0,No,Yes,9,0-12,Month-to-month,DSL,Mailed check,72.9,651.4,Yes,0.3411,Medium,298.39
7860-UXCRM,Male,0,Yes,Yes,63,49+,Two year,DSL,Credit card (automatic),74.5,4674.55,No,0.0058,Low,5.19
6357-JJPQT,Female,0,No,No,3,0-12,Month-to-month,Fiber optic,Electronic check,80.5,232.35,No,0.7302,High,705.37
2292-XQWSV,Male,0,Yes,Yes,40,25-48,One year,DSL,Mailed check,60.3,2448.5,No,0.0739,Low,53.47
9552-TGUZV,Male,0,Yes,No,8,0-12,Month-to-month,Fiber optic,Mailed check,75.0,658.1,No,0.4863,Medium,437.67
5913-INRQV,Male,1,Yes,No,34,25-48,One year,Fiber optic,Mailed check,90.15,3128.8,No,0.131,Low,141.72
8722-NGNBH,Male,0,No,No,5,0-12,Month-to-month,DSL,Mailed check,40.0,223.45,Yes,0.2605,Low,125.04
6210-KBBPI,Male,1,No,No,9,0-12,Month-to-month,Fiber optic,Credit card (automatic),99.45,919.4,Yes,0.7231,High,862.95
9643-YBLUR,Male,0,Yes,No,9,0-12,Month-to-month,DSL,Credit card (automatic),69.05,653.95,No,0.4323,Medium,358.2
8734-FNWVH,Male,0,Yes,Yes,31,25-48,Month-to-month,DSL,Bank transfer (automatic),59.7,1825.5,No,0.1852,Low,132.68
9447-YPTBX,Female,0,Yes,No,50,49+,One year,No,Bank transfer (automatic),19.85,943.1,No,0.0164,Low,3.91
0133-BMFZO,Female,0,No,No,2,0-12,Month-to-month,Fiber optic,Electronic check,86.25,181.65,Yes,0.4533,Medium,469.17
6128-CZOMY,Female,0,No,No,1,0-12,Month-to-month,DSL,Electronic check,45.65,45.65,Yes,0.5069,High,277.68
9540-JYROE,Male,0,No,No,8,0-12,Month-to-month,Fiber optic,Mailed check,70.1,551.35,Yes,0.5798,High,487.73
9026-LHEVG,Female,0,No,No,9,0-12,Month-to-month,DSL,Electronic check,40.75,359.4,No,0.4829,Medium,236.14
2260-USTRB,Female,1,No,No,2,0-12,Month-to-month,Fiber optic,Bank transfer (automatic),70.2,115.95,Yes,0.6381,High,537.54
3656-TKRVZ,Female,0,No,No,3,0-12,Month-to-month,DSL,Electronic check,55.35,165.2,Yes,0.2669,Low,177.27
7011-CVEUC,Male,0,Yes,No,25,25-48,Month-to-month,Fiber optic,Credit card (automatic),95.7,2338.35,No,0.4587,Medium,526.77
6185-TASNN,Male,1,No,No,1,0-12,Month-to-month,DSL,Electronic check,46.3,46.3,No,0.451,Medium,250.58
7925-PNRGI,Female,0,Yes,Yes,45,25-48,Month-to-month,DSL,Mailed check,81.3,3541.1,No,0.0567,Low,55.32
8623-TMRBY,Male,1,Yes,Yes,51,49+,Month-to-month,Fiber optic,Electronic check,84.2,4146.05,Yes,0.3335,Medium,336.97
1552-CZCLL,Female,0,Yes,Yes,55,49+,Month-to-month,No,Credit card (automatic),20.0,1087.25,No,0.0142,Low,3.41
3038-PQIUY,Female,0,No,No,38,25-48,Month-to-month,DSL,Bank transfer (automatic),66.15,2522.4,No,0.1157,Low,91.84
1501-SGHBW,Male,0,No,No,2,0-12,Month-to-month,DSL,Mailed check,45.85,81.0,Yes,0.3373,Medium,185.58
9313-CDOGY,Male,0,Yes,Yes,38,25-48,Month-to-month,No,Electronic check,19.6,717.3,No,0.0465,Low,10.94
8148-BPLZQ,Male,0,No,No,34,25-48,Month-to-month,DSL,Electronic check,49.8,1734.2,No,0.2007,Low,119.94
2623-DRYAM,Female,0,Yes,No,70,49+,One year,Fiber optic,Electronic check,101.75,7069.3,No,0.252,Low,307.69
9987-LUTYD,Female,0,No,No,13,13-24,One year,DSL,Mailed check,55.15,742.9,No,0.0703,Low,46.52
3208-YPIOE,Male,0,No,No,39,25-48,Month-to-month,Fiber optic,Electronic check,75.25,3017.65,Yes,0.3857,Medium,348.29
4488-KQFDT,Female,0,No,No,61,49+,One year,Fiber optic,Electronic check,103.95,6423.0,No,0.2901,Low,361.87
2612-RANWT,Female,0,No,No,12,0-12,Month-to-month,Fiber optic,Bank transfer (automatic),100.15,1164.3,Yes,0.6996,High,840.78
5693-PIPCS,Male,0,No,No,41,25-48,Two year,Fiber optic,Credit card (automatic),99.65,4220.35,No,0.1105,Low,132.14
0491-KAPQG,Male,0,No,No,21,13-24,Month-to-month,Fiber optic,Electronic check,73.7,1558.7,No,0.6292,High,556.46
1925-LFCZZ,Male,1,No,No,55,49+,One year,DSL,Bank transfer (automatic),50.05,2743.45,No,0.1175,Low,70.57
8039-EQPIM,Male,0,Yes,No,69,49+,Two year,DSL,Bank transfer (automatic),60.25,4055.5,No,0.0122,Low,8.82
6900-PXRMS,Male,1,Yes,Yes,26,25-48,Month-to-month,Fiber optic,Electronic check,105.75,2710.25,Yes,0.5666,High,719.02
8707-RMEZH,Female,1,Yes,No,69,49+,One year,Fiber optic,Credit card (automatic),87.3,6055.55,No,0.0551,Low,57.72
3346-BRMIS,Female,1,Yes,No,18,13-24,Month-to-month,DSL,Electronic check,48.35,810.7,Yes,0.6337,High,367.67
3209-ZPKFI,Male,0,Yes,Yes,47,25-48,Month-to-month,DSL,Electronic check,54.25,2538.2,No,0.1064,Low,69.27
6479-VDGRK,Female,0,Yes,Yes,72,49+,Two year,DSL,Bank transfer (automatic),85.3,6129.2,No,0.0063,Low,6.45
9373-WSLOY,Male,1,Yes,No,33,25-48,Month-to-month,DSL,Electronic check,50.0,1750.85,No,0.3109,Medium,186.54
2933-FILNV,Female,0,Yes,Yes,2,0-12,Month-to-month,DSL,Mailed check,24.4,36.55,Yes,0.5169,High,151.35
3569-JFODW,Female,0,Yes,Yes,72,49+,Two year,DSL,Credit card (automatic),90.95,6652.45,No,0.0089,Low,9.71
9819-FBNSV,Male,1,Yes,No,37,25-48,Month-to-month,Fiber optic,Bank transfer (automatic),72.25,2575.45,No,0.3411,Medium,295.73
9544-PYPSJ,Female,1,Yes,Yes,62,49+,Month-to-month,Fiber optic,Credit card (automatic),96.1,6019.35,No,0.2503,Low,288.65
1591-XWLGB,Female,0,Yes,No,71,49+,Two year,No,Credit card (automatic),19.85,1379.6,No,0.0022,Low,0.52
0396-UKGAI,Male,0,No,Yes,23,13-24,Month-to-month,DSL,Bank transfer (automatic),55.3,1284.2,No,0.1269,Low,84.21
3243-ZHOHY,Female,0,No,No,16,13-24,One year,No,Mailed check,20.1,296.15,No,0.0547,Low,13.19
5186-EJEGL,Male,0,No,No,9,0-12,Month-to-month,DSL,Mailed check,69.5,653.25,No,0.2487,Low,207.42
7527-QNRUS,Male,0,Yes,Yes,17,13-24,Two year,No,Mailed check,25.15,412.6,No,0.0443,Low,13.37
9986-BONCE,Female,0,No,No,4,0-12,Month-to-month,No,Bank transfer (automatic),20.95,85.5,Yes,0.1554,Low,39.07
2722-JMONI,Female,1,Yes,No,1,0-12,Month-to-month,DSL,Electronic check,49.55,49.55,Yes,0.4507,Medium,267.99
2203-GHNWN,Female,0,Yes,No,24,13-24,Month-to-month,Fiber optic,Mailed check,79.65,1928.7,No,0.521,High,497.97
3878-AVSOQ,Female,1,No,No,1,0-12,Month-to-month,Fiber optic,Electronic check,71.25,71.25,No,0.7229,High,618.08
3258-SYSWS,Male,1,No,No,72,49+,Two year,Fiber optic,Bank transfer (automatic),113.8,7845.8,No,0.04,Low,54.62
5296-PSYVW,Female,0,Yes,No,72,49+,Two year,No,Electronic check,24.55,1750.7,No,0.0046,Low,1.36
6319-QSUSR,Female,0,No,Yes,11,0-12,Month-to-month,No,Credit card (automatic),19.7,216.2,No,0.0966,Low,22.84
4083-EUGRJ,Male,0,No,No,9,0-12,Month-to-month,No,Mailed check,20.25,178.5,Yes,0.1414,Low,34.36
7579-OOPEC,Female,1,Yes,No,2,0-12,Month-to-month,DSL,Credit card (automatic),50.15,115.1,Yes,0.3122,Medium,187.88
0512-FLFDW,Female,1,Yes,No,60,49+,One year,Fiber optic,Credit card (automatic),100.5,6029.0,No,0.2587,Low,311.99
1771-OADNZ,Male,1,Yes,No,29,25-48,Month-to-month,Fiber optic,Electronic check,95.9,2745.2,Yes,0.6213,High,714.99
0487-CRLZF,Female,0,No,No,49,49+,Two year,DSL,Bank transfer (automatic),74.45,3721.9,No,0.0374,Low,33.41
2107-FBPTK,Female,1,No,No,30,25-48,Month-to-month,Fiber optic,Electronic check,104.1,3121.1,No,0.6819,High,851.83
9451-WLYRI,Female,0,Yes,No,53,49+,One year,No,Credit card (automatic),19.05,990.45,No,0.0098,Low,2.24
8219-VYBVI,Male,0,No,Yes,39,25-48,Two year,No,Mailed check,25.0,1004.35,No,0.0117,Low,3.51
1991-VOPLL,Female,0,No,No,9,0-12,Month-to-month,No,Mailed check,19.05,157.65,No,0.1426,Low,32.6
9738-QLWTP,Male,0,No,No,39,25-48,One year,Fiber optic,Electronic check,81.9,3219.75,No,0.1332,Low,130.91
1016-DJTSV,Male,1,No,No,8,0-12,Month-to-month,Fiber optic,Electronic check,69.7,572.85,No,0.6876,High,575.11
9419-IPPBE,Female,0,Yes,Yes,51,49+,One year,Fiber optic,Electronic check,90.15,4554.85,No,0.25,Low,270.45
0174-QRVVY,Male,0,Yes,Yes,71,49+,Two year,No,Credit card (automatic),25.35,1847.55,No,0.0026,Low,0.79
5699-BNCAS,Male,1,No,No,71,49+,Two year,No,Mailed check,24.65,1766.75,No,0.0059,Low,1.75
2900-PHPLN,Female,1,Yes,No,70,49+,Two year,No,Credit card (automatic),19.55,1462.05,No,0.004,Low,0.94
0612-RTZZA,Female,1,No,No,1,0-12,Month-to-month,DSL,Electronic check,25.25,25.25,Yes,0.5924,High,179.5
8106-GWQOK,Male,0,Yes,No,38,25-48,Two year,DSL,Bank transfer (automatic),60.0,2193.2,No,0.047,Low,33.84
8751-EDEKA,Female,0,Yes,No,28,25-48,Month-to-month,Fiber optic,Credit card (automatic),89.9,2433.5,No,0.3251,Medium,350.72
6878-GGDWG,Female,0,Yes,No,32,25-48,Month-to-month,No,Bank transfer (automatic),19.4,641.15,No,0.0518,Low,12.06
4039-PIMHX,Male,1,Yes,No,49,49+,Two year,DSL,Mailed check,49.8,2398.4,No,0.0204,Low,12.19
8450-LUGUK,Female,0,Yes,Yes,37,25-48,Two year,No,Bank transfer (automatic),24.1,861.85,No,0.0172,Low,4.97
3604-WLABM,Female,0,No,No,10,0-12,Month-to-month,DSL,Electronic check,54.25,583.0,No,0.2599,Low,169.19
0795-GMVQO,Male,0,Yes,No,67,49+,One year,Fiber optic,Credit card (automatic),109.9,7332.4,No,0.1008,Low,132.94
2259-OUUSZ,Male,0,No,No,7,0-12,One year,DSL,Credit card (automatic),35.5,249.55,No,0.237,Low,100.96
1142-IHLOO,Female,0,No,No,51,49+,One year,Fiber optic,Credit card (automatic),87.55,4475.9,No,0.1625,Low,170.72
6410-LEFEN,Female,0,No,No,9,0-12,Month-to-month,DSL,Electronic check,45.15,416.45,Yes,0.3438,Medium,186.27
4633-MKHYU,Female,0,No,No,9,0-12,Month-to-month,Fiber optic,Mailed check,88.4,788.6,No,0.6897,High,731.63
6257-RJOHI,Male,0,No,No,4,0-12,Month-to-month,DSL,Mailed check,50.8,202.3,No,0.3207,Medium,195.5
1545-JFUML,Male,0,Yes,No,71,49+,Two year,Fiber optic,Electronic check,99.0,6994.6,No,0.0729,Low,86.61
3194-ORPIK,Female,0,Yes,Yes,50,49+,Month-to-month,Fiber optic,Bank transfer (automatic),84.4,4116.15,Yes,0.3179,Medium,321.97
7826-VVKWT,Female,1,Yes,Yes,24,13-24,Two year,Fiber optic,Electronic check,96.55,2263.45,No,0.2917,Low,337.96
1353-GHZOS,Male,0,Yes,No,22,13-24,One year,DSL,Bank transfer (automatic),59.75,1374.35,No,0.1247,Low,89.41
2587-EKXTS,Male,0,No,No,44,25-48,Month-to-month,Fiber optic,Electronic check,111.5,4915.15,No,0.4607,Medium,616.42
5442-BXVND,Female,0,Yes,Yes,33,25-48,Month-to-month,No,Bank transfer (automatic),24.25,838.5,No,0.0546,Low,15.89
8816-VXNZD,Female,0,No,No,1,0-12,Month-to-month,Fiber optic,Electronic check,75.1,75.1,Yes,0.7569,High,682.12
9378-FXTIZ,Female,0,Yes,No,54,49+,One year,DSL,Credit card (automatic),70.15,3715.65,Yes,0.103,Low,86.71
1723-HKXJQ,Male,0,No,No,42,25-48,Month-to-month,Fiber optic,Electronic check,101.75,4273.45,Yes,0.564,High,688.64
7825-GKXMW,Female,0,No,No,1,0-12,Month-to-month,DSL,Electronic check,45.8,45.8,Yes,0.4141,Medium,227.59
9753-OYLBX,Female,0,No,No,1,0-12,Month-to-month,No,Mailed check,20.5,20.5,No,0.1875,Low,46.12
2364-UFROM,Male,0,No,No,30,25-48,One year,DSL,Electronic check,70.4,2044.75,No,0.0584,Low,49.34
6656-JWRQX,Female,0,No,No,1,0-12,Month-to-month,DSL,Mailed check,30.55,30.55,No,0.3875,Medium,142.06
6473-ULUHT,Male,0,Yes,Yes,16,13-24,Month-to-month,DSL,Electronic check,84.9,1398.25,No,0.2314,Low,235.75
1240-KNSEZ,Male,0,No,No,1,0-12,Month-to-month,No,Mailed check,20.1,20.1,Yes,0.257,Low,61.99
0836-SEYLU,Male,0,Yes,No,9,0-12,Month-to-month,DSL,Mailed check,40.65,328.95,Yes,0.3704,Medium,180.68
4433-JCGCG,Male,1,Yes,No,46,25-48,Month-to-month,Fiber optic,Electronic check,101.0,4680.05,Yes,0.616,High,746.59
3716-BDVDB,Male,0,No,No,1,0-12,Month-to-month,Fiber optic,Electronic check,69.1,69.1,Yes,0.7115,High,589.98
7688-AWMDX,Male,0,Yes,No,71,49+,Two year,DSL,Bank transfer (automatic),54.5,3778.2,No,0.0041,Low,2.68
2842-BCQGE,Male,0,No,No,43,25-48,Month-to-month,Fiber optic,Credit card (automatic),75.35,3161.4,No,0.3357,Medium,303.54
7244-QWYHG,Male,0,Yes,No,50,49+,One year,DSL,Bank transfer (automatic),44.45,2188.45,No,0.0487,Low,25.98
5899-MQZZL,Female,0,No,No,13,13-24,Month-to-month,Fiber optic,Mailed check,75.0,999.45,Yes,0.6075,High,546.75
6849-OYAMU,Male,0,Yes,Yes,19,13-24,One year,Fiber optic,Bank transfer (automatic),100.0,1888.65,Yes,0.1995,Low,239.4
5312-UXESG,Female,0,No,No,41,25-48,Month-to-month,Fiber optic,Bank transfer (automatic),98.05,3990.6,No,0.4299,Medium,505.82
9488-HGMJH,Female,1,No,No,1,0-12,Month-to-month,Fiber optic,Electronic check,71.15,71.15,Yes,0.7235,High,617.72
6038-GCYEC,Female,0,No,No,24,13-24,Month-to-month,DSL,Credit card (automatic),54.15,1240.25,Yes,0.3918,Medium,254.59
2150-WLKUW,Female,0,Yes,No,40,25-48,One year,DSL,Bank transfer (automatic),63.9,2635.0,No,0.0829,Low,63.57
7159-FVYPK,Female,0,Yes,Yes,3,0-12,Month-to-month,DSL,Bank transfer (automatic),69.15,235.0,No,0.4293,Medium,356.23
7032-LMBHI,Female,0,No,No,37,25-48,One year,DSL,Bank transfer (automatic),64.65,2347.85,No,0.0685,Low,53.14
1150-WFARN,Female,0,Yes,Yes,67,49+,Two year,Fiber optic,Credit card (automatic),108.75,7156.2,Yes,0.0504,Low,65.77
6088-BXMRG,Female,0,Yes,Yes,32,25-48,Month-to-month,Fiber optic,Electronic check,98.85,3089.6,No,0.5879,High,697.37
3144-AUDBS,Female,0,Yes,No,6,0-12,Month-to-month,DSL,Electronic check,49.15,270.8,Yes,0.3825,Medium,225.6
4821-SJHJV,Female,0,Yes,Yes,32,25-48,Month-to-month,Fiber optic,Electronic check,89.6,2901.8,No,0.3659,Medium,393.42
7346-MEDWM,Female,0,No,No,59,49+,Month-to-month,Fiber optic,Electronic check,83.25,4949.1,No,0.3003,Medium,300.0
1137-DGOWI,Female,0,Yes,No,30,25-48,One year,DSL,Bank transfer (automatic),70.25,2198.9,No,0.0607,Low,51.17
5616-PRTNT,Male,0,No,Yes,20,13-24,Month-to-month,No,Electronic check,19.4,374.5,Yes,0.1375,Low,32.01
3812-LRZIR,Female,0,Yes,Yes,27,25-48,Two year,No,Electronic check,24.5,761.95,No,0.0276,Low,8.11
4818-QIUFN,Female,1,No,No,20,13-24,Month-to-month,Fiber optic,Electronic check,79.15,1520.9,Yes,0.5629,High,534.64
9483-GCPWE,Male,0,No,Yes,9,0-12,One year,No,Mailed check,20.1,190.25,No,0.0615,Low,14.83
4227-OJHAL,Female,0,Yes,Yes,68,49+,One year,DSL,Credit card (automatic),73.0,5163.0,No,0.0274,Low,24.0
9220-CXRSC,Female,0,Yes,Yes,69,49+,Two year,DSL,Credit card (automatic),61.4,4059.85,No,0.0045,Low,3.32
4993-JCRGJ,Male,0,No,No,26,25-48,Month-to-month,Fiber optic,Mailed check,84.3,2281.6,No,0.4257,Medium,430.64
9537-JALFH,Male,0,Yes,Yes,69,49+,Two year,No,Bank transfer (automatic),19.9,1356.7,No,0.002,Low,0.48
6698-OXETB,Male,0,No,No,11,0-12,Two year,No,Mailed check,20.4,231.45,No,0.0367,Low,8.98
2103-ZRXFN,Male,0,No,No,1,0-12,Month-to-month,DSL,Mailed check,50.75,50.75,No,0.4148,Medium,252.61
3724-BSCVH,Male,0,Yes,Yes,10,0-12,One year,No,Mailed check,20.45,242.4,No,0.0599,Low,14.7
4877-TSOFF,Female,0,Yes,Yes,55,49+,One year,DSL,Bank transfer (automatic),75.75,4264.25,No,0.0292,Low,26.54
9209-NWPGU,Male,0,No,No,44,25-48,One year,DSL,Electronic check,65.4,2774.55,No,0.0414,Low,32.49
6961-VCPMC,Male,1,Yes,No,46,25-48,Month-to-month,Fiber optic,Electronic check,80.4,3605.2,Yes,0.4459,Medium,430.2
7306-YDSOI,Male,0,Yes,Yes,69,49+,Two year,DSL,Bank transfer (automatic),59.75,4069.9,No,0.0064,Low,4.59
5288-AHOUP,Male,1,No,No,11,0-12,Month-to-month,Fiber optic,Electronic check,78.5,874.2,No,0.724,High,682.01
6688-UZPWD,Female,0,Yes,No,11,0-12,Month-to-month,Fiber optic,Electronic check,102.0,1145.35,Yes,0.751,High,919.22
0655-YDGFJ,Male,0,No,No,29,25-48,Month-to-month,DSL,Bank transfer (automatic),48.95,1323.7,No,0.1401,Low,82.29
8468-EHYJA,Female,0,Yes,No,57,49+,Month-to-month,Fiber optic,Electronic check,99.65,5497.05,No,0.4,Medium,478.32
6823-SIDFQ,Male,0,No,No,28,25-48,One year,No,Credit card (automatic),18.25,534.7,No,0.0314,Low,6.88
1097-FSPVW,Female,0,No,No,42,25-48,Month-to-month,DSL,Credit card (automatic),54.55,2455.05,No,0.0623,Low,40.78
2839-RFSQE,Female,0,No,No,2,0-12,Month-to-month,No,Mailed check,20.65,38.7,Yes,0.1799,Low,44.58
8328-SKJNO,Male,0,No,Yes,23,13-24,One year,DSL,Bank transfer (automatic),40.65,947.4,No,0.0498,Low,24.29
7010-ZMVBF,Female,0,Yes,Yes,18,13-24,Month-to-month,No,Mailed check,20.45,357.0,No,0.0795,Low,19.51
5201-CBWYG,Male,0,Yes,Yes,62,49+,One year,No,Bank transfer (automatic),24.8,1476.25,No,0.0077,Low,2.29
0968-GSIKN,Female,0,No,No,1,0-12,Month-to-month,Fiber optic,Mailed check,70.8,70.8,Yes,0.6277,High,533.29
1965-DDBWU,Male,0,No,No,16,13-24,Month-to-month,Fiber optic,Credit card (automatic),89.05,1448.6,Yes,0.5444,High,581.75
9057-SIHCH,Female,0,No,No,3,0-12,Month-to-month,Fiber optic,Electronic check,96.6,291.9,Yes,0.8149,High,944.63
6352-GIGGQ,Male,0,No,No,67,49+,One year,DSL,Bank transfer (automatic),88.8,5903.15,No,0.0366,Low,39.0
3635-QQRQD,Male,0,No,No,62,49+,Two year,No,Credit card (automatic),20.05,1201.65,No,0.0048,Low,1.15
6771-XWBDM,Female,0,Yes,No,57,49+,Month-to-month,Fiber optic,Credit card (automatic),104.5,5921.35,Yes,0.3743,Medium,469.37
2897-DOVND,Male,0,No,No,2,0-12,Month-to-month,Fiber optic,Electronic check,69.8,146.65,No,0.7002,High,586.49
3082-YVEKW,Female,0,Yes,Yes,23,13-24,Two year,DSL,Bank transfer (automatic),77.15,1759.4,No,0.046,Low,42.59
0191-EQUUH,Female,0,No,Yes,25,25-48,Two year,DSL,Bank transfer (automatic),35.05,844.45,No,0.0275,Low,11.57
7134-HBPBS,Female,1,No,No,72,49+,Two year,Fiber optic,Bank transfer (automatic),108.1,7774.05,No,0.0832,Low,107.93
3489-HHPFY,Female,0,Yes,No,2,0-12,Month-to-month,Fiber optic,Electronic check,84.05,134.05,No,0.7981,High,804.96
2926-JEJJC,Female,0,No,No,8,0-12,One year,No,Bank transfer (automatic),20.2,140.95,No,0.1005,Low,24.36
8601-QACRS,Female,0,No,No,5,0-12,Month-to-month,DSL,Mailed check,50.6,249.95,Yes,0.4631,Medium,281.19
4950-BDEUX,Male,0,No,No,35,25-48,Month-to-month,DSL,Electronic check,49.2,1701.65,No,0.3439,Medium,203.04
5789-LDFXO,Male,0,No,No,24,13-24,One year,No,Electronic check,24.6,592.65,No,0.072,Low,21.25
0508-OOLTO,Female,0,Yes,Yes,2,0-12,Month-to-month,Fiber optic,Electronic check,71.65,135.75,No,0.637,High,547.69
2984-TBYKU,Male,0,Yes,Yes,72,49+,Two year,Fiber optic,Credit card (automatic),104.9,7732.65,No,0.0302,Low,38.02
9822-WMWVG,Female,0,No,No,41,25-48,Month-to-month,Fiber optic,Electronic check,106.5,4282.4,No,0.3172,Medium,405.38
2391-SOORI,Male,0,No,Yes,4,0-12,Month-to-month,DSL,Electronic check,49.35,219.65,Yes,0.2603,Low,154.15
9040-KZVWO,Male,0,No,No,26,25-48,One year,Fiber optic,Bank transfer (automatic),75.5,2018.1,No,0.1689,Low,153.02
2645-QTLMB,Male,0,No,No,7,0-12,Month-to-month,Fiber optic,Electronic check,94.25,669.0,Yes,0.7305,High,826.2
4806-HIPDW,Female,0,Yes,No,1,0-12,Month-to-month,Fiber optic,Electronic check,68.95,68.95,Yes,0.7123,High,589.36
1548-ARAGG,Female,0,Yes,Yes,4,0-12,Month-to-month,DSL,Mailed check,58.5,224.85,No,0.3111,Medium,218.39
6339-RZCBJ,Male,0,No,No,48,25-48,Two year,DSL,Credit card (automatic),78.9,3771.5,No,0.0235,Low,22.25
4424-TKOPW,Male,1,No,No,2,0-12,Month-to-month,Fiber optic,Electronic check,93.85,196.75,Yes,0.8533,High,960.99
4415-WNGVR,Female,1,Yes,No,12,0-12,One year,DSL,Electronic check,79.2,943.85,No,0.2291,Low,217.74
2522-AHJXR,Male,0,Yes,No,60,49+,Month-to-month,Fiber optic,Bank transfer (automatic),109.45,6572.85,No,0.2528,Low,332.03
0412-UCCNP,Male,0,No,No,55,49+,Two year,DSL,Electronic check,59.2,3175.85,No,0.0158,Low,11.22
1816-FLZDK,Male,0,No,No,1,0-12,Month-to-month,DSL,Mailed check,29.15,29.15,No,0.4029,Medium,140.93
7096-UCLNH,Male,0,No,No,1,0-12,Month-to-month,No,Mailed check,20.05,20.05,No,0.193,Low,46.44
8443-ZRDBZ,Male,0,No,No,4,0-12,Month-to-month,Fiber optic,Electronic check,76.05,318.9,Yes,0.7375,High,673.04
9136-ALYBR,Male,0,No,No,1,0-12,Month-to-month,DSL,Mailed check,24.45,24.45,Yes,0.5843,High,171.43
4615-PIVVU,Female,0,No,No,42,25-48,Two year,DSL,Credit card (automatic),66.5,2762.75,No,0.0219,Low,17.48
8885-QSQBX,Female,0,No,No,1,0-12,Month-to-month,DSL,Bank transfer (automatic),49.55,49.55,No,0.2465,Low,146.57
7479-NITWS,Male,0,No,No,7,0-12,Month-to-month,Fiber optic,Credit card (automatic),89.35,631.85,Yes,0.6836,High,732.96
8617-ENBDS,Male,0,No,No,3,0-12,Month-to-month,Fiber optic,Credit card (automatic),73.6,232.5,No,0.5981,High,528.24
9385-NXKDA,Female,0,Yes,No,72,49+,Two year,DSL,Credit card (automatic),82.65,5919.35,No,0.0217,Low,21.52
0430-IHCDJ,Male,0,No,No,15,13-24,Month-to-month,DSL,Electronic check,49.0,749.25,No,0.4599,Medium,270.42
2959-MJHIC,Male,0,Yes,No,4,0-12,Month-to-month,Fiber optic,Electronic check,80.35,307.4,Yes,0.7332,High,706.95
6674-KVJHG,Female,0,No,No,11,0-12,One year,No,Electronic check,25.2,245.15,No,0.117,Low,35.38
1814-DKOLC,Female,0,No,No,5,0-12,Month-to-month,No,Mailed check,25.45,134.75,No,0.205,Low,62.61
4201-JMNGR,Female,1,No,No,1,0-12,Month-to-month,DSL,Electronic check,55.8,55.8,Yes,0.4261,Medium,285.32
9351-HXDMR,Male,0,Yes,No,72,49+,Two year,Fiber optic,Credit card (automatic),110.9,8240.85,No,0.0596,Low,79.32
3537-HPKQT,Female,0,Yes,No,55,49+,Month-to-month,Fiber optic,Credit card (automatic),77.75,4266.4,No,0.2431,Low,226.81
2129-ALKBS,Female,0,Yes,Yes,40,25-48,Month-to-month,No,Electronic check,26.2,1077.5,No,0.0791,Low,24.87
5821-MMEIL,Female,0,Yes,No,57,49+,Two year,No,Bank transfer (automatic),19.9,1115.6,No,0.0043,Low,1.03
5960-WPXQM,Male,0,No,No,1,0-12,Month-to-month,Fiber optic,Electronic check,79.05,79.05,Yes,0.7555,High,716.67
0684-AOSIH,Male,0,Yes,No,1,0-12,Month-to-month,Fiber optic,Electronic check,95.0,95.0,Yes,0.7152,High,815.33
8260-NGFNY,Female,0,No,No,1,0-12,Month-to-month,DSL,Mailed check,25.2,25.2,Yes,0.4813,Medium,145.55
1309-XGFSN,Male,1,Yes,Yes,52,49+,One year,DSL,Electronic check,80.85,4079.55,No,0.1338,Low,129.81
1866-RZZQS,Male,1,No,No,41,25-48,Month-to-month,Fiber optic,Electronic check,98.4,4187.75,Yes,0.6617,High,781.34
6968-URWQU,Male,0,Yes,No,43,25-48,One year,DSL,Mailed check,56.35,2391.15,No,0.0893,Low,60.38
4742-TXUEX,Female,0,Yes,Yes,47,25-48,Two year,No,Bank transfer (automatic),19.3,890.5,No,0.0055,Low,1.27
9631-XEYKE,Male,0,No,No,3,0-12,Month-to-month,DSL,Bank transfer (automatic),50.4,137.25,No,0.3795,Medium,229.52
8631-NBHFZ,Male,1,Yes,Yes,66,49+,Two year,DSL,Credit card (automatic),79.4,5154.6,Yes,0.0085,Low,8.1
1335-MXCSE,Male,0,Yes,Yes,55,49+,Two year,DSL,Credit card (automatic),55.25,3119.9,No,0.0125,Low,8.29
8873-TMKGR,Male,0,No,No,29,25-48,One year,No,Mailed check,19.1,529.5,No,0.0323,Low,7.4
8800-JOOCF,Female,0,No,Yes,12,0-12,Month-to-month,Fiber optic,Electronic check,84.05,966.55,No,0.6923,High,698.25
1469-LBJQJ,Female,0,Yes,No,66,49+,Month-to-month,Fiber optic,Electronic check,105.2,6936.85,No,0.4149,Medium,523.77
4958-XCBDQ,Male,1,No,No,35,25-48,Month-to-month,Fiber optic,Electronic check,101.4,3496.3,Yes,0.6738,High,819.88
8337-UPOAQ,Male,1,Yes,No,10,0-12,Month-to-month,Fiber optic,Electronic check,89.8,914.3,Yes,0.7772,High,837.51
0064-YIJGF,Male,0,Yes,Yes,27,25-48,Month-to-month,Fiber optic,Bank transfer (automatic),75.75,1929.0,No,0.4157,Medium,377.87
2386-OWURY,Female,0,No,No,58,49+,Month-to-month,Fiber optic,Electronic check,95.3,5817.7,No,0.3412,Medium,390.2
1725-IQNIY,Male,0,Yes,No,54,49+,Two year,Fiber optic,Bank transfer (automatic),109.75,6110.2,Yes,0.0431,Low,56.76
0310-VQXAM,Male,0,No,No,9,0-12,Month-to-month,No,Mailed check,19.85,178.8,No,0.1429,Low,34.04
6598-RFFVI,Male,0,No,No,2,0-12,One year,No,Credit card (automatic),19.3,28.3,Yes,0.0938,Low,21.72
3453-RTHJQ,Male,0,No,No,6,0-12,Month-to-month,Fiber optic,Electronic check,69.1,435.0,No,0.6756,High,560.21
6712-OAWRH,Female,1,No,No,26,25-48,Month-to-month,Fiber optic,Electronic check,91.25,2351.8,Yes,0.659,High,721.6
6278-FEPBZ,Female,0,No,No,9,0-12,Month-to-month,No,Mailed check,20.25,186.15,No,0.139,Low,33.78
4280-DLSHD,Male,0,Yes,No,8,0-12,Month-to-month,DSL,Mailed check,54.75,445.85,No,0.3344,Medium,219.7
1508-DFXCU,Male,0,No,No,12,0-12,Month-to-month,Fiber optic,Electronic check,81.45,912.0,No,0.6658,High,650.75
8614-VGMMV,Female,0,No,No,15,13-24,Month-to-month,DSL,Electronic check,49.1,679.55,Yes,0.4497,Medium,264.96
7868-BGSZA,Male,0,Yes,No,43,25-48,One year,DSL,Electronic check,80.2,3581.6,No,0.1582,Low,152.25
2800-QQUSO,Male,0,No,No,42,25-48,Month-to-month,Fiber optic,Electronic check,100.3,4222.95,No,0.5236,High,630.2
2930-UOTMB,Female,0,No,No,31,25-48,Month-to-month,DSL,Credit card (automatic),65.25,1994.3,Yes,0.0854,Low,66.87
7973-DZRKH,Female,0,No,Yes,66,49+,Two year,Fiber optic,Credit card (automatic),90.95,5930.05,No,0.0243,Low,26.52
5914-DVBWJ,Female,1,No,No,18,13-24,Month-to-month,Fiber optic,Electronic check,85.45,1505.85,Yes,0.546,High,559.87
7698-YFGEZ,Male,0,No,No,1,0-12,Month-to-month,No,Mailed check,20.0,20.0,No,0.1933,Low,46.39
2533-QVMSK,Male,0,Yes,No,61,49+,Two year,Fiber optic,Electronic check,94.1,5638.3,Yes,0.0949,Low,107.16
9773-PEQBZ,Male,0,No,No,10,0-12,Month-to-month,Fiber optic,Electronic check,79.85,797.25,No,0.5812,High,556.91
8644-XLFBW,Male,1,No,No,1,0-12,Month-to-month,Fiber optic,Electronic check,71.65,71.65,Yes,0.7249,High,623.27
0650-BWOZN,Female,1,No,No,18,13-24,Month-to-month,Fiber optic,Electronic check,73.55,1359.45,No,0.574,High,506.61
8625-AZYZY,Male,0,Yes,No,24,13-24,Month-to-month,Fiber optic,Electronic check,104.65,2542.45,Yes,0.6937,High,871.15
7785-RDVIG,Female,0,Yes,Yes,3,0-12,Month-to-month,No,Mailed check,19.3,54.7,No,0.1509,Low,34.95
9602-WCXPI,Male,0,No,No,50,49+,One year,No,Credit card (automatic),20.15,989.05,No,0.0111,Low,2.68
2903-YYTBW,Male,0,Yes,Yes,1,0-12,Month-to-month,DSL,Electronic check,44.55,44.55,No,0.3795,Medium,202.88
3620-MWJNE,Male,0,No,No,2,0-12,Month-to-month,DSL,Mailed check,54.45,87.3,No,0.2573,Low,168.12
8573-JGCZW,Male,0,No,No,17,13-24,One year,No,Bank transfer (automatic),19.65,351.55,No,0.0719,Low,16.95
6837-HAEVO,Male,0,Yes,Yes,69,49+,Two year,Fiber optic,Electronic check,105.0,7297.75,No,0.121,Low,152.46
6701-YVNQG,Male,0,Yes,No,72,49+,Two year,DSL,Credit card (automatic),88.7,6301.7,No,0.0162,Low,17.24
9306-CPCBC,Female,0,No,No,3,0-12,Month-to-month,Fiber optic,Electronic check,74.25,210.3,Yes,0.7487,High,667.09
4304-XUMGI,Male,1,Yes,Yes,50,49+,Two year,DSL,Bank transfer (automatic),75.15,3822.45,No,0.0292,Low,26.33
9504-YAZWB,Female,0,No,No,53,49+,Two year,No,Mailed check,20.25,1048.45,No,0.0054,Low,1.31
8819-ZBYNA,Female,0,Yes,No,58,49+,Two year,Fiber optic,Credit card (automatic),109.1,6393.65,No,0.0708,Low,92.69
6174-NRBTZ,Male,0,No,No,46,25-48,One year,DSL,Bank transfer (automatic),30.75,1489.3,No,0.0552,Low,20.37
9481-IEBZY,Male,1,Yes,No,72,49+,Month-to-month,Fiber optic,Credit card (automatic),112.9,8061.5,No,0.2026,Low,274.48
1833-VGRUM,Female,1,No,No,1,0-12,Month-to-month,Fiber optic,Electronic check,74.2,74.2,Yes,0.787,High,700.74
6137-NICCO,Female,0,Yes,Yes,6,0-12,Month-to-month,Fiber optic,Mailed check,94.05,518.75,No,0.6244,High,704.7
9065-ZCPQX,Male,0,Yes,No,72,49+,Two year,DSL,Bank transfer (automatic),78.85,5763.15,No,0.0082,Low,7.76
6402-EJMWF,Male,0,No,No,4,0-12,Month-to-month,DSL,Mailed check,55.3,238.5,No,0.4671,Medium,309.97
3620-EHIMZ,Female,0,Yes,Yes,52,49+,Two year,No,Mailed check,19.35,1031.7,No,0.0047,Low,1.09
3213-VVOLG,Male,0,Yes,Yes,0,0-12,Two year,No,Mailed check,25.35,0.0,No,0.0638,Low,19.41
6870-ECSHE,Female,0,No,No,2,0-12,One year,No,Mailed check,20.45,34.8,No,0.0984,Low,24.15
8747-UDCOI,Female,0,Yes,No,65,49+,Two year,No,Bank transfer (automatic),19.35,1319.95,No,0.0031,Low,0.72
8374-XGEJJ,Male,1,Yes,No,43,25-48,Month-to-month,Fiber optic,Electronic check,101.0,4388.4,Yes,0.6038,High,731.81
2656-TABEH,Male,0,Yes,No,4,0-12,Month-to-month,Fiber optic,Electronic check,100.2,420.2,Yes,0.7973,High,958.67
6946-LMSQS,Male,1,Yes,No,25,25-48,One year,Fiber optic,Electronic check,89.05,2177.45,Yes,0.4292,Medium,458.64
4626-OZDTJ,Female,0,Yes,No,51,49+,One year,DSL,Credit card (automatic),78.65,3950.85,No,0.0783,Low,73.9
9169-BSVIN,Male,0,No,No,12,0-12,Month-to-month,DSL,Bank transfer (automatic),74.75,827.05,No,0.4094,Medium,367.23
2325-ZUSFD,Female,0,Yes,Yes,57,49+,One year,DSL,Bank transfer (automatic),70.1,3913.3,Yes,0.0401,Low,33.73
8194-PEEBY,Female,0,Yes,Yes,24,13-24,One year,No,Mailed check,19.9,533.5,No,0.0324,Low,7.74
6872-HXFNF,Female,0,Yes,No,64,49+,One year,DSL,Bank transfer (automatic),58.35,3756.45,No,0.0219,Low,15.33
3932-CMDTD,Female,0,No,No,4,0-12,One year,Fiber optic,Electronic check,105.65,443.9,Yes,0.4787,Medium,606.9
7714-YXSMB,Female,0,No,No,26,25-48,Month-to-month,Fiber optic,Bank transfer (automatic),100.5,2599.95,No,0.6116,High,737.59
8387-UGUSU,Female,0,Yes,Yes,15,13-24,Month-to-month,No,Mailed check,20.05,284.3,No,0.0909,Low,21.87
1080-BWSYE,Male,1,Yes,No,64,49+,Two year,No,Credit card (automatic),25.65,1740.8,No,0.0052,Low,1.6
4039-HEUNW,Male,1,Yes,No,36,25-48,Month-to-month,Fiber optic,Electronic check,96.5,3436.1,Yes,0.6673,High,772.73
1194-HVAIF,Female,0,Yes,No,27,25-48,Month-to-month,Fiber optic,Credit card (automatic),95.0,2462.55,No,0.5123,High,584.02
0812-WUPTB,Male,1,Yes,No,1,0-12,Month-to-month,Fiber optic,Mailed check,70.85,70.85,Yes,0.5837,High,496.26
3594-UVONA,Female,0,No,No,35,25-48,One year,DSL,Credit card (automatic),85.95,3110.1,Yes,0.097,Low,100.05
0004-TLHLJ,Male,0,No,No,4,0-12,Month-to-month,Fiber optic,Electronic check,73.9,280.85,Yes,0.6823,High,605.06
1767-TGTKO,Female,0,Yes,Yes,8,0-12,Month-to-month,DSL,Electronic check,45.45,411.75,No,0.3916,Medium,213.58
8439-LTUGF,Male,0,No,No,10,0-12,Month-to-month,No,Credit card (automatic),20.0,198.6,No,0.1708,Low,40.99
8805-JNRAZ,Female,0,No,No,2,0-12,Month-to-month,DSL,Mailed check,49.2,103.7,No,0.3058,Medium,180.54
5089-IFSDP,Female,0,Yes,No,58,49+,Two year,Fiber optic,Bank transfer (automatic),109.45,6144.55,Yes,0.093,Low,122.15
6418-HNFED,Male,0,Yes,No,51,49+,Two year,DSL,Credit card (automatic),83.25,4089.45,No,0.0214,Low,21.38
0206-OYVOC,Female,0,Yes,Yes,46,25-48,Two year,No,Mailed check,19.25,864.2,No,0.0089,Low,2.06
7291-CDTMJ,Male,0,No,No,1,0-12,Month-to-month,No,Bank transfer (automatic),19.65,19.65,No,0.2451,Low,57.79
7128-GGCNO,Male,0,No,No,46,25-48,Month-to-month,Fiber optic,Bank transfer (automatic),72.8,3249.4,No,0.2546,Low,222.42
0237-YFUTL,Female,0,Yes,No,50,49+,Month-to-month,Fiber optic,Bank transfer (automatic),109.65,5405.8,No,0.2672,Low,351.58
7691-KGKGP,Male,0,Yes,Yes,53,49+,Month-to-month,DSL,Credit card (automatic),65.0,3363.8,No,0.0424,Low,33.07
6710-HSJRD,Male,0,Yes,No,61,49+,Month-to-month,Fiber optic,Electronic check,114.1,7132.15,No,0.3732,Medium,510.99
3675-EQOZA,Male,0,No,No,5,0-12,Month-to-month,No,Bank transfer (automatic),20.65,93.55,No,0.1531,Low,37.94
0840-DCNZE,Male,0,No,No,47,25-48,One year,DSL,Bank transfer (automatic),86.95,4138.9,No,0.0455,Low,47.47
1732-FEKLD,Female,0,No,No,54,49+,One year,Fiber optic,Bank transfer (automatic),94.75,5121.75,No,0.1876,Low,213.3
9862-KJTYK,Male,0,No,Yes,19,13-24,Month-to-month,DSL,Credit card (automatic),25.35,566.1,No,0.3088,Medium,93.94
0479-HMSWA,Female,0,No,Yes,26,25-48,Two year,Fiber optic,Electronic check,105.45,2715.3,No,0.1724,Low,218.15
5854-KSRBJ,Male,0,Yes,Yes,70,49+,Two year,No,Mailed check,25.4,1782.05,No,0.003,Low,0.91
0365-BZUWY,Male,0,Yes,No,17,13-24,Month-to-month,Fiber optic,Electronic check,102.55,1742.5,No,0.7414,High,912.37
4817-VYYWS,Female,0,No,No,30,25-48,Month-to-month,Fiber optic,Electronic check,100.2,2983.8,Yes,0.6446,High,775.07
5701-SVCWR,Female,0,No,Yes,1,0-12,Month-to-month,No,Mailed check,24.0,24.0,No,0.204,Low,58.75
3129-AAQOU,Female,0,Yes,Yes,19,13-24,Two year,No,Mailed check,25.6,485.9,No,0.0276,Low,8.48
4922-CVPDX,Female,0,Yes,No,26,25-48,Two year,DSL,Credit card (automatic),73.5,1905.7,No,0.0923,Low,81.41
1396-QWFBJ,Female,0,Yes,Yes,21,13-24,Month-to-month,Fiber optic,Bank transfer (automatic),74.05,1565.7,Yes,0.3651,Medium,324.43
1357-BIJKI,Male,0,Yes,No,50,49+,One year,Fiber optic,Electronic check,98.25,4858.7,No,0.3571,Medium,421.02
1099-BTKWT,Female,0,Yes,No,68,49+,One year,DSL,Electronic check,54.4,3723.65,No,0.0681,Low,44.46
5299-SJCZT,Male,0,No,No,3,0-12,Month-to-month,Fiber optic,Bank transfer (automatic),101.55,298.35,Yes,0.747,High,910.29
2018-PZKMU,Male,0,Yes,Yes,9,0-12,Month-to-month,Fiber optic,Electronic check,103.1,970.45,No,0.5088,High,629.49
7340-KEFQE,Female,0,Yes,Yes,51,49+,Two year,DSL,Bank transfer (automatic),34.2,1782.0,No,0.0098,Low,4.02
4570-QHXHL,Female,0,No,No,9,0-12,Month-to-month,DSL,Electronic check,43.75,405.7,No,0.4414,Medium,231.74
2403-BCASL,Male,1,Yes,Yes,41,25-48,One year,Fiber optic,Electronic check,111.95,4534.9,Yes,0.3061,Medium,411.21
7392-YYPYJ,Male,0,No,No,22,13-24,Month-to-month,Fiber optic,Electronic check,100.65,2415.95,No,0.7065,High,853.31
2898-LSJGD,Female,0,Yes,Yes,21,13-24,One year,DSL,Electronic check,55.95,1157.05,Yes,0.2492,Low,167.31
2223-GDSHL,Male,0,Yes,Yes,71,49+,Two year,Fiber optic,Bank transfer (automatic),116.05,8297.5,No,0.0442,Low,61.55
7359-PTSXY,Male,0,No,No,1,0-12,Month-to-month,DSL,Electronic check,45.75,45.75,Yes,0.4198,Medium,230.47
9470-RTWDV,Male,0,Yes,Yes,26,25-48,One year,DSL,Credit card (automatic),82.0,2083.1,No,0.142,Low,139.73
2176-OSJUV,Male,0,Yes,No,71,49+,Two year,DSL,Bank transfer (automatic),65.15,4681.75,No,0.0054,Low,4.22
9348-YVOMK,Male,0,No,No,4,0-12,Month-to-month,DSL,Credit card (automatic),44.8,176.2,No,0.3868,Medium,207.94
8104-OSKWT,Female,0,No,No,12,0-12,Month-to-month,Fiber optic,Electronic check,79.8,1001.2,No,0.5926,High,567.47
4521-YEEHE,Female,0,Yes,No,18,13-24,Month-to-month,Fiber optic,Electronic check,88.85,1594.75,No,0.6298,High,671.49
4090-KPJIP,Female,0,No,No,3,0-12,Month-to-month,Fiber optic,Electronic check,74.95,212.4,No,0.7447,High,669.78
3786-WOVKF,Female,1,Yes,No,72,49+,One year,Fiber optic,Bank transfer (automatic),106.85,7677.4,No,0.1351,Low,173.23
4503-BDXBD,Male,0,No,No,11,0-12,Month-to-month,Fiber optic,Electronic check,74.95,815.5,Yes,0.4984,Medium,448.26
6086-ESGRL,Female,0,No,No,1,0-12,Month-to-month,Fiber optic,Credit card (automatic),80.15,80.15,Yes,0.5713,High,549.48
2592-HODOV,Male,0,No,No,13,13-24,One year,No,Credit card (automatic),19.3,259.65,No,0.059,Low,13.66
3886-CERTZ,Female,0,Yes,No,72,49+,One year,Fiber optic,Electronic check,109.25,8109.8,Yes,0.1933,Low,253.42
7995-ZHHNZ,Male,0,Yes,No,42,25-48,One year,DSL,Credit card (automatic),56.1,2386.85,No,0.0428,Low,28.81
3824-RHKVR,Female,0,No,No,17,13-24,Month-to-month,No,Credit card (automatic),19.7,340.35,No,0.0925,Low,21.87
5816-SCGFC,Female,1,No,No,7,0-12,Month-to-month,DSL,Mailed check,51.3,419.35,No,0.3657,Medium,225.12
5989-AXPUC,Female,0,Yes,No,68,49+,Two year,Fiber optic,Mailed check,118.6,7990.05,No,0.0408,Low,58.07
4979-HPRFL,Male,0,Yes,Yes,56,49+,Two year,No,Bank transfer (automatic),24.15,1402.25,No,0.0053,Low,1.54
8590-OHDIW,Female,0,Yes,Yes,38,25-48,One year,No,Mailed check,20.3,749.35,No,0.0169,Low,4.12
8015-IHCGW,Female,0,Yes,Yes,72,49+,Two year,Fiber optic,Electronic check,115.5,8425.15,No,0.062,Low,85.93
2332-TODQS,Female,0,No,No,48,25-48,One year,No,Credit card (automatic),25.05,1171.5,No,0.0165,Low,4.96
9278-VZKCD,Female,1,Yes,No,52,49+,Month-to-month,Fiber optic,Electronic check,109.1,5647.95,No,0.4555,Medium,596.34
8008-OTEZX,Female,0,Yes,Yes,35,25-48,One year,No,Mailed check,19.65,708.8,No,0.0198,Low,4.67
2773-OVBPK,Male,0,Yes,No,67,49+,Two year,Fiber optic,Bank transfer (automatic),111.3,7567.2,No,0.0838,Low,111.92
5999-LCXAO,Female,0,No,No,1,0-12,Month-to-month,DSL,Mailed check,29.9,29.9,No,0.3799,Medium,136.31
5206-XZZQI,Male,0,No,No,53,49+,Month-to-month,Fiber optic,Mailed check,80.6,4348.1,No,0.1607,Low,155.43
4803-LBYPN,Male,0,Yes,Yes,34,25-48,Month-to-month,No,Mailed check,20.8,635.9,No,0.0399,Low,9.96
5759-RCVCB,Female,0,No,No,3,0-12,Month-to-month,DSL,Credit card (automatic),35.2,108.95,Yes,0.4892,Medium,206.64
6372-RFVNS,Female,0,Yes,No,1,0-12,Month-to-month,Fiber optic,Electronic check,78.8,78.8,Yes,0.6825,High,645.37
2139-FQHLM,Male,0,No,No,19,13-24,Month-to-month,Fiber optic,Mailed check,89.95,1682.4,No,0.3694,Medium,398.73
8261-GWDBQ,Female,1,Yes,No,60,49+,Two year,Fiber optic,Bank transfer (automatic),116.05,6925.9,No,0.0772,Low,107.51
1093-YSWCA,Male,0,No,No,11,0-12,Two year,No,Credit card (automatic),19.55,223.15,No,0.0338,Low,7.93
8938-UMKPI,Female,0,No,No,47,25-48,Month-to-month,Fiber optic,Electronic check,106.4,5127.95,Yes,0.5364,High,684.88
0991-BRRFB,Male,0,No,No,18,13-24,Month-to-month,DSL,Electronic check,49.4,874.8,Yes,0.2016,Low,119.51
3882-IYOIJ,Female,0,Yes,Yes,60,49+,Two year,Fiber optic,Credit card (automatic),115.25,6758.45,No,0.0367,Low,50.76
8749-TZYEC,Male,0,Yes,No,72,49+,Two year,No,Credit card (automatic),24.8,1874.3,No,0.0032,Low,0.95
1755-FZQEC,Male,0,No,No,39,25-48,One year,No,Mailed check,19.9,791.15,No,0.0205,Low,4.9
3115-JPJDD,Female,0,Yes,No,59,49+,One year,Fiber optic,Credit card (automatic),81.25,4639.45,No,0.0668,Low,65.13
5600-KTXFM,Male,0,Yes,Yes,2,0-12,Month-to-month,Fiber optic,Mailed check,69.95,143.9,No,0.4904,Medium,411.64
3871-IKPYH,Male,1,No,No,1,0-12,Month-to-month,Fiber optic,Electronic check,69.1,69.1,Yes,0.6628,High,549.59
6319-IEJWJ,Male,0,Yes,Yes,20,13-24,Month-to-month,Fiber optic,Electronic check,90.2,1776.55,Yes,0.6311,High,683.1
9025-AOMKI,Female,0,No,No,6,0-12,Month-to-month,Fiber optic,Bank transfer (automatic),93.55,536.4,Yes,0.7495,High,841.39
6339-TBELP,Male,0,No,No,71,49+,Two year,Fiber optic,Credit card (automatic),86.4,6172.0,No,0.038,Low,39.4
7964-YESJC,Female,0,Yes,No,24,13-24,Month-to-month,DSL,Mailed check,66.3,1559.45,No,0.1391,Low,110.67
6173-GOLSU,Male,1,Yes,No,67,49+,Month-to-month,Fiber optic,Credit card (automatic),94.65,6079.0,No,0.354,Medium,402.07
5275-SQEIZ,Male,0,No,No,1,0-12,Month-to-month,Fiber optic,Mailed check,80.85,80.85,Yes,0.6828,High,662.45
7716-YTYHG,Female,0,Yes,Yes,48,25-48,One year,Fiber optic,Mailed check,82.05,4029.95,Yes,0.225,Low,221.54
9938-ZREHM,Female,0,Yes,No,37,25-48,One year,DSL,Mailed check,72.1,2658.4,No,0.0665,Low,57.54
7950-XWOVN,Male,0,No,No,11,0-12,Month-to-month,DSL,Mailed check,34.7,383.55,No,0.3365,Medium,140.12
4390-KYULV,Male,0,Yes,No,3,0-12,Month-to-month,No,Credit card (automatic),20.55,51.15,Yes,0.2217,Low,54.67
4647-MUZON,Female,0,Yes,No,18,13-24,Month-to-month,Fiber optic,Credit card (automatic),95.95,1745.5,No,0.588,High,677.02
9702-AIUJO,Male,0,Yes,Yes,50,49+,One year,DSL,Bank transfer (automatic),44.8,2230.85,No,0.0396,Low,21.29
8849-PRIQJ,Female,0,Yes,Yes,67,49+,One year,Fiber optic,Electronic check,109.4,7281.6,No,0.1367,Low,179.46
8851-RAGOV,Female,0,Yes,No,25,25-48,Month-to-month,DSL,Mailed check,71.05,1837.7,No,0.1385,Low,118.09
1304-NECVQ,Female,1,No,No,2,0-12,Month-to-month,Fiber optic,Electronic check,78.55,149.55,Yes,0.7777,High,733.06
5396-IZEPB,Male,0,No,No,9,0-12,Month-to-month,No,Credit card (automatic),19.7,180.7,No,0.1307,Low,30.9
1729-VLAZJ,Female,0,No,Yes,10,0-12,One year,DSL,Mailed check,40.25,411.45,No,0.0872,Low,42.12
8285-ABVLB,Female,0,Yes,No,70,49+,Two year,No,Credit card (automatic),19.85,1328.35,No,0.0023,Low,0.55
0701-TJSEF,Male,0,No,No,9,0-12,Month-to-month,DSL,Bank transfer (automatic),68.25,576.95,No,0.2384,Low,195.25
5712-VBOXD,Female,0,No,No,4,0-12,Month-to-month,No,Credit card (automatic),20.15,68.45,No,0.2085,Low,50.42
6629-LADHQ,Female,0,No,No,2,0-12,Month-to-month,DSL,Mailed check,50.95,123.05,No,0.2466,Low,150.77
8945-GRKHX,Female,0,No,Yes,1,0-12,Month-to-month,Fiber optic,Electronic check,78.65,78.65,Yes,0.6275,High,592.23
1559-DTODC,Male,0,No,No,19,13-24,Month-to-month,DSL,Bank transfer (automatic),25.15,468.35,No,0.3627,Medium,109.46
4797-MIWUM,Male,0,Yes,Yes,7,0-12,Month-to-month,No,Bank transfer (automatic),20.25,174.7,No,0.1659,Low,40.31
6959-UWKHF,Male,0,No,No,1,0-12,Month-to-month,DSL,Electronic check,42.9,42.9,Yes,0.5333,High,274.54
8720-RQSBJ,Male,1,No,No,1,0-12,Month-to-month,DSL,Electronic check,44.0,44.0,No,0.4683,Medium,247.26
4537-CIBHB,Female,0,Yes,Yes,9,0-12,One year,No,Mailed check,20.25,172.35,No,0.0609,Low,14.8
3815-SLMEF,Female,0,No,No,3,0-12,Month-to-month,DSL,Mailed check,34.25,139.35,Yes,0.285,Low,117.14
5154-VEKBL,Female,0,No,No,9,0-12,Month-to-month,DSL,Mailed check,58.5,539.85,Yes,0.3305,Medium,232.01
4324-AHJKS,Female,0,No,No,5,0-12,Month-to-month,DSL,Credit card (automatic),55.8,300.4,No,0.2022,Low,135.39
4355-CVPVS,Female,0,Yes,Yes,56,49+,One year,Fiber optic,Bank transfer (automatic),88.9,4968.0,No,0.1198,Low,127.8
4495-LHSSK,Female,0,No,Yes,18,13-24,Month-to-month,DSL,Mailed check,57.65,992.7,No,0.1519,Low,105.08
5655-JSMZM,Male,1,No,No,49,49+,Month-to-month,Fiber optic,Electronic check,96.2,4718.25,Yes,0.5851,High,675.44
5915-ANOEI,Male,0,Yes,No,70,49+,Two year,DSL,Mailed check,79.15,5536.5,No,0.0092,Low,8.74
9861-PDSZP,Female,0,No,No,72,49+,Two year,Fiber optic,Credit card (automatic),108.05,7806.6,No,0.0713,Low,92.45
4505-EXZHB,Female,1,No,No,6,0-12,Month-to-month,Fiber optic,Electronic check,74.4,434.1,Yes,0.6068,High,541.75
7225-CBZPL,Male,1,Yes,No,17,13-24,Month-to-month,Fiber optic,Electronic check,94.8,1563.9,No,0.787,High,895.29
6704-UTUKK,Male,0,Yes,No,29,25-48,Month-to-month,DSL,Electronic check,45.9,1332.4,No,0.4885,Medium,269.07
4587-VVTOX,Female,0,Yes,No,6,0-12,Month-to-month,Fiber optic,Electronic check,105.3,545.2,Yes,0.7739,High,977.9
2019-HDCZY,Male,0,Yes,No,63,49+,Two year,Fiber optic,Electronic check,102.6,6296.75,No,0.1243,Low,153.04
4652-NNHNY,Male,0,Yes,No,16,13-24,Month-to-month,Fiber optic,Bank transfer (automatic),73.85,1284.2,Yes,0.5872,High,520.38
8788-DOXSU,Male,0,No,No,59,49+,One year,DSL,Bank transfer (automatic),61.35,3645.5,No,0.0481,Low,35.41
7404-JLKQG,Female,0,No,No,3,0-12,Month-to-month,DSL,Electronic check,57.55,161.45,No,0.4647,Medium,320.92
7421-ZLUPA,Female,0,No,No,8,0-12,Month-to-month,DSL,Mailed check,29.25,226.95,No,0.46,Medium,161.46
8972-HJWNV,Female,1,Yes,No,7,0-12,Month-to-month,Fiber optic,Electronic check,84.55,646.85,Yes,0.7969,High,808.53
3274-NSDWE,Female,0,No,No,68,49+,Two year,No,Credit card (automatic),19.6,1441.65,No,0.0025,Low,0.59
2632-IVXVF,Female,0,Yes,Yes,68,49+,Two year,Fiber optic,Credit card (automatic),111.75,7511.3,No,0.0333,Low,44.66
3692-JHONH,Female,1,Yes,No,52,49+,One year,Fiber optic,Electronic check,106.5,5621.85,No,0.3693,Medium,471.97
8915-NNTRC,Male,0,Yes,Yes,72,49+,Two year,Fiber optic,Credit card (automatic),107.7,7919.8,No,0.0432,Low,55.83
5914-GXMDA,Female,0,Yes,No,32,25-48,One year,No,Mailed check,19.3,593.2,No,0.0281,Low,6.51
7463-IFMQU,Female,0,Yes,No,72,49+,Two year,No,Bank transfer (automatic),20.05,1423.65,No,0.0022,Low,0.53
2920-RNCEZ,Male,0,Yes,Yes,1,0-12,Month-to-month,Fiber optic,Credit card (automatic),69.95,69.95,No,0.5639,High,473.34
2541-YGPKE,Male,0,Yes,Yes,42,25-48,One year,DSL,Credit card (automatic),63.7,2763.35,No,0.0263,Low,20.1
8515-OCTJS,Female,0,No,No,25,25-48,Two year,No,Credit card (automatic),24.75,692.1,Yes,0.0242,Low,7.19
5382-TEMLV,Male,0,No,No,45,25-48,Month-to-month,DSL,Bank transfer (automatic),50.9,2298.55,No,0.0778,Low,47.52
3441-CGZJH,Female,0,Yes,Yes,43,25-48,One year,DSL,Credit card (automatic),60.4,2640.55,No,0.0662,Low,47.98
9592-ERDKV,Male,0,Yes,No,37,25-48,One year,DSL,Mailed check,79.25,2911.8,No,0.1026,Low,97.57
2860-RANUS,Female,1,No,No,20,13-24,Month-to-month,Fiber optic,Credit card (automatic),85.8,1727.5,Yes,0.618,High,636.29
5261-QSHQM,Female,0,No,No,4,0-12,Month-to-month,DSL,Electronic check,24.45,86.6,Yes,0.6196,High,181.79
4778-IZARL,Male,0,Yes,No,63,49+,Two year,Fiber optic,Credit card (automatic),110.1,6705.7,No,0.0435,Low,57.47
0432-CAJZV,Male,0,No,No,3,0-12,Month-to-month,Fiber optic,Mailed check,90.7,237.65,No,0.636,High,692.22
7008-LZVOZ,Male,0,Yes,Yes,66,49+,Two year,No,Credit card (automatic),25.3,1672.35,No,0.0046,Low,1.4
8868-WOZGU,Male,0,No,No,28,25-48,Month-to-month,Fiber optic,Electronic check,105.7,2979.5,Yes,0.6595,High,836.51
1200-TUZHR,Female,1,No,No,8,0-12,Month-to-month,Fiber optic,Electronic check,85.2,695.75,No,0.7142,High,730.2
9365-CSLBQ,Male,0,No,Yes,71,49+,Two year,No,Mailed check,24.35,1654.6,No,0.0028,Low,0.82
1334-FJSVR,Male,0,No,No,1,0-12,Month-to-month,DSL,Electronic check,24.25,24.25,Yes,0.6577,High,191.39
5884-FBCTL,Female,0,Yes,Yes,72,49+,Two year,No,Bank transfer (automatic),25.1,1857.85,No,0.0025,Low,0.75
7130-CTCUS,Male,1,Yes,No,16,13-24,Month-to-month,DSL,Bank transfer (automatic),54.55,825.1,No,0.2113,Low,138.32
6242-FEGFD,Male,0,Yes,No,66,49+,Two year,Fiber optic,Mailed check,96.6,6424.25,No,0.0225,Low,26.08
7625-XCQRH,Female,0,No,No,11,0-12,Month-to-month,Fiber optic,Electronic check,76.5,837.95,Yes,0.6818,High,625.89
6194-HBGQN,Male,0,No,No,51,49+,One year,DSL,Credit card (automatic),81.15,4126.2,No,0.0395,Low,38.47
7634-WSWDB,Female,0,No,Yes,8,0-12,Month-to-month,DSL,Electronic check,38.5,330.8,No,0.4851,Medium,224.12
6986-IXNDM,Male,0,No,No,14,13-24,Month-to-month,Fiber optic,Electronic check,92.9,1337.45,No,0.7031,High,783.82
1731-TVIUK,Female,0,No,No,4,0-12,Month-to-month,Fiber optic,Electronic check,93.5,362.2,Yes,0.6833,High,766.66
2987-BJXIK,Female,0,No,No,70,49+,Two year,DSL,Mailed check,84.7,5991.05,No,0.0173,Low,17.58
9769-TSBZE,Female,0,No,Yes,70,49+,Two year,DSL,Electronic check,66.0,4891.5,No,0.0065,Low,5.15
0406-BPDVR,Female,1,Yes,No,54,49+,One year,Fiber optic,Credit card (automatic),101.5,5373.1,Yes,0.2561,Low,311.93
0618-XWMSS,Male,0,No,Yes,28,25-48,Month-to-month,Fiber optic,Bank transfer (automatic),74.9,2068.55,Yes,0.2563,Low,230.36
1395-WSWXR,Male,0,No,No,24,13-24,Two year,No,Mailed check,20.75,487.05,No,0.0203,Low,5.05
6023-GSSXW,Female,0,Yes,No,69,49+,Two year,DSL,Credit card (automatic),61.45,4131.2,No,0.0145,Low,10.69
6752-APNJL,Male,0,Yes,Yes,42,25-48,Month-to-month,DSL,Mailed check,54.5,2301.15,No,0.0495,Low,32.37
5276-KQWHG,Female,1,No,No,2,0-12,Month-to-month,Fiber optic,Electronic check,69.6,131.65,Yes,0.7256,High,606.02
0420-HLGXF,Female,1,No,No,39,25-48,Month-to-month,Fiber optic,Electronic check,99.75,4036.0,No,0.6624,High,792.89
7446-KQISO,Male,0,Yes,Yes,45,25-48,Two year,Fiber optic,Bank transfer (automatic),109.75,4900.65,No,0.1125,Low,148.16
9823-EALYC,Male,0,Yes,Yes,72,49+,Two year,DSL,Bank transfer (automatic),80.85,5727.45,No,0.0088,Low,8.54
0582-AVCLN,Female,0,No,No,38,25-48,Two year,No,Mailed check,20.3,743.05,No,0.0107,Low,2.61
5803-NQJZO,Male,0,Yes,No,72,49+,Two year,DSL,Bank transfer (automatic),67.8,4804.65,No,0.0079,Low,6.43
2565-JSLRY,Male,0,No,No,1,0-12,Month-to-month,No,Mailed check,24.05,24.05,Yes,0.3221,Medium,92.96
2607-DHDAK,Male,0,Yes,Yes,72,49+,Two year,No,Credit card (automatic),19.8,1414.65,No,0.0025,Low,0.59
1073-XXCZD,Male,0,Yes,No,55,49+,Two year,No,Bank transfer (automatic),25.7,1443.65,No,0.0068,Low,2.1
0743-HRVFF,Female,0,Yes,Yes,51,49+,One year,DSL,Electronic check,56.15,2898.95,No,0.1021,Low,68.79
4006-HKYHO,Male,0,No,No,63,49+,Two year,DSL,Bank transfer (automatic),86.7,5309.5,No,0.0141,Low,14.67
3727-JEZTU,Female,0,No,No,1,0-12,Month-to-month,No,Mailed check,20.4,20.4,No,0.188,Low,46.02
8143-ETQTI,Female,0,Yes,Yes,23,13-24,Two year,No,Mailed check,19.65,451.55,No,0.0252,Low,5.94
6689-KXGBO,Female,0,No,No,1,0-12,Month-to-month,DSL,Electronic check,50.55,50.55,Yes,0.3737,Medium,226.69
9667-TKTVZ,Female,0,No,No,2,0-12,Month-to-month,DSL,Mailed check,54.35,117.05,No,0.4104,Medium,267.66
3657-COGMW,Female,1,No,No,52,49+,Month-to-month,Fiber optic,Credit card (automatic),108.1,5839.3,No,0.2866,Low,371.78
8570-KLJYJ,Female,0,No,No,36,25-48,One year,DSL,Mailed check,54.45,1893.5,No,0.0573,Low,37.44
7754-IXRMC,Female,0,No,No,1,0-12,Month-to-month,DSL,Mailed check,45.35,45.35,No,0.3452,Medium,187.86
9473-CBZOP,Female,0,No,No,28,25-48,One year,DSL,Mailed check,59.0,1654.45,No,0.0773,Low,54.73
2969-WGHQO,Female,0,Yes,Yes,7,0-12,One year,DSL,Electronic check,69.45,477.05,No,0.1369,Low,114.09
6615-NGGZJ,Male,0,No,No,14,13-24,Month-to-month,Fiber optic,Electronic check,100.55,1415.55,Yes,0.7424,High,895.78
4334-HOWRP,Male,1,Yes,No,72,49+,Two year,DSL,Credit card (automatic),64.95,4546.0,No,0.016,Low,12.47
4255-DDUOU,Female,0,Yes,Yes,1,0-12,Month-to-month,No,Mailed check,20.5,20.5,Yes,0.2141,Low,52.67
5863-OOKCL,Female,0,No,No,10,0-12,Month-to-month,No,Mailed check,18.85,163.2,No,0.1374,Low,31.08
1686-STUHN,Male,0,No,No,42,25-48,One year,No,Bank transfer (automatic),19.8,849.9,No,0.0166,Low,3.94
1329-VHWNP,Female,0,No,No,7,0-12,Month-to-month,DSL,Bank transfer (automatic),25.05,189.95,No,0.3984,Medium,119.76
2984-MIIZL,Male,0,No,No,4,0-12,Month-to-month,Fiber optic,Bank transfer (automatic),74.8,321.9,Yes,0.5897,High,529.31
0266-GMEAO,Male,0,Yes,Yes,72,49+,Two year,Fiber optic,Credit card (automatic),114.3,8058.55,No,0.0409,Low,56.1
5590-YRFJT,Female,0,Yes,No,20,13-24,Month-to-month,DSL,Electronic check,24.45,482.8,Yes,0.4486,Medium,131.62
5574-NXZIU,Male,0,No,No,63,49+,Two year,Fiber optic,Credit card (automatic),109.2,7049.75,No,0.033,Low,43.24
0019-GFNTW,Female,0,No,No,56,49+,Two year,DSL,Bank transfer (automatic),45.05,2560.1,No,0.0087,Low,4.7
4256-ZWTZI,Female,0,No,Yes,5,0-12,Month-to-month,DSL,Mailed check,51.0,286.8,No,0.2618,Low,160.22
8309-PPCED,Female,0,Yes,No,72,49+,Two year,Fiber optic,Bank transfer (automatic),110.45,7982.5,No,0.0727,Low,96.36
4098-NAUKP,Male,1,Yes,Yes,68,49+,Month-to-month,Fiber optic,Electronic check,84.65,5683.6,No,0.2288,Low,232.42
5196-WPYOW,Male,0,Yes,Yes,67,49+,One year,DSL,Mailed check,60.05,3994.05,No,0.0072,Low,5.19
4608-LCIMN,Male,0,Yes,Yes,8,0-12,Month-to-month,DSL,Bank transfer (automatic),44.65,369.15,No,0.2392,Low,128.16
1485-YDHMM,Male,0,Yes,Yes,52,49+,Month-to-month,Fiber optic,Bank transfer (automatic),93.25,4631.7,No,0.2241,Low,250.77
4054-CUMIA,Female,0,Yes,Yes,18,13-24,Month-to-month,No,Mailed check,20.25,401.95,No,0.1128,Low,27.41
0603-TPMIB,Female,0,Yes,Yes,59,49+,Two year,No,Mailed check,25.45,1534.05,No,0.0048,Low,1.47
2525-GVKQU,Female,0,No,No,60,49+,Two year,No,Mailed check,20.6,1093.0,No,0.0038,Low,0.94
8161-QYMTT,Male,0,No,No,7,0-12,Month-to-month,Fiber optic,Electronic check,94.1,701.3,No,0.8133,High,918.38
9581-GVBXT,Male,0,Yes,Yes,59,49+,One year,DSL,Mailed check,34.8,1980.3,No,0.02,Low,8.35
5862-BRIXZ,Male,0,No,No,46,25-48,Two year,DSL,Bank transfer (automatic),60.75,2893.4,No,0.0406,Low,29.6
5404-GGUKR,Male,0,No,No,5,0-12,Month-to-month,DSL,Electronic check,51.35,262.3,No,0.4251,Medium,261.95
3308-JSGML,Male,1,Yes,No,59,49+,Two year,DSL,Credit card (automatic),64.05,3886.85,No,0.0277,Low,21.29
2126-GSEGL,Female,0,Yes,No,70,49+,Two year,DSL,Bank transfer (automatic),84.8,5917.55,No,0.0243,Low,24.73
3677-TNKIO,Female,0,No,No,14,13-24,Month-to-month,Fiber optic,Credit card (automatic),71.0,914.0,Yes,0.4859,Medium,413.99
0440-QEXBZ,Female,0,No,No,44,25-48,Month-to-month,DSL,Mailed check,50.15,2139.1,No,0.1583,Low,95.26
2434-EEVDB,Female,0,Yes,No,64,49+,Two year,Fiber optic,Credit card (automatic),94.6,5948.7,No,0.0627,Low,71.18
6762-QVYJO,Female,0,Yes,Yes,58,49+,Two year,DSL,Mailed check,59.75,3624.35,No,0.0165,Low,11.83
6199-IWKGC,Female,1,Yes,No,46,25-48,One year,Fiber optic,Electronic check,100.25,4753.85,No,0.2858,Low,343.82
2675-DHUTR,Male,1,Yes,No,58,49+,Month-to-month,Fiber optic,Electronic check,98.9,5780.7,No,0.5111,High,606.57
8152-VETUR,Female,0,Yes,No,72,49+,Two year,Fiber optic,Credit card (automatic),97.7,6869.7,No,0.0886,Low,103.87
9667-EQRXU,Female,1,No,No,30,25-48,Month-to-month,DSL,Electronic check,40.3,1172.95,Yes,0.4311,Medium,208.48
7446-YPODE,Male,1,No,No,11,0-12,Month-to-month,DSL,Bank transfer (automatic),60.25,662.95,No,0.226,Low,163.4
9522-BNTHX,Female,1,No,No,34,25-48,Month-to-month,DSL,Electronic check,56.25,1765.95,No,0.4183,Medium,282.35
4676-WLUHT,Male,0,No,No,54,49+,Two year,DSL,Bank transfer (automatic),46.2,2431.95,No,0.0173,Low,9.59
3329-WDIOK,Female,0,No,No,3,0-12,Month-to-month,DSL,Electronic check,50.6,155.35,Yes,0.6867,High,416.96
7980-MHFLQ,Female,0,Yes,Yes,72,49+,Two year,No,Mailed check,24.9,1859.2,No,0.0027,Low,0.81
2873-ZLIWT,Female,0,Yes,Yes,40,25-48,Month-to-month,Fiber optic,Electronic check,84.85,3303.05,Yes,0.3295,Medium,335.5
3415-TAILE,Female,0,Yes,Yes,2,0-12,Month-to-month,DSL,Mailed check,65.7,134.35,Yes,0.3913,Medium,308.5
0757-WCUUZ,Male,0,Yes,Yes,54,49+,Two year,DSL,Credit card (automatic),63.35,3409.1,No,0.0245,Low,18.62
1629-DQQVB,Female,0,No,No,14,13-24,Month-to-month,DSL,Bank transfer (automatic),50.1,709.5,No,0.1626,Low,97.76
1915-IOFGU,Female,0,No,No,1,0-12,Month-to-month,Fiber optic,Electronic check,70.5,70.5,Yes,0.6148,High,520.12
3045-XETSH,Female,0,No,No,10,0-12,Month-to-month,Fiber optic,Electronic check,94.85,953.45,Yes,0.7092,High,807.21
0374-AACSZ,Female,0,No,No,1,0-12,Month-to-month,DSL,Electronic check,50.15,50.15,No,0.3204,Medium,192.82
7239-HZZCX,Male,0,No,No,1,0-12,Month-to-month,No,Mailed check,19.75,19.75,Yes,0.1945,Low,46.1
4872-VXRIL,Male,0,No,No,56,49+,One year,DSL,Bank transfer (automatic),64.65,3665.55,No,0.0253,Low,19.63
9140-CZQZZ,Female,0,Yes,No,68,49+,Two year,DSL,Bank transfer (automatic),79.6,5515.8,No,0.0128,Low,12.23
3423-HHXAO,Female,0,Yes,Yes,14,13-24,One year,No,Mailed check,19.5,272.0,No,0.071,Low,16.61
9938-TKDGL,Male,0,Yes,Yes,68,49+,Two year,Fiber optic,Electronic check,99.55,6668.0,No,0.0509,Low,60.81
0531-ZZJWQ,Male,1,Yes,No,55,49+,Month-to-month,Fiber optic,Electronic check,74.0,4052.4,No,0.3862,Medium,342.95
6537-QLGEX,Female,0,No,No,16,13-24,Month-to-month,DSL,Electronic check,38.9,664.4,No,0.457,Medium,213.33
2688-BHGOG,Male,1,No,No,9,0-12,Month-to-month,Fiber optic,Electronic check,79.55,718.55,No,0.7307,High,697.53
7683-CBDKJ,Male,0,Yes,Yes,14,13-24,Month-to-month,DSL,Electronic check,65.45,937.6,Yes,0.2723,Low,213.86
0946-CLJTI,Male,1,Yes,No,58,49+,Month-to-month,Fiber optic,Electronic check,98.7,5812.6,Yes,0.5485,High,649.64
3160-TYXLT,Male,0,No,No,53,49+,Month-to-month,DSL,Bank transfer (automatic),46.3,2546.85,No,0.0977,Low,54.28
1325-USMEC,Male,0,Yes,No,70,49+,Two year,Fiber optic,Credit card (automatic),99.35,6944.5,No,0.0507,Low,60.44
0916-QOFDP,Female,1,Yes,Yes,14,13-24,Month-to-month,Fiber optic,Electronic check,95.8,1346.3,No,0.7558,High,868.87
0628-CNQRM,Male,0,Yes,Yes,22,13-24,One year,DSL,Bank transfer (automatic),67.5,1544.05,Yes,0.0771,Low,62.45
5606-AMZBO,Female,0,Yes,No,10,0-12,Month-to-month,Fiber optic,Credit card (automatic),78.15,765.15,No,0.5198,High,487.47
6199-IPCAO,Female,0,Yes,Yes,29,25-48,Two year,No,Mailed check,26.1,692.55,No,0.0174,Low,5.45
7665-TOALD,Female,0,No,No,1,0-12,Month-to-month,Fiber optic,Electronic check,69.6,69.6,Yes,0.7037,High,587.73
0112-QWPNC,Male,0,Yes,No,49,49+,One year,DSL,Electronic check,84.35,4059.35,Yes,0.0702,Low,71.06
0324-BRPCJ,Female,1,Yes,No,68,49+,Month-to-month,Fiber optic,Electronic check,100.2,6851.65,Yes,0.4307,Medium,517.87
2777-PHDEI,Female,0,No,No,1,0-12,Month-to-month,Fiber optic,Electronic check,78.05,78.05,Yes,0.6827,High,639.42
5640-CAXOA,Female,0,No,No,30,25-48,One year,DSL,Credit card (automatic),40.35,1187.05,No,0.1335,Low,64.64
2235-EZAIK,Female,0,Yes,No,72,49+,Two year,DSL,Credit card (automatic),79.2,5401.9,No,0.0071,Low,6.75
3847-BAERP,Female,0,No,No,10,0-12,Month-to-month,No,Mailed check,20.9,247.0,No,0.1809,Low,45.37
1196-AMORA,Male,0,No,No,7,0-12,Month-to-month,Fiber optic,Electronic check,73.6,520.0,Yes,0.6529,High,576.64
4282-YMKNA,Female,0,No,No,9,0-12,Month-to-month,Fiber optic,Electronic check,74.75,706.6,Yes,0.7081,High,635.17
1453-RZFON,Female,0,No,Yes,1,0-12,Month-to-month,DSL,Mailed check,49.9,49.9,No,0.218,Low,130.54
8263-OKETD,Female,0,No,No,20,13-24,Month-to-month,DSL,Credit card (automatic),68.9,1370.35,No,0.2618,Low,216.46
0670-KDOMA,Female,0,No,No,1,0-12,Month-to-month,No,Mailed check,20.25,20.25,No,0.2519,Low,61.21
2476-YGEFM,Female,0,No,No,29,25-48,Month-to-month,Fiber optic,Credit card (automatic),76.0,2215.25,No,0.442,Medium,403.1
8687-BAFGU,Male,0,No,No,1,0-12,Month-to-month,Fiber optic,Electronic check,74.0,74.0,No,0.5406,High,480.05
0641-EVBOJ,Male,0,No,No,3,0-12,Month-to-month,Fiber optic,Mailed check,82.3,214.4,No,0.4088,Medium,403.73
0829-XXPLX,Female,0,No,No,20,13-24,Month-to-month,Fiber optic,Bank transfer (automatic),89.4,1871.15,No,0.4239,Medium,454.76
9974-JFBHQ,Male,0,No,Yes,64,49+,Month-to-month,Fiber optic,Credit card (automatic),99.15,6171.2,No,0.1622,Low,192.99
5356-RHIPP,Male,0,No,No,1,0-12,Month-to-month,No,Mailed check,20.2,20.2,Yes,0.2564,Low,62.15
6624-JDRDS,Female,0,No,No,6,0-12,Month-to-month,DSL,Bank transfer (automatic),29.45,161.45,No,0.3153,Medium,111.43
0608-JDVEC,Male,0,Yes,No,50,49+,Two year,No,Electronic check,19.8,1013.2,No,0.0089,Low,2.11
9780-FKVVF,Male,0,No,No,6,0-12,Month-to-month,DSL,Bank transfer (automatic),59.15,336.7,No,0.3368,Medium,239.06
1919-RTPQD,Male,0,Yes,Yes,7,0-12,Month-to-month,DSL,Electronic check,44.75,333.65,No,0.3242,Medium,174.1
5214-NLTIT,Male,0,Yes,Yes,72,49+,Two year,Fiber optic,Credit card (automatic),90.8,6511.8,No,0.0576,Low,62.76
3345-PBBFH,Male,0,Yes,No,8,0-12,Month-to-month,DSL,Bank transfer (automatic),49.55,393.45,No,0.3252,Medium,193.36
5055-BRMNE,Female,0,Yes,Yes,67,49+,Two year,Fiber optic,Credit card (automatic),106.7,7009.5,No,0.0327,Low,41.87
9189-JWSHV,Female,1,Yes,No,24,13-24,Month-to-month,Fiber optic,Electronic check,93.55,2264.05,Yes,0.7556,High,848.24
2190-PHBHR,Female,0,Yes,No,72,49+,Two year,Fiber optic,Credit card (automatic),94.45,6921.7,No,0.0465,Low,52.7
2650-GYRYL,Male,0,Yes,Yes,33,25-48,One year,No,Bank transfer (automatic),19.45,600.25,No,0.0291,Low,6.79
0746-JTRFU,Male,0,No,No,2,0-12,Month-to-month,DSL,Electronic check,25.05,56.35,Yes,0.6423,High,193.08
5208-FVQKB,Male,0,Yes,No,70,49+,Two year,DSL,Mailed check,67.95,4664.15,No,0.0062,Low,5.06
7184-LRUUR,Female,0,No,No,22,13-24,One year,DSL,Bank transfer (automatic),65.25,1441.8,No,0.1038,Low,81.28
6627-CFOSN,Female,0,No,No,59,49+,Month-to-month,Fiber optic,Bank transfer (automatic),99.45,5623.7,No,0.2112,Low,252.05
3982-JGSFD,Male,0,No,No,36,25-48,One year,No,Credit card (automatic),20.35,695.85,No,0.0296,Low,7.23
1574-DYCWE,Female,0,Yes,Yes,51,49+,Two year,No,Mailed check,19.95,1028.75,No,0.0049,Low,1.17
7247-XOZPB,Male,0,Yes,No,53,49+,One year,DSL,Bank transfer (automatic),77.4,4155.95,No,0.0304,Low,28.24
2466-FCCPT,Female,0,Yes,Yes,20,13-24,One year,No,Bank transfer (automatic),19.7,395.6,No,0.0356,Low,8.42
6211-WWLTF,Male,0,Yes,No,63,49+,Two year,Fiber optic,Credit card (automatic),99.7,6330.4,No,0.0482,Low,57.67
4826-TZEVA,Female,0,No,No,40,25-48,Month-to-month,Fiber optic,Credit card (automatic),74.8,2971.7,No,0.1959,Low,175.84
6016-NXBNJ,Male,0,No,No,35,25-48,One year,No,Mailed check,19.15,638.0,No,0.0353,Low,8.11
9138-EFSMO,Male,0,Yes,Yes,26,25-48,One year,Fiber optic,Bank transfer (automatic),78.95,2034.25,No,0.2063,Low,195.45
0576-WNXXC,Male,1,Yes,No,27,25-48,Month-to-month,Fiber optic,Electronic check,95.55,2510.2,Yes,0.6349,High,727.98
4632-XJMEX,Male,0,No,Yes,53,49+,One year,DSL,Credit card (automatic),62.85,3419.5,No,0.0103,Low,7.77
8910-LEDAG,Male,1,Yes,No,34,25-48,Month-to-month,Fiber optic,Credit card (automatic),71.55,2427.35,No,0.2847,Low,244.44
3452-GWUIN,Female,1,Yes,No,19,13-24,Month-to-month,Fiber optic,Electronic check,94.95,1760.25,No,0.7727,High,880.41
2716-GFZOR,Male,0,Yes,No,43,25-48,Month-to-month,Fiber optic,Credit card (automatic),86.1,3551.65,No,0.1788,Low,184.74
3724-UCSHY,Male,0,Yes,Yes,6,0-12,Month-to-month,No,Mailed check,19.55,122.9,No,0.1361,Low,31.93
8626-XHBIE,Male,0,No,Yes,56,49+,Two year,No,Mailed check,24.8,1424.2,No,0.008,Low,2.38
4628-CTTLA,Male,0,No,No,57,49+,Month-to-month,DSL,Electronic check,39.3,2111.45,Yes,0.1608,Low,75.83
3192-LNKRK,Male,0,Yes,Yes,34,25-48,Month-to-month,Fiber optic,Mailed check,84.05,2909.95,No,0.3902,Medium,393.56
4439-YRNVD,Female,0,No,No,10,0-12,Month-to-month,DSL,Electronic check,36.25,374.0,No,0.3261,Medium,141.85
2876-VBBBL,Female,0,No,No,1,0-12,Month-to-month,No,Mailed check,20.25,20.25,Yes,0.2519,Low,61.21
6834-NXDCA,Female,0,No,No,13,13-24,Month-to-month,DSL,Electronic check,23.9,300.8,Yes,0.525,High,150.57
2208-UGTGR,Male,0,No,No,56,49+,Month-to-month,Fiber optic,Electronic check,98.6,5581.05,No,0.395,Medium,467.36
3005-TYFRD,Female,0,Yes,No,55,49+,Month-to-month,Fiber optic,Credit card (automatic),103.65,5676.65,No,0.3911,Medium,486.45
8670-MEFCP,Female,0,Yes,Yes,36,25-48,Two year,DSL,Credit card (automatic),92.9,3379.25,No,0.0345,Low,38.46
3079-BCHLN,Male,0,Yes,No,47,25-48,One year,No,Bank transfer (automatic),19.9,942.95,No,0.0135,Low,3.22
7777-UNYHB,Female,0,Yes,Yes,12,0-12,Month-to-month,No,Credit card (automatic),20.1,232.4,No,0.1298,Low,31.31
5597-GLBUC,Female,0,No,No,1,0-12,Month-to-month,Fiber optic,Electronic check,85.45,85.45,Yes,0.7357,High,754.39
7278-CKDNC,Male,1,No,No,24,13-24,Month-to-month,Fiber optic,Electronic check,80.5,2088.45,No,0.6007,High,580.28
2748-MYRVK,Female,0,No,No,63,49+,One year,Fiber optic,Bank transfer (automatic),99.9,6137.0,Yes,0.1416,Low,169.75
8450-UYIBU,Female,1,No,No,35,25-48,Month-to-month,DSL,Electronic check,39.85,1434.6,No,0.3879,Medium,185.49
2969-VAPYH,Female,0,No,No,67,49+,One year,DSL,Credit card (automatic),60.5,3870.0,No,0.0074,Low,5.37
4822-YCXMX,Male,0,No,No,25,25-48,Month-to-month,Fiber optic,Electronic check,84.8,2043.45,Yes,0.6514,High,662.86
7181-OQCUT,Male,0,No,No,21,13-24,Month-to-month,Fiber optic,Mailed check,103.85,2215.0,No,0.4932,Medium,614.63
8474-UMLNT,Female,0,No,No,13,13-24,Month-to-month,DSL,Bank transfer (automatic),67.8,842.25,No,0.1396,Low,113.58
9821-POOTN,Male,0,Yes,No,35,25-48,Month-to-month,Fiber optic,Electronic check,75.2,2576.2,Yes,0.5075,High,457.97
3836-FZSDJ,Male,1,Yes,No,71,49+,Two year,No,Bank transfer (automatic),24.85,1901.0,No,0.004,Low,1.19
9142-XMYJH,Female,0,No,No,29,25-48,Month-to-month,No,Credit card (automatic),19.35,601.6,No,0.0564,Low,13.1
6559-ILWKJ,Male,0,Yes,No,71,49+,Two year,DSL,Electronic check,49.35,3515.25,Yes,0.0282,Low,16.7
0187-QSXOE,Male,1,Yes,No,7,0-12,Month-to-month,Fiber optic,Electronic check,89.0,605.45,No,0.7915,High,845.32
7733-UDMTP,Female,1,No,No,57,49+,Month-to-month,DSL,Electronic check,55.0,3094.05,No,0.2406,Low,158.8
2649-HWLYB,Male,0,Yes,No,65,49+,Two year,DSL,Bank transfer (automatic),76.15,4929.55,No,0.0107,Low,9.78
5214-CHIWJ,Male,0,No,No,27,25-48,One year,No,Mailed check,20.3,595.05,No,0.0349,Low,8.5
4229-CZMLL,Male,0,No,No,6,0-12,Month-to-month,Fiber optic,Electronic check,74.9,469.8,Yes,0.7314,High,657.38
6904-JLBGY,Female,1,No,No,72,49+,Two year,Fiber optic,Credit card (automatic),117.35,8436.25,No,0.0553,Low,77.87
2465-BLLEU,Male,0,No,No,1,0-12,Month-to-month,No,Mailed check,19.75,19.75,No,0.259,Low,61.38
1685-VAYJF,Male,0,No,No,11,0-12,Month-to-month,DSL,Credit card (automatic),45.2,492.0,No,0.2452,Low,133.0
8874-EJNSR,Male,0,Yes,Yes,39,25-48,Two year,No,Mailed check,25.2,987.95,No,0.0119,Low,3.6
6917-YACBP,Female,1,No,No,59,49+,Month-to-month,Fiber optic,Electronic check,89.75,5496.9,No,0.2592,Low,279.16
5049-MUBWG,Male,0,No,No,26,25-48,One year,DSL,Bank transfer (automatic),75.0,1908.35,No,0.0704,Low,63.36
4223-WOZCM,Male,1,No,No,2,0-12,Month-to-month,DSL,Mailed check,49.95,107.1,No,0.3683,Medium,220.76
0769-MURVM,Female,0,Yes,Yes,72,49+,Two year,DSL,Bank transfer (automatic),65.7,4575.35,No,0.0077,Low,6.07
9253-VIFJQ,Male,0,Yes,No,65,49+,One year,DSL,Credit card (automatic),67.05,4309.55,No,0.0166,Low,13.36
7030-FZTFM,Male,0,Yes,Yes,72,49+,Two year,Fiber optic,Credit card (automatic),110.9,7922.75,No,0.0399,Low,53.1
9741-YLNTD,Male,0,No,No,6,0-12,Month-to-month,Fiber optic,Bank transfer (automatic),87.95,522.35,No,0.6313,High,666.27
5917-RYRMG,Male,1,No,No,32,25-48,One year,No,Credit card (automatic),19.8,587.7,No,0.0287,Low,6.82
5120-ZBLAI,Female,0,Yes,No,50,49+,One year,DSL,Bank transfer (automatic),75.7,3876.2,No,0.0892,Low,81.03
1194-BHJYC,Male,0,Yes,No,61,49+,Two year,DSL,Mailed check,62.15,3778.85,No,0.0251,Low,18.72
3663-MITLP,Female,0,No,No,15,13-24,Month-to-month,Fiber optic,Electronic check,101.25,1457.25,Yes,0.6566,High,797.77
0906-QVPMS,Male,0,Yes,No,72,49+,Two year,Fiber optic,Bank transfer (automatic),115.15,8349.45,No,0.0381,Low,52.65
9025-ZRPVR,Male,0,No,No,9,0-12,Month-to-month,No,Mailed check,18.95,185.6,Yes,0.1991,Low,45.28
1905-OEILC,Female,0,No,No,1,0-12,Month-to-month,No,Mailed check,19.5,19.5,No,0.1922,Low,44.97
7858-GTZSP,Female,0,No,No,12,0-12,Month-to-month,Fiber optic,Electronic check,86.55,1066.9,No,0.7278,High,755.89
3285-UCQVC,Female,0,No,No,37,25-48,Month-to-month,DSL,Credit card (automatic),28.6,973.55,Yes,0.1085,Low,37.24
6248-BSHKG,Male,0,Yes,Yes,61,49+,One year,No,Mailed check,20.4,1226.45,No,0.0061,Low,1.49
4685-TFLLS,Male,0,Yes,Yes,18,13-24,One year,No,Bank transfer (automatic),19.8,342.3,No,0.0395,Low,9.39
3470-BTGQO,Male,0,No,Yes,21,13-24,Month-to-month,DSL,Mailed check,45.65,985.05,No,0.1614,Low,88.41
1209-VFFOC,Male,0,Yes,Yes,68,49+,Two year,DSL,Mailed check,56.4,3948.45,No,0.0102,Low,6.9
8224-DWCKX,Male,1,No,No,12,0-12,Month-to-month,Fiber optic,Credit card (automatic),73.3,828.05,No,0.6359,High,559.34
5482-PLVPE,Female,1,No,No,2,0-12,Month-to-month,DSL,Electronic check,24.35,41.85,Yes,0.5878,High,171.76
4553-DVPZG,Female,0,Yes,No,62,49+,Month-to-month,Fiber optic,Electronic check,101.35,6164.7,No,0.4566,Medium,555.32
4902-OHLSK,Female,1,No,No,29,25-48,Month-to-month,Fiber optic,Electronic check,98.65,2862.75,Yes,0.5606,High,663.64
6917-IAYHD,Male,0,No,Yes,1,0-12,Month-to-month,DSL,Mailed check,33.6,33.6,No,0.3144,Medium,126.77
0495-ZBNGW,Male,1,Yes,No,5,0-12,Month-to-month,Fiber optic,Bank transfer (automatic),79.9,343.95,Yes,0.6823,High,654.19
8620-RJPZN,Female,0,No,No,1,0-12,Month-to-month,No,Electronic check,20.7,20.7,No,0.2376,Low,59.02
7572-KPVKK,Male,0,No,Yes,62,49+,Two year,Fiber optic,Electronic check,104.05,6590.5,No,0.1214,Low,151.58
2642-MAWLJ,Female,0,Yes,Yes,36,25-48,Two year,No,Bank transfer (automatic),20.25,717.95,No,0.0089,Low,2.16
2357-COQEK,Female,1,No,No,28,25-48,Month-to-month,Fiber optic,Electronic check,103.3,2890.65,Yes,0.6547,High,811.57
7103-ZGVNT,Female,0,Yes,Yes,69,49+,One year,DSL,Credit card (automatic),73.7,4885.85,No,0.012,Low,10.61
3737-GCSPV,Female,0,Yes,No,11,0-12,Month-to-month,Fiber optic,Credit card (automatic),96.2,1222.05,Yes,0.4718,Medium,544.65
2027-WKXMW,Female,0,Yes,No,63,49+,Month-to-month,Fiber optic,Electronic check,108.75,6871.7,No,0.3689,Medium,481.41
7137-NAXML,Male,0,No,No,23,13-24,One year,No,Bank transfer (automatic),20.15,405.6,No,0.0379,Low,9.16
2428-ZMCTB,Male,0,No,No,10,0-12,Month-to-month,No,Credit card (automatic),19.75,208.25,No,0.1256,Low,29.77
2961-VNFKL,Female,0,Yes,No,71,49+,Two year,No,Credit card (automatic),25.95,1801.9,No,0.0045,Low,1.4
1768-HNVGJ,Female,1,No,No,45,25-48,Month-to-month,DSL,Electronic check,70.05,3062.45,No,0.1629,Low,136.93
6963-KQYQB,Female,0,Yes,Yes,70,49+,Two year,No,Mailed check,24.05,1764.75,No,0.003,Low,0.87
5934-RMPOV,Female,0,No,Yes,22,13-24,Month-to-month,Fiber optic,Electronic check,84.75,1816.75,No,0.6173,High,627.79
1207-BLKSA,Female,0,Yes,Yes,52,49+,Two year,No,Mailed check,23.05,1255.1,No,0.0069,Low,1.91
4088-YLDSU,Male,0,Yes,No,55,49+,One year,Fiber optic,Electronic check,104.15,5743.05,Yes,0.2882,Low,360.19
8316-BBQAY,Female,0,No,No,65,49+,Two year,DSL,Credit card (automatic),59.95,3921.1,No,0.0136,Low,9.78
1166-PQLGG,Female,0,Yes,Yes,72,49+,Two year,No,Bank transfer (automatic),19.55,1463.45,No,0.0018,Low,0.42
3146-JTQHR,Male,0,Yes,No,10,0-12,One year,No,Bank transfer (automatic),19.6,189.45,No,0.0698,Low,16.42
4291-YZODP,Female,0,No,Yes,7,0-12,One year,No,Mailed check,20.05,96.8,No,0.065,Low,15.64
4395-PZMSN,Male,1,No,No,5,0-12,Month-to-month,Fiber optic,Electronic check,85.55,408.5,No,0.7153,High,734.33
6427-FEFIG,Female,0,Yes,Yes,24,13-24,Two year,DSL,Credit card (automatic),78.6,1846.65,No,0.0595,Low,56.12
0017-IUDMW,Female,0,Yes,Yes,72,49+,Two year,Fiber optic,Credit card (automatic),116.8,8456.75,No,0.0405,Low,56.76
8706-HRADD,Male,0,No,No,21,13-24,Month-to-month,DSL,Mailed check,43.55,1011.5,No,0.2703,Low,141.26
9955-QOPOY,Male,0,Yes,No,69,49+,One year,DSL,Credit card (automatic),60.8,4263.4,No,0.0429,Low,31.3
4385-ZKVNW,Male,0,Yes,Yes,44,25-48,Month-to-month,DSL,Bank transfer (automatic),54.9,2549.1,No,0.065,Low,42.82
5446-DKWYW,Female,1,Yes,Yes,61,49+,One year,DSL,Electronic check,65.2,3965.05,No,0.0837,Low,65.49
2034-CGRHZ,Male,1,No,No,24,13-24,Month-to-month,Fiber optic,Credit card (automatic),102.95,2496.7,Yes,0.6378,High,787.94
5797-APWZC,Female,0,No,No,1,0-12,Month-to-month,Fiber optic,Electronic check,90.6,90.6,Yes,0.7136,High,775.83
3683-QKIUE,Female,0,No,No,6,0-12,Month-to-month,DSL,Bank transfer (automatic),50.8,288.05,Yes,0.2827,Low,172.33
4228-ZGYUW,Male,0,No,No,4,0-12,Month-to-month,Fiber optic,Electronic check,90.05,368.1,Yes,0.7537,High,814.45
9031-ZVQPT,Male,0,Yes,No,72,49+,Two year,Fiber optic,Electronic check,108.2,7840.6,No,0.1087,Low,141.14
2990-IAJSV,Male,0,No,No,72,49+,Two year,DSL,Bank transfer (automatic),92.0,6632.75,No,0.0111,Low,12.25
8107-KNCIM,Male,1,Yes,No,14,13-24,Month-to-month,Fiber optic,Electronic check,75.1,1013.35,No,0.707,High,637.15
9027-YFHQJ,Male,0,No,No,7,0-12,Month-to-month,No,Bank transfer (automatic),25.05,152.95,No,0.2452,Low,73.71
5176-LDKUH,Female,0,No,No,48,25-48,One year,Fiber optic,Electronic check,75.15,3772.65,No,0.1264,Low,113.99
4644-OBGFZ,Male,0,Yes,Yes,55,49+,One year,No,Mailed check,19.5,1026.35,No,0.0081,Low,1.9
7926-IJOOU,Male,0,No,No,1,0-12,Month-to-month,No,Credit card (automatic),19.3,19.3,No,0.18,Low,41.69
6480-YAGIY,Male,0,No,No,45,25-48,One year,Fiber optic,Credit card (automatic),112.2,5031.85,No,0.0871,Low,117.27
4029-HPFVY,Male,0,No,No,3,0-12,Month-to-month,Fiber optic,Mailed check,70.3,220.4,No,0.6207,High,523.62
7602-DBTOU,Female,0,Yes,No,71,49+,Two year,No,Mailed check,19.6,1416.5,No,0.0025,Low,0.59
5345-BMKWB,Male,0,Yes,No,8,0-12,Month-to-month,No,Mailed check,20.25,158.35,No,0.1498,Low,36.4
3519-ZKXGG,Female,0,Yes,No,3,0-12,Month-to-month,Fiber optic,Electronic check,75.85,256.6,Yes,0.7455,High,678.55
5457-COLHT,Male,0,Yes,Yes,69,49+,Two year,DSL,Bank transfer (automatic),80.65,5542.55,No,0.0067,Low,6.48
6416-TVAIH,Male,0,Yes,Yes,1,0-12,Month-to-month,Fiber optic,Electronic check,68.5,68.5,Yes,0.6717,High,552.14
5451-YHYPW,Female,1,Yes,No,72,49+,Two year,Fiber optic,Credit card (automatic),115.75,8443.7,No,0.0592,Low,82.23
5108-ADXWO,Male,0,No,No,11,0-12,Month-to-month,Fiber optic,Electronic check,73.5,791.75,Yes,0.5387,High,475.13
7998-WNZEM,Male,0,No,No,71,49+,Two year,DSL,Bank transfer (automatic),80.6,5708.2,No,0.0079,Low,7.64
3066-RRJIO,Female,0,No,No,1,0-12,Month-to-month,Fiber optic,Mailed check,69.95,69.95,Yes,0.6337,High,531.93
4664-NJCMS,Female,0,Yes,No,33,25-48,Two year,DSL,Bank transfer (automatic),59.55,2016.3,No,0.0457,Low,32.66
0307-BCOPK,Female,0,No,No,16,13-24,One year,No,Mailed check,19.05,326.65,No,0.0567,Low,12.96
7629-WFGLW,Female,1,Yes,No,56,49+,One year,Fiber optic,Electronic check,95.65,5471.75,No,0.0865,Low,99.28
2542-HYGIQ,Female,0,No,No,1,0-12,Month-to-month,No,Credit card (automatic),19.95,19.95,No,0.1739,Low,41.63
6715-OFDBP,Male,0,No,No,5,0-12,Month-to-month,DSL,Electronic check,70.05,346.4,Yes,0.5836,High,490.57
5016-LIPDW,Male,0,Yes,Yes,57,49+,One year,No,Mailed check,19.4,1061.6,No,0.0074,Low,1.72
6481-LXPWL,Male,0,Yes,Yes,56,49+,One year,DSL,Credit card (automatic),36.1,1971.5,No,0.0365,Low,15.81
1567-DSCIC,Male,0,No,No,8,0-12,Month-to-month,Fiber optic,Electronic check,94.0,773.65,Yes,0.7311,High,824.68
2150-UWTFY,Female,0,Yes,Yes,22,13-24,Month-to-month,DSL,Mailed check,61.15,1422.05,Yes,0.0945,Low,69.34
6124-ACRHJ,Female,0,No,No,1,0-12,Month-to-month,No,Mailed check,19.75,19.75,No,0.191,Low,45.27
9362-MWODR,Female,0,No,Yes,40,25-48,Month-to-month,DSL,Credit card (automatic),64.1,2460.35,No,0.0716,Low,55.07
9975-GPKZU,Male,0,Yes,Yes,46,25-48,Two year,No,Credit card (automatic),19.75,856.5,No,0.0056,Low,1.33
9625-RZFUK,Male,0,Yes,Yes,63,49+,Two year,No,Mailed check,19.7,1275.85,No,0.0029,Low,0.69
5153-LXKDT,Male,0,Yes,Yes,68,49+,Two year,Fiber optic,Electronic check,110.2,7467.5,No,0.089,Low,117.69
5161-UBZXI,Male,0,Yes,Yes,69,49+,Two year,Fiber optic,Credit card (automatic),106.35,7261.75,No,0.0296,Low,37.78
1020-JPQOW,Female,0,Yes,No,56,49+,Month-to-month,Fiber optic,Electronic check,90.55,5116.6,No,0.1901,Low,206.56
7919-ZODZZ,Female,0,Yes,Yes,10,0-12,One year,DSL,Mailed check,65.9,660.05,No,0.1815,Low,143.53
0565-JUPYD,Male,0,No,No,63,49+,One year,Fiber optic,Credit card (automatic),104.5,6590.8,No,0.0596,Low,74.74
6867-ACCZI,Female,0,Yes,Yes,24,13-24,Two year,DSL,Mailed check,52.5,1208.15,No,0.0529,Low,33.33
5939-XAIXZ,Female,0,No,No,19,13-24,Month-to-month,DSL,Mailed check,56.1,1033.9,No,0.3247,Medium,218.59
9054-FOWNV,Male,0,Yes,Yes,22,13-24,Month-to-month,Fiber optic,Electronic check,88.75,1885.15,No,0.6288,High,669.67
2683-BPJSO,Male,0,Yes,No,29,25-48,Month-to-month,Fiber optic,Electronic check,84.45,2467.1,Yes,0.4321,Medium,437.89
2157-MXBJS,Male,0,Yes,No,13,13-24,One year,DSL,Mailed check,75.3,989.45,Yes,0.3473,Medium,313.82
8207-VVMYB,Female,0,Yes,No,70,49+,Two year,No,Bank transfer (automatic),26.0,2006.95,No,0.0051,Low,1.59
9732-EQMWY,Female,0,Yes,No,49,49+,Month-to-month,Fiber optic,Electronic check,99.4,5025.0,No,0.3658,Medium,436.33
9360-AHGNL,Female,1,Yes,No,43,25-48,One year,Fiber optic,Mailed check,109.55,4830.25,Yes,0.2443,Low,321.16
1087-UDSIH,Female,0,No,No,3,0-12,Month-to-month,No,Mailed check,19.6,59.75,Yes,0.2386,Low,56.12
5269-NRGDP,Male,0,Yes,Yes,42,25-48,One year,DSL,Electronic check,73.15,3088.25,No,0.0759,Low,66.63
6195-MELTI,Male,0,No,No,57,49+,One year,DSL,Mailed check,54.65,3134.7,No,0.0265,Low,17.38
5485-WUYWF,Male,1,No,No,2,0-12,Month-to-month,DSL,Bank transfer (automatic),66.4,94.55,Yes,0.2959,Low,235.77
2121-JAFOM,Female,0,Yes,No,72,49+,Two year,Fiber optic,Credit card (automatic),115.55,8312.4,No,0.0506,Low,70.16
8818-DOPVL,Female,1,No,No,46,25-48,Month-to-month,Fiber optic,Electronic check,104.45,4863.85,No,0.5841,High,732.11
2632-UCGVD,Male,1,Yes,No,66,49+,Month-to-month,Fiber optic,Credit card (automatic),100.05,6871.9,Yes,0.3191,Medium,383.11
5445-PZWGX,Male,0,No,No,62,49+,One year,Fiber optic,Electronic check,102.0,6529.25,Yes,0.0877,Low,107.34
1227-UDMZR,Female,0,Yes,No,72,49+,Two year,DSL,Bank transfer (automatic),91.15,6637.9,No,0.0164,Low,17.94
5198-HQAEN,Male,0,Yes,Yes,35,25-48,One year,Fiber optic,Electronic check,89.7,3165.6,No,0.2033,Low,218.83
9170-CCKOU,Male,0,Yes,No,17,13-24,Month-to-month,Fiber optic,Credit card (automatic),90.2,1454.15,Yes,0.3214,Medium,347.88
2167-FQSTQ,Female,0,Yes,No,72,49+,Two year,DSL,Electronic check,92.4,6786.1,No,0.0237,Low,26.28
2819-GWENI,Female,0,Yes,Yes,28,25-48,One year,No,Mailed check,19.9,543.0,No,0.0267,Low,6.38
1043-YCUTE,Male,0,Yes,No,56,49+,Two year,No,Credit card (automatic),25.15,1327.15,Yes,0.0089,Low,2.69
3814-MLAXC,Female,0,No,No,31,25-48,Month-to-month,Fiber optic,Credit card (automatic),79.85,2404.15,Yes,0.3476,Medium,333.07
3572-UUHRS,Male,0,No,No,45,25-48,One year,No,Bank transfer (automatic),18.85,867.3,No,0.0148,Low,3.35
2692-PFYTJ,Female,0,No,No,1,0-12,Month-to-month,No,Mailed check,25.75,25.75,No,0.3063,Medium,94.65
1226-UDFZR,Female,0,No,No,2,0-12,Month-to-month,DSL,Mailed check,49.6,114.7,Yes,0.3871,Medium,230.4
5955-EPOAZ,Female,0,No,No,6,0-12,Month-to-month,No,Mailed check,20.95,109.5,No,0.2073,Low,52.12
6821-JPCDC,Female,0,Yes,No,48,25-48,One year,Fiber optic,Electronic check,97.05,4692.95,No,0.3024,Medium,352.18
8815-LMFLX,Male,0,Yes,Yes,25,25-48,Month-to-month,No,Bank transfer (automatic),25.4,546.85,No,0.1037,Low,31.61
9135-HSWOC,Male,0,Yes,Yes,64,49+,Two year,No,Bank transfer (automatic),19.7,1274.05,No,0.0037,Low,0.87
8582-KRHPJ,Male,0,No,No,50,49+,Month-to-month,DSL,Mailed check,35.0,1782.4,No,0.0871,Low,36.58
5811-IWXYM,Female,0,Yes,Yes,52,49+,One year,Fiber optic,Bank transfer (automatic),101.25,5301.1,No,0.1757,Low,213.48
7044-YAACC,Male,1,Yes,No,4,0-12,Month-to-month,Fiber optic,Electronic check,70.2,280.35,No,0.7173,High,604.25
8189-XRIKE,Female,1,No,No,32,25-48,Month-to-month,Fiber optic,Electronic check,90.95,2897.95,No,0.5297,High,578.11
1506-YJTYT,Male,0,Yes,Yes,45,25-48,Two year,DSL,Credit card (automatic),73.85,3371.0,No,0.0149,Low,13.2
4123-DVHPH,Male,0,Yes,No,9,0-12,Month-to-month,Fiber optic,Electronic check,88.05,801.3,No,0.69,High,729.05
6425-YQLLO,Female,1,Yes,No,66,49+,One year,Fiber optic,Credit card (automatic),105.95,6975.25,Yes,0.1782,Low,226.56
5442-UTCVD,Male,0,No,Yes,3,0-12,Month-to-month,Fiber optic,Electronic check,91.85,257.05,Yes,0.6523,High,718.97
2228-BZDEE,Female,0,No,No,54,49+,Two year,No,Mailed check,20.1,1079.45,No,0.0052,Low,1.25
7734-DBOAI,Female,0,Yes,Yes,1,0-12,Month-to-month,DSL,Electronic check,40.1,40.1,Yes,0.4705,Medium,226.4
2789-CZANW,Female,0,Yes,Yes,64,49+,Two year,Fiber optic,Bank transfer (automatic),110.3,6997.3,No,0.0341,Low,45.13
2091-RFFBA,Female,1,No,No,31,25-48,Month-to-month,Fiber optic,Electronic check,73.9,2217.15,Yes,0.5719,High,507.16
2114-MGINA,Female,0,No,No,14,13-24,Month-to-month,Fiber optic,Mailed check,89.8,1129.1,Yes,0.6413,High,691.06
7596-LDUXP,Female,0,No,No,12,0-12,One year,Fiber optic,Credit card (automatic),85.15,979.05,No,0.3053,Medium,311.96
3740-RLMVT,Male,1,Yes,No,67,49+,One year,DSL,Bank transfer (automatic),60.95,4119.4,No,0.0139,Low,10.17
4489-SNOJF,Female,0,Yes,Yes,35,25-48,Month-to-month,DSL,Electronic check,72.25,2568.55,Yes,0.128,Low,110.98
2192-OZITF,Female,0,No,No,45,25-48,Two year,DSL,Mailed check,73.55,3349.1,No,0.0204,Low,18.01
5651-CPDND,Male,0,No,No,10,0-12,Month-to-month,DSL,Mailed check,46.0,492.1,No,0.2709,Low,149.54
2186-QZEYA,Female,1,No,No,29,25-48,Month-to-month,DSL,Bank transfer (automatic),58.55,1718.95,No,0.1827,Low,128.37
1131-ALZWV,Female,0,No,No,24,13-24,One year,No,Bank transfer (automatic),24.6,605.25,No,0.0493,Low,14.55
7729-XBTWX,Male,0,Yes,Yes,66,49+,Two year,No,Mailed check,19.75,1344.5,No,0.0037,Low,0.88
9134-WYRVP,Male,0,No,No,51,49+,One year,Fiber optic,Mailed check,86.35,4267.15,No,0.0895,Low,92.74
3284-SVCRO,Female,0,Yes,No,45,25-48,Two year,No,Mailed check,25.5,1121.05,No,0.011,Low,3.37
9732-OUYRN,Female,0,Yes,No,49,49+,One year,No,Credit card (automatic),19.0,918.7,No,0.0118,Low,2.69
0559-CKHUS,Female,0,Yes,No,29,25-48,Two year,No,Mailed check,19.55,521.8,No,0.0238,Low,5.58
2931-SVLTV,Male,0,Yes,Yes,40,25-48,Month-to-month,Fiber optic,Credit card (automatic),110.1,4469.1,No,0.2756,Low,364.12
6899-PPEEA,Female,1,No,No,37,25-48,Month-to-month,Fiber optic,Electronic check,96.55,3580.3,Yes,0.6588,High,763.29
7504-UWHNB,Male,0,No,No,25,25-48,Month-to-month,Fiber optic,Electronic check,69.75,1729.35,No,0.4204,Medium,351.87
2582-FFFZR,Female,0,No,No,22,13-24,Month-to-month,DSL,Electronic check,50.6,1073.3,No,0.5429,High,329.65
8908-NMQTX,Male,0,No,No,72,49+,Two year,DSL,Bank transfer (automatic),65.6,4566.5,No,0.0138,Low,10.86
2187-LZGPL,Female,0,No,No,7,0-12,Month-to-month,DSL,Credit card (automatic),40.1,293.3,Yes,0.4981,Medium,239.69
1431-AIDJQ,Male,0,Yes,Yes,33,25-48,Two year,DSL,Credit card (automatic),82.1,2603.1,No,0.0282,Low,27.78
6288-LBEAR,Female,0,No,No,23,13-24,Month-to-month,Fiber optic,Mailed check,79.1,1783.75,No,0.3322,Medium,315.32
4597-NUCQV,Male,1,No,No,24,13-24,Month-to-month,Fiber optic,Electronic check,101.25,2440.15,Yes,0.7127,High,865.93
9019-QVLZD,Female,0,No,No,1,0-12,Month-to-month,Fiber optic,Electronic check,79.55,79.55,Yes,0.6728,High,642.25
8413-YNHNV,Male,0,No,No,69,49+,Two year,DSL,Mailed check,90.65,6322.1,No,0.0135,Low,14.69
5808-TOTXO,Female,0,No,Yes,3,0-12,One year,No,Credit card (automatic),20.55,57.4,No,0.0973,Low,23.99
4369-NYSCF,Male,0,No,No,56,49+,One year,DSL,Bank transfer (automatic),75.75,4284.65,No,0.0493,Low,44.81
6333-YDVLT,Male,0,No,No,65,49+,One year,Fiber optic,Credit card (automatic),110.0,7138.65,No,0.1212,Low,159.98
5324-KTGCG,Male,0,Yes,No,71,49+,One year,No,Electronic check,20.85,1539.75,No,0.0066,Low,1.65
5599-HVLTW,Female,1,No,No,14,13-24,Month-to-month,Fiber optic,Bank transfer (automatic),80.35,1058.1,No,0.6022,High,580.64
7394-LWLYN,Female,0,No,No,2,0-12,Month-to-month,Fiber optic,Electronic check,70.15,123.8,No,0.6922,High,582.69
3707-LRWZD,Female,0,No,No,32,25-48,One year,Fiber optic,Electronic check,84.05,2781.85,Yes,0.3468,Medium,349.78
6873-UDNLD,Male,0,No,No,40,25-48,Month-to-month,DSL,Electronic check,67.45,2731.0,No,0.1216,Low,98.42
2700-LUEVA,Male,0,No,No,1,0-12,Month-to-month,No,Credit card (automatic),20.75,20.75,No,0.1736,Low,43.23
1455-ESIQH,Male,0,No,No,1,0-12,Month-to-month,Fiber optic,Electronic check,89.1,89.1,Yes,0.7943,High,849.27
0958-YHXGP,Female,0,No,No,7,0-12,Month-to-month,Fiber optic,Mailed check,69.9,497.3,No,0.5851,High,490.78
1101-SSWAG,Female,0,Yes,No,15,13-24,Month-to-month,DSL,Electronic check,51.1,711.15,No,0.4418,Medium,270.91
2979-SXESE,Female,0,Yes,Yes,17,13-24,Month-to-month,Fiber optic,Electronic check,94.4,1607.2,Yes,0.4696,Medium,531.96
4013-TLDHQ,Male,0,No,No,19,13-24,Month-to-month,Fiber optic,Electronic check,78.25,1490.95,Yes,0.531,High,498.61
5743-KHMNA,Male,0,No,No,71,49+,Two year,No,Bank transfer (automatic),25.55,1898.1,No,0.0033,Low,1.01
4194-FJARJ,Female,0,Yes,Yes,54,49+,Two year,DSL,Bank transfer (automatic),60.0,3273.95,No,0.0087,Low,6.26
5325-UWTWJ,Male,0,Yes,No,31,25-48,Month-to-month,Fiber optic,Credit card (automatic),90.55,2929.75,No,0.2513,Low,273.06
3969-GYXEL,Female,0,No,No,11,0-12,Month-to-month,Fiber optic,Electronic check,76.4,838.7,No,0.4218,Medium,386.71
9208-OLGAQ,Female,1,No,No,18,13-24,Month-to-month,Fiber optic,Electronic check,84.95,1443.65,No,0.6532,High,665.87
3244-CQPHU,Female,1,No,No,72,49+,Two year,Fiber optic,Bank transfer (automatic),110.1,7746.7,No,0.0546,Low,72.14
2674-MLXMN,Female,1,No,No,71,49+,Month-to-month,Fiber optic,Credit card (automatic),99.65,6951.15,No,0.3041,Medium,363.64
9708-HPXWZ,Male,1,No,No,5,0-12,Month-to-month,DSL,Credit card (automatic),45.4,214.75,No,0.4073,Medium,221.9
6992-TKNYO,Male,0,Yes,No,38,25-48,One year,DSL,Credit card (automatic),69.0,2669.45,No,0.0728,Low,60.28
4468-YDOVK,Male,0,No,Yes,5,0-12,Month-to-month,DSL,Bank transfer (automatic),48.65,235.2,No,0.2629,Low,153.48
3754-DXMRT,Male,1,No,No,2,0-12,Month-to-month,DSL,Electronic check,44.15,92.65,Yes,0.5497,High,291.23
5792-JALQC,Female,1,No,No,52,49+,Two year,DSL,Bank transfer (automatic),59.85,3103.25,No,0.0182,Low,13.07
7130-VTEWQ,Female,1,No,No,8,0-12,Month-to-month,Fiber optic,Electronic check,75.75,606.25,Yes,0.7364,High,669.39
2200-DSAAL,Female,0,No,No,68,49+,Two year,DSL,Electronic check,80.65,5330.2,No,0.0468,Low,45.29
4302-ZYFEL,Male,0,Yes,Yes,69,49+,One year,No,Credit card (automatic),20.55,1403.1,No,0.0055,Low,1.36
9351-LZYGF,Female,0,Yes,No,42,25-48,Month-to-month,DSL,Credit card (automatic),66.4,2727.8,No,0.0731,Low,58.25
4366-CTOUZ,Female,0,No,No,50,49+,Two year,Fiber optic,Mailed check,100.2,5038.45,No,0.0924,Low,111.1
6121-VZNQB,Female,0,No,No,1,0-12,Month-to-month,No,Mailed check,19.1,19.1,Yes,0.2586,Low,59.27
7903-CMPEY,Male,1,Yes,No,1,0-12,Month-to-month,Fiber optic,Electronic check,80.3,80.3,Yes,0.7095,High,683.67
1518-OMDIK,Male,0,Yes,No,33,25-48,Month-to-month,DSL,Credit card (automatic),44.55,1462.6,No,0.1679,Low,89.76
6671-NGWON,Female,0,No,No,7,0-12,Month-to-month,No,Mailed check,20.35,150.6,No,0.15,Low,36.63
0595-ITUDF,Male,0,Yes,Yes,64,49+,Month-to-month,Fiber optic,Electronic check,91.8,5960.5,No,0.17,Low,187.27
6996-KNSML,Female,0,No,No,1,0-12,Month-to-month,Fiber optic,Electronic check,74.9,74.9,Yes,0.6934,High,623.23
1955-IBMMB,Male,0,No,No,59,49+,Two year,No,Bank transfer (automatic),20.2,1192.3,No,0.0057,Low,1.38
0096-BXERS,Female,0,Yes,No,6,0-12,Month-to-month,DSL,Electronic check,50.35,314.55,No,0.4457,Medium,269.29
3806-YAZOV,Female,0,No,No,3,0-12,Month-to-month,No,Mailed check,18.8,56.0,No,0.1814,Low,40.92
7998-ZLXWN,Female,0,Yes,No,15,13-24,Month-to-month,No,Credit card (automatic),20.45,330.8,No,0.101,Low,24.79
6253-WRFHY,Male,0,Yes,Yes,13,13-24,One year,DSL,Electronic check,64.75,877.35,No,0.3094,Medium,240.4
9133-AYJZG,Female,0,No,No,23,13-24,Month-to-month,Fiber optic,Credit card (automatic),98.7,2249.1,No,0.6017,High,712.65
2675-OTVVJ,Male,1,Yes,No,31,25-48,Month-to-month,Fiber optic,Electronic check,89.45,2807.65,No,0.4691,Medium,503.53
8680-CGLTP,Male,0,No,No,29,25-48,One year,DSL,Electronic check,58.75,1696.2,No,0.0686,Low,48.36
8430-TWCBX,Female,0,Yes,No,49,49+,One year,No,Credit card (automatic),20.7,1032.05,No,0.0115,Low,2.86
5018-GWURO,Female,0,Yes,No,56,49+,Month-to-month,Fiber optic,Bank transfer (automatic),85.6,4902.8,No,0.3322,Medium,341.24
6741-QRLUP,Female,0,No,No,63,49+,Two year,DSL,Credit card (automatic),80.3,4995.35,No,0.0139,Low,13.39
4737-HOBAX,Male,0,Yes,No,63,49+,Two year,DSL,Credit card (automatic),79.8,5034.05,No,0.0232,Low,22.22
0537-QYZZN,Male,1,Yes,Yes,24,13-24,Month-to-month,Fiber optic,Electronic check,79.85,1857.75,No,0.4809,Medium,460.8
3340-QBBFM,Male,1,Yes,No,36,25-48,One year,DSL,Credit card (automatic),54.1,1992.85,No,0.0491,Low,31.88
1704-NRWYE,Female,1,No,No,9,0-12,Month-to-month,Fiber optic,Electronic check,80.85,751.65,Yes,0.7199,High,698.45
2592-SEIFQ,Male,0,No,No,3,0-12,Month-to-month,DSL,Electronic check,24.75,66.95,Yes,0.544,High,161.57
8200-KLNYW,Female,0,Yes,No,21,13-24,One year,DSL,Mailed check,80.9,1714.95,No,0.0859,Low,83.39
3372-CDXFJ,Male,0,Yes,Yes,13,13-24,One year,No,Bank transfer (automatic),24.5,343.6,No,0.0663,Low,19.49
4781-ZXYGU,Male,0,Yes,Yes,1,0-12,Month-to-month,No,Bank transfer (automatic),20.15,20.15,No,0.2067,Low,49.98
7632-YUTXB,Female,0,Yes,Yes,25,25-48,One year,No,Mailed check,20.05,520.1,No,0.0306,Low,7.36
2718-YSKCS,Male,0,Yes,Yes,71,49+,Two year,No,Bank transfer (automatic),19.6,1387.45,No,0.0027,Low,0.64
9896-UYMIE,Male,0,No,No,66,49+,One year,Fiber optic,Bank transfer (automatic),114.3,7383.7,No,0.109,Low,149.5
0853-NWIFK,Female,0,No,No,45,25-48,One year,Fiber optic,Electronic check,100.3,4483.95,No,0.2249,Low,270.69
8212-CRQXP,Female,0,Yes,No,22,13-24,Month-to-month,Fiber optic,Credit card (automatic),80.0,1706.45,No,0.4985,Medium,478.56
6980-CDGFC,Female,0,Yes,No,67,49+,One year,No,Bank transfer (automatic),20.85,1327.4,No,0.0075,Low,1.88
7691-XVTZH,Female,0,Yes,No,68,49+,Two year,Fiber optic,Bank transfer (automatic),89.95,5974.3,No,0.0792,Low,85.49
2520-SGTTA,Female,0,Yes,Yes,0,0-12,Two year,No,Mailed check,20.0,0.0,No,0.0483,Low,11.59
7481-ATQQS,Female,1,No,No,49,49+,Month-to-month,Fiber optic,Credit card (automatic),90.85,4515.85,Yes,0.4033,Medium,439.68
2277-VWCNI,Female,1,No,No,4,0-12,Month-to-month,DSL,Mailed check,48.75,179.85,No,0.4296,Medium,251.32
1088-CNNKB,Male,0,Yes,No,63,49+,One year,DSL,Credit card (automatic),80.0,5040.2,No,0.0198,Low,19.01
8642-GVWRF,Female,0,Yes,No,2,0-12,Month-to-month,Fiber optic,Bank transfer (automatic),79.7,165.0,Yes,0.4706,Medium,450.08
1930-BZLHI,Male,0,No,No,21,13-24,One year,No,Mailed check,20.35,422.7,No,0.0637,Low,15.56
3400-ESFUW,Male,0,Yes,Yes,55,49+,Two year,DSL,Bank transfer (automatic),57.55,3046.4,Yes,0.0055,Low,3.8
5868-YTYKS,Male,0,No,Yes,1,0-12,Month-to-month,No,Mailed check,20.25,20.25,No,0.2154,Low,52.34
3525-DVKFN,Female,0,No,No,17,13-24,Two year,No,Mailed check,19.4,358.05,No,0.0284,Low,6.61
1482-OXZSY,Male,0,No,No,30,25-48,Month-to-month,Fiber optic,Bank transfer (automatic),100.4,2936.25,No,0.4924,Medium,593.24
0377-JBKKT,Male,0,Yes,Yes,22,13-24,Month-to-month,DSL,Mailed check,57.95,1271.8,No,0.1056,Low,73.43
5778-BVOFB,Female,0,No,No,9,0-12,Month-to-month,DSL,Bank transfer (automatic),59.5,530.05,No,0.3174,Medium,226.62
3373-YZZYM,Male,0,Yes,Yes,1,0-12,Month-to-month,No,Mailed check,19.2,19.2,No,0.1667,Low,38.41
2057-ZBLPD,Female,0,Yes,No,21,13-24,Month-to-month,Fiber optic,Electronic check,86.5,1808.7,Yes,0.6729,High,698.47
0228-MAUWC,Male,0,No,No,19,13-24,Month-to-month,DSL,Electronic check,59.55,1144.6,No,0.2545,Low,181.87
5502-RLUYV,Female,0,Yes,Yes,69,49+,Month-to-month,Fiber optic,Electronic check,103.95,7446.9,Yes,0.3617,Medium,451.18
0023-HGHWL,Male,1,No,No,1,0-12,Month-to-month,DSL,Electronic check,25.1,25.1,Yes,0.6837,High,205.93
7663-YJHSN,Female,0,Yes,No,72,49+,Two year,Fiber optic,Bank transfer (automatic),103.95,7556.9,No,0.0375,Low,46.78
4915-BFSXL,Male,0,Yes,Yes,70,49+,Two year,DSL,Credit card (automatic),68.95,4858.7,No,0.0099,Low,8.19
3086-RUCRN,Female,0,No,No,66,49+,Month-to-month,Fiber optic,Bank transfer (automatic),103.1,6595.0,No,0.1439,Low,178.03
5215-LNLDJ,Female,0,Yes,Yes,7,0-12,Month-to-month,DSL,Electronic check,24.7,149.05,No,0.5346,High,158.46
7576-JMYWV,Female,1,Yes,Yes,46,25-48,Month-to-month,Fiber optic,Electronic check,110.2,4972.1,No,0.3495,Medium,462.18
9039-RBEEE,Male,0,No,No,39,25-48,Month-to-month,DSL,Credit card (automatic),48.95,1880.85,Yes,0.119,Low,69.9
0257-KXZGU,Female,0,Yes,Yes,32,25-48,Month-to-month,DSL,Bank transfer (automatic),62.45,2045.55,No,0.1162,Low,87.08
1307-ATKGB,Male,0,No,No,24,13-24,Month-to-month,Fiber optic,Electronic check,89.55,2187.15,No,0.5528,High,594.04
8417-FMLZI,Male,0,Yes,Yes,6,0-12,Month-to-month,Fiber optic,Credit card (automatic),83.55,477.55,Yes,0.5458,High,547.22
3714-XPXBW,Female,0,No,No,37,25-48,Month-to-month,DSL,Credit card (automatic),78.9,2976.95,No,0.1196,Low,113.24
1850-AKQEP,Male,0,No,Yes,8,0-12,Month-to-month,No,Mailed check,20.35,178.7,No,0.1211,Low,29.57
2824-DXNKN,Female,0,Yes,Yes,72,49+,Two year,DSL,Bank transfer (automatic),71.45,5025.85,No,0.0125,Low,10.72
5227-JSCFE,Male,1,Yes,No,71,49+,Two year,DSL,Credit card (automatic),46.35,3353.4,No,0.0055,Low,3.06
0848-ZGQIJ,Female,0,Yes,No,16,13-24,Month-to-month,Fiber optic,Bank transfer (automatic),94.65,1461.15,No,0.581,High,659.9
3621-CHYVB,Female,0,Yes,No,57,49+,Month-to-month,DSL,Bank transfer (automatic),49.9,2782.4,No,0.0714,Low,42.75
8042-RNLKO,Male,0,No,No,66,49+,One year,No,Bank transfer (automatic),25.45,1699.15,No,0.0079,Low,2.41
1792-UXAFY,Female,1,No,No,17,13-24,Month-to-month,Fiber optic,Electronic check,89.15,1496.9,Yes,0.6323,High,676.43
5372-FBKBN,Female,0,No,Yes,21,13-24,Month-to-month,No,Mailed check,20.75,452.2,No,0.0685,Low,17.06
0420-TXVSG,Male,0,Yes,No,66,49+,Two year,DSL,Credit card (automatic),66.1,4428.45,No,0.0125,Low,9.91
6217-TOWGS,Female,0,Yes,No,17,13-24,Month-to-month,DSL,Bank transfer (automatic),75.4,1322.55,No,0.4273,Medium,386.62
0515-YPMCW,Male,0,No,Yes,1,0-12,Month-to-month,Fiber optic,Mailed check,70.45,70.45,Yes,0.5814,High,491.52
0378-XSZPU,Male,0,Yes,No,58,49+,One year,DSL,Credit card (automatic),60.3,3563.8,Yes,0.0159,Low,11.51
1045-LTCYT,Female,0,Yes,Yes,8,0-12,Month-to-month,No,Credit card (automatic),21.05,139.75,No,0.107,Low,27.03
1544-JJMYL,Male,0,No,No,27,25-48,One year,DSL,Credit card (automatic),69.35,1927.3,No,0.0521,Low,43.36
4636-JGAAI,Male,0,Yes,No,34,25-48,Month-to-month,Fiber optic,Mailed check,88.85,3000.25,No,0.3975,Medium,423.81
6874-SGLHU,Male,0,No,No,30,25-48,One year,Fiber optic,Bank transfer (automatic),97.0,3021.3,No,0.31,Medium,360.84
5951-AOFIH,Male,0,No,No,33,25-48,Month-to-month,DSL,Credit card (automatic),66.4,2245.4,No,0.1825,Low,145.42
4729-XKASR,Male,0,No,Yes,1,0-12,Month-to-month,DSL,Electronic check,24.75,24.75,Yes,0.5103,High,151.56
3059-NGMXB,Male,0,Yes,Yes,14,13-24,Month-to-month,DSL,Mailed check,69.2,944.65,No,0.2082,Low,172.89
8652-YHIYU,Female,0,No,Yes,16,13-24,One year,Fiber optic,Credit card (automatic),79.5,1264.2,No,0.2591,Low,247.18
5278-PNYOX,Female,0,No,No,49,49+,Two year,Fiber optic,Credit card (automatic),100.65,4917.75,No,0.0681,Low,82.25
5449-FIBXJ,Male,0,Yes,Yes,19,13-24,Month-to-month,Fiber optic,Electronic check,103.3,2012.7,Yes,0.5494,High,681.04
3486-HOOGQ,Female,0,Yes,Yes,70,49+,Two year,DSL,Bank transfer (automatic),79.7,5743.3,No,0.0069,Low,6.6
5061-PBXFW,Female,0,Yes,Yes,32,25-48,Month-to-month,DSL,Bank transfer (automatic),61.4,1864.65,No,0.0439,Low,32.35
8630-FJLIB,Female,0,No,No,18,13-24,Month-to-month,Fiber optic,Electronic check,69.8,1221.65,No,0.5655,High,473.66
3891-NLXJB,Male,0,No,No,37,25-48,Two year,DSL,Mailed check,40.55,1390.85,No,0.028,Low,13.62
4749-OJKQU,Female,0,No,No,4,0-12,Month-to-month,Fiber optic,Electronic check,75.65,302.35,No,0.7348,High,667.05
0577-WHMEV,Female,0,Yes,No,16,13-24,Month-to-month,Fiber optic,Electronic check,90.7,1374.9,No,0.4165,Medium,453.32
5453-AXEPF,Male,0,Yes,No,17,13-24,Month-to-month,Fiber optic,Bank transfer (automatic),80.5,1336.9,No,0.5214,High,503.67
3639-XJHKQ,Female,0,No,Yes,19,13-24,Month-to-month,DSL,Electronic check,60.6,1297.8,No,0.1877,Low,136.5
3716-LRGXK,Male,0,Yes,No,60,49+,Two year,Fiber optic,Credit card (automatic),101.15,6067.4,No,0.0976,Low,118.47
2263-SFSQZ,Male,0,Yes,Yes,51,49+,Two year,No,Mailed check,24.95,1222.25,No,0.01,Low,2.99
9950-MTGYX,Male,0,Yes,Yes,28,25-48,Two year,No,Credit card (automatic),20.3,487.95,No,0.0179,Low,4.36
3397-AVTKU,Male,0,No,No,43,25-48,Two year,DSL,Electronic check,60.0,2548.55,No,0.0569,Low,40.97
4825-FUREZ,Male,0,Yes,No,42,25-48,Two year,No,Electronic check,20.25,835.5,No,0.0126,Low,3.06
9837-BMCLM,Male,0,No,No,3,0-12,Month-to-month,Fiber optic,Electronic check,78.5,242.05,Yes,0.7467,High,703.39
2672-OJQZP,Female,0,No,No,1,0-12,Month-to-month,DSL,Mailed check,44.75,44.75,No,0.3493,Medium,187.57
0137-UDEUO,Female,0,No,No,3,0-12,Month-to-month,No,Mailed check,19.85,63.75,Yes,0.1769,Low,42.14
3134-DSHVC,Female,0,No,No,63,49+,Two year,Fiber optic,Credit card (automatic),98.0,6218.45,No,0.0425,Low,49.98
6161-UUUTA,Male,1,No,No,3,0-12,Month-to-month,Fiber optic,Electronic check,79.9,260.9,Yes,0.7661,High,734.54
7821-DPRQE,Male,0,Yes,No,68,49+,Month-to-month,Fiber optic,Electronic check,107.7,7320.9,No,0.2656,Low,343.26
6543-XRMYR,Female,1,No,No,30,25-48,Month-to-month,Fiber optic,Electronic check,99.7,2967.35,Yes,0.6793,High,812.71
2001-EWBQU,Female,0,No,No,60,49+,Two year,Fiber optic,Electronic check,104.7,6333.8,No,0.1271,Low,159.69
4925-LMHOK,Male,0,No,No,15,13-24,Month-to-month,DSL,Credit card (automatic),58.6,939.7,Yes,0.255,Low,179.32
1608-GMEWB,Male,1,No,No,45,25-48,Month-to-month,Fiber optic,Bank transfer (automatic),93.9,4200.25,No,0.5287,High,595.74
6695-AMZUF,Female,0,Yes,No,70,49+,Two year,DSL,Credit card (automatic),86.45,5950.2,No,0.0078,Low,8.09
1455-UGQVH,Male,0,Yes,No,10,0-12,Month-to-month,Fiber optic,Electronic check,98.5,1037.75,Yes,0.8015,High,947.37
8410-BGQXN,Male,0,No,No,4,0-12,Month-to-month,No,Mailed check,19.4,93.4,No,0.1758,Low,40.93
8280-MQRQN,Female,0,No,No,1,0-12,Month-to-month,DSL,Mailed check,50.45,50.45,Yes,0.4224,Medium,255.72
1619-YWUBB,Female,0,Yes,No,68,49+,Two year,No,Credit card (automatic),24.95,1614.9,No,0.0051,Low,1.53
7611-YKYTC,Male,0,Yes,Yes,22,13-24,Month-to-month,Fiber optic,Bank transfer (automatic),75.0,1573.95,No,0.2268,Low,204.12
2037-SGXHH,Male,0,Yes,Yes,38,25-48,Month-to-month,Fiber optic,Electronic check,94.65,3624.3,Yes,0.4772,Medium,542.0
3178-FESZO,Female,0,No,No,1,0-12,Month-to-month,Fiber optic,Credit card (automatic),100.25,100.25,Yes,0.7286,High,876.51
0365-GXEZS,Male,0,Yes,No,18,13-24,Month-to-month,Fiber optic,Electronic check,78.2,1468.75,No,0.4078,Medium,382.68
0082-OQIQY,Male,0,No,No,29,25-48,Month-to-month,Fiber optic,Electronic check,94.2,2607.6,No,0.5333,High,602.84
6087-MVHJH,Female,0,No,No,16,13-24,Month-to-month,Fiber optic,Electronic check,88.45,1422.1,Yes,0.7142,High,758.05
4603-JANFB,Male,0,No,No,1,0-12,Month-to-month,Fiber optic,Electronic check,69.85,69.85,Yes,0.7068,High,592.44
3018-TFTSU,Male,0,No,No,12,0-12,Month-to-month,Fiber optic,Bank transfer (automatic),81.7,858.6,Yes,0.3159,Medium,309.71
3606-SBKRY,Male,0,No,No,31,25-48,One year,DSL,Electronic check,50.05,1523.4,No,0.3008,Medium,180.66
4806-KEXQR,Male,0,No,No,4,0-12,Month-to-month,Fiber optic,Electronic check,79.9,324.3,Yes,0.7323,High,702.13
0667-NSRGI,Female,0,Yes,No,48,25-48,One year,DSL,Mailed check,69.55,3435.6,No,0.0805,Low,67.19
7083-YNSKY,Female,0,No,No,15,13-24,Month-to-month,No,Credit card (automatic),25.4,399.6,Yes,0.1771,Low,53.98
6893-ODYYE,Male,0,No,No,50,49+,One year,Fiber optic,Credit card (automatic),90.1,4549.45,No,0.0618,Low,66.82
8242-JSVBO,Male,0,No,No,7,0-12,Month-to-month,DSL,Bank transfer (automatic),44.65,322.5,No,0.3676,Medium,196.96
2479-BRAMR,Male,1,Yes,No,41,25-48,Month-to-month,Fiber optic,Bank transfer (automatic),83.75,3273.55,Yes,0.3149,Medium,316.47
9541-ZPSEA,Male,0,Yes,Yes,68,49+,Two year,Fiber optic,Credit card (automatic),80.35,5375.15,No,0.0157,Low,15.14
2665-NPTGL,Female,1,Yes,No,26,25-48,Month-to-month,Fiber optic,Bank transfer (automatic),98.1,2510.7,No,0.6621,High,779.42
1139-WUOAH,Male,0,No,No,57,49+,Two year,DSL,Credit card (automatic),53.35,3090.05,No,0.0273,Low,17.48
4693-VWVBO,Female,0,No,No,3,0-12,Month-to-month,No,Electronic check,19.55,61.05,No,0.2276,Low,53.39
7434-SHXLS,Female,0,No,No,1,0-12,Month-to-month,No,Mailed check,20.9,20.9,Yes,0.1857,Low,46.57
6937-GCDGQ,Male,0,Yes,Yes,19,13-24,One year,DSL,Bank transfer (automatic),48.95,955.6,No,0.0898,Low,52.75
0988-JRWWP,Female,0,No,No,3,0-12,Month-to-month,DSL,Electronic check,54.2,140.4,No,0.5535,High,360.0
5075-JSDKI,Female,0,No,No,59,49+,Two year,No,Electronic check,24.45,1493.1,No,0.0081,Low,2.38
7908-QCBCA,Female,0,Yes,No,1,0-12,Month-to-month,Fiber optic,Mailed check,69.4,69.4,Yes,0.6425,High,535.07
8644-XYTSV,Male,0,Yes,No,42,25-48,Month-to-month,DSL,Bank transfer (automatic),40.15,1626.05,No,0.1622,Low,78.15
6711-FLDFB,Female,0,No,No,7,0-12,Month-to-month,Fiber optic,Electronic check,74.9,541.15,Yes,0.7201,High,647.23
3873-WOSBC,Male,0,Yes,No,67,49+,Two year,No,Credit card (automatic),25.6,1784.9,No,0.0039,Low,1.2
7465-ZZRVX,Male,0,No,No,1,0-12,Month-to-month,Fiber optic,Electronic check,70.35,70.35,No,0.7036,High,593.98
7975-JMZNT,Male,0,Yes,No,66,49+,Two year,DSL,Bank transfer (automatic),91.7,6075.9,No,0.0136,Low,14.97
7251-XFOIL,Female,0,No,No,61,49+,Month-to-month,Fiber optic,Mailed check,89.2,5500.6,No,0.2444,Low,261.61
4116-IQRFR,Male,0,Yes,Yes,4,0-12,One year,No,Credit card (automatic),24.1,73.1,No,0.0935,Low,27.04
3714-JTVOV,Female,1,Yes,No,42,25-48,Month-to-month,Fiber optic,Credit card (automatic),74.15,3229.4,Yes,0.241,Low,214.44
8259-DZLIZ,Female,0,Yes,Yes,64,49+,One year,DSL,Bank transfer (automatic),53.85,3399.85,No,0.0289,Low,18.68
0442-ZXKVS,Female,1,Yes,No,54,49+,One year,Fiber optic,Bank transfer (automatic),115.6,6431.05,No,0.1668,Low,231.38
7853-WNZSY,Male,0,No,No,1,0-12,Month-to-month,No,Credit card (automatic),19.75,19.75,No,0.2387,Low,56.57
3120-FAZKD,Male,0,Yes,Yes,54,49+,Two year,No,Bank transfer (automatic),24.05,1230.9,No,0.0082,Low,2.37
8606-OEGQZ,Female,0,No,Yes,18,13-24,Two year,No,Credit card (automatic),25.3,454.65,No,0.0256,Low,7.77
0225-ZORZP,Male,0,No,No,3,0-12,Month-to-month,Fiber optic,Electronic check,84.3,235.05,No,0.6241,High,631.34
4702-IOQDC,Female,0,No,No,1,0-12,Month-to-month,Fiber optic,Electronic check,70.1,70.1,Yes,0.7006,High,589.34
9489-JMTTN,Female,0,Yes,Yes,72,49+,Two year,DSL,Credit card (automatic),89.75,6595.9,No,0.0091,Low,9.8
0575-CUQOV,Male,1,Yes,No,60,49+,One year,Fiber optic,Electronic check,97.95,5867.0,No,0.2618,Low,307.72
0967-BMLBD,Female,0,Yes,Yes,11,0-12,One year,No,Mailed check,20.0,196.35,No,0.0793,Low,19.03
6178-KFNHS,Female,0,No,Yes,12,0-12,Month-to-month,Fiber optic,Electronic check,78.3,909.25,Yes,0.5433,High,510.48
2830-LEWOA,Male,0,Yes,Yes,61,49+,One year,Fiber optic,Credit card (automatic),103.9,6449.15,No,0.0749,Low,93.39
5006-MXVRN,Female,0,No,No,39,25-48,Two year,No,Credit card (automatic),20.7,762.45,No,0.009,Low,2.24
1264-BYWMS,Male,0,No,No,55,49+,Month-to-month,Fiber optic,Electronic check,96.8,5283.95,Yes,0.5018,High,582.89
9658-WYUFB,Female,0,No,No,17,13-24,Month-to-month,Fiber optic,Electronic check,94.4,1617.5,Yes,0.579,High,655.89
8327-WKMIE,Male,0,No,No,37,25-48,One year,No,Credit card (automatic),20.15,785.75,No,0.0201,Low,4.86
6917-FIJHC,Female,0,Yes,No,72,49+,Two year,No,Mailed check,26.0,1776.0,No,0.0047,Low,1.47
5329-KRDTM,Male,1,Yes,No,72,49+,Two year,DSL,Credit card (automatic),77.35,5396.25,No,0.0116,Low,10.77
7797-EJMDP,Female,0,No,No,8,0-12,Month-to-month,DSL,Bank transfer (automatic),66.05,574.5,No,0.1753,Low,138.94
3530-VWVGU,Female,0,Yes,Yes,22,13-24,Month-to-month,No,Mailed check,19.9,400.3,No,0.0676,Low,16.14
2013-SGDXK,Female,0,No,No,1,0-12,Month-to-month,Fiber optic,Electronic check,84.3,84.3,Yes,0.6345,High,641.86
6368-NWMCE,Female,0,No,No,38,25-48,Month-to-month,DSL,Credit card (automatic),68.15,2656.3,No,0.1192,Low,97.48
3633-CDBUW,Male,0,No,Yes,17,13-24,One year,DSL,Electronic check,80.85,1445.95,No,0.1308,Low,126.9
0707-HOVVN,Female,1,No,No,70,49+,Two year,DSL,Bank transfer (automatic),75.5,5212.65,No,0.0185,Low,16.76
8580-QVLOC,Female,1,Yes,Yes,72,49+,Two year,DSL,Credit card (automatic),92.45,6440.25,Yes,0.0093,Low,10.32
3956-MGXOG,Female,0,No,No,28,25-48,Month-to-month,Fiber optic,Electronic check,80.6,2244.95,No,0.5469,High,528.96
9274-UARKJ,Female,0,No,No,15,13-24,Month-to-month,Fiber optic,Bank transfer (automatic),83.2,1130.0,No,0.5258,High,524.96
4077-HWUYD,Male,0,Yes,Yes,72,49+,Two year,DSL,Bank transfer (automatic),87.55,6463.15,No,0.0143,Low,15.02
2012-NWRPA,Female,1,Yes,No,11,0-12,Month-to-month,Fiber optic,Electronic check,99.55,1131.2,Yes,0.8109,High,968.7
8808-ELEHO,Male,1,No,No,8,0-12,Month-to-month,Fiber optic,Electronic check,81.25,585.95,Yes,0.7288,High,710.58
0103-CSITQ,Female,0,Yes,No,57,49+,One year,Fiber optic,Bank transfer (automatic),109.4,6252.7,No,0.1853,Low,243.26
3506-LCJDC,Male,0,Yes,Yes,1,0-12,Month-to-month,No,Bank transfer (automatic),19.95,19.95,Yes,0.1533,Low,36.7
8671-KKKOS,Female,0,Yes,No,46,25-48,Month-to-month,DSL,Electronic check,45.55,2062.15,No,0.1252,Low,68.43
7305-ZWMAJ,Male,0,Yes,No,30,25-48,One year,No,Credit card (automatic),20.7,587.1,No,0.0273,Low,6.78
9518-XXBXE,Male,1,Yes,No,10,0-12,Month-to-month,Fiber optic,Electronic check,75.3,720.45,No,0.4824,Medium,435.9
3934-HXCFZ,Male,0,Yes,No,23,13-24,Month-to-month,Fiber optic,Electronic check,99.25,2186.4,Yes,0.538,High,640.76
6578-KRMAW,Male,0,No,No,32,25-48,Month-to-month,Fiber optic,Credit card (automatic),93.4,2979.3,No,0.3063,Medium,343.3
4860-IJUDE,Male,0,No,No,13,13-24,Month-to-month,Fiber optic,Credit card (automatic),73.75,956.65,No,0.4179,Medium,369.84
7666-WKRON,Female,0,No,No,39,25-48,Two year,Fiber optic,Electronic check,80.45,3201.55,Yes,0.104,Low,100.4
9688-YGXVR,Female,0,No,No,44,25-48,Month-to-month,Fiber optic,Credit card (automatic),88.15,3973.2,No,0.313,Medium,331.09
0423-UDIJQ,Male,1,No,No,9,0-12,Month-to-month,DSL,Mailed check,49.2,447.9,No,0.2452,Low,144.77
1945-XISKS,Female,0,Yes,No,67,49+,Two year,No,Mailed check,19.65,1335.2,No,0.003,Low,0.71
4910-AQFFX,Male,0,Yes,Yes,9,0-12,Month-to-month,Fiber optic,Bank transfer (automatic),79.35,661.25,Yes,0.5699,High,542.66
2154-KVJFF,Female,0,No,No,15,13-24,Month-to-month,Fiber optic,Electronic check,79.75,1111.85,Yes,0.622,High,595.25
5360-LJCNJ,Female,0,Yes,No,71,49+,Two year,Fiber optic,Bank transfer (automatic),105.15,7555.0,No,0.0989,Low,124.79
2607-FBDFF,Male,0,No,No,1,0-12,Month-to-month,DSL,Credit card (automatic),49.0,49.0,No,0.2577,Low,151.53
9647-ERGBE,Female,0,Yes,Yes,30,25-48,Month-to-month,Fiber optic,Electronic check,100.05,3046.15,Yes,0.6333,High,760.34
3428-XZMAZ,Male,0,No,No,1,0-12,Month-to-month,Fiber optic,Electronic check,69.35,69.35,Yes,0.7099,High,590.78
1100-DDVRV,Male,0,Yes,No,17,13-24,Month-to-month,DSL,Mailed check,49.8,836.35,No,0.4988,Medium,298.08
0378-TOVMS,Female,0,No,No,3,0-12,Month-to-month,Fiber optic,Electronic check,85.8,272.2,Yes,0.5626,High,579.25
4355-HBJHH,Male,0,Yes,Yes,67,49+,Two year,DSL,Electronic check,79.7,5293.4,Yes,0.0331,Low,31.66
6728-WYQBC,Male,0,No,No,1,0-12,Month-to-month,No,Bank transfer (automatic),20.95,20.95,No,0.1773,Low,44.57
9058-CBREO,Female,1,No,No,1,0-12,Month-to-month,DSL,Mailed check,50.55,50.55,Yes,0.446,Medium,270.54
9029-FEGVJ,Female,1,Yes,No,32,25-48,Month-to-month,Fiber optic,Mailed check,79.3,2570.0,No,0.4038,Medium,384.26
7216-KAOID,Male,0,Yes,Yes,41,25-48,One year,No,Bank transfer (automatic),19.5,798.2,No,0.0143,Low,3.35
0318-QUUOB,Male,0,Yes,No,1,0-12,Month-to-month,Fiber optic,Electronic check,80.55,80.55,Yes,0.7511,High,726.01
6145-NNPNO,Female,0,No,No,1,0-12,Month-to-month,DSL,Bank transfer (automatic),44.15,44.15,No,0.3361,Medium,178.07
5520-FVEWJ,Female,0,Yes,Yes,12,0-12,Month-to-month,Fiber optic,Electronic check,84.5,916.9,Yes,0.5907,High,598.97
5339-TJFEK,Male,0,Yes,Yes,62,49+,Month-to-month,Fiber optic,Electronic check,105.5,6487.2,No,0.3012,Medium,381.32
5572-ZDXHY,Female,0,No,No,22,13-24,Month-to-month,Fiber optic,Mailed check,84.3,1855.65,Yes,0.4894,Medium,495.08
2074-GUHPQ,Female,0,No,Yes,17,13-24,Month-to-month,Fiber optic,Credit card (automatic),92.7,1556.85,No,0.3433,Medium,381.89
4625-XMOYM,Female,0,Yes,Yes,72,49+,Two year,No,Bank transfer (automatic),26.25,1988.05,No,0.0036,Low,1.13
5827-MWCZK,Male,0,Yes,Yes,56,49+,Month-to-month,Fiber optic,Credit card (automatic),96.95,5432.2,No,0.1967,Low,228.84
1385-TQOZW,Female,0,No,No,9,0-12,Month-to-month,No,Credit card (automatic),20.45,147.55,No,0.1712,Low,42.01
5914-XRFQB,Male,0,Yes,No,72,49+,Two year,Fiber optic,Bank transfer (automatic),115.8,8424.9,No,0.0541,Low,75.18
4329-YPDDQ,Male,0,No,No,20,13-24,Month-to-month,Fiber optic,Bank transfer (automatic),108.2,2203.7,No,0.377,Medium,489.5
4804-NCPET,Male,0,Yes,Yes,19,13-24,Two year,No,Mailed check,20.2,387.4,No,0.0212,Low,5.14
3750-CKVKH,Male,0,No,No,2,0-12,Month-to-month,Fiber optic,Electronic check,67.75,116.65,Yes,0.7118,High,578.69
5944-UGLLK,Male,0,No,No,53,49+,One year,DSL,Credit card (automatic),54.9,3045.75,No,0.0594,Low,39.13
8063-GBATB,Female,1,No,No,27,25-48,Month-to-month,Fiber optic,Electronic check,85.25,2287.25,Yes,0.6653,High,680.6
7787-BNTZM,Male,0,No,No,6,0-12,Month-to-month,No,Bank transfer (automatic),20.15,130.5,No,0.1497,Low,36.2
2252-ISRNH,Male,0,Yes,Yes,9,0-12,One year,Fiber optic,Electronic check,90.35,767.9,No,0.5442,High,590.02
9415-TPKRV,Female,0,Yes,Yes,8,0-12,Month-to-month,DSL,Electronic check,55.75,446.8,No,0.3307,Medium,221.24
5322-TEUJK,Female,0,Yes,Yes,71,49+,Two year,Fiber optic,Bank transfer (automatic),114.6,8100.25,No,0.0303,Low,41.67
4547-KQRTM,Female,0,No,No,10,0-12,Month-to-month,Fiber optic,Bank transfer (automatic),80.05,830.7,Yes,0.5729,High,550.33
4877-EVATK,Male,0,No,No,1,0-12,Month-to-month,No,Mailed check,20.0,20.0,Yes,0.1933,Low,46.39
1866-DIOQZ,Female,0,Yes,No,71,49+,One year,DSL,Bank transfer (automatic),66.8,4689.15,No,0.0193,Low,15.47
8375-KVTHK,Male,0,Yes,No,68,49+,One year,Fiber optic,Electronic check,100.3,6754.35,No,0.1435,Low,172.72
2697-NQBPF,Male,0,No,No,34,25-48,Month-to-month,Fiber optic,Electronic check,105.35,3540.65,No,0.5409,High,683.81
3709-OIJEA,Male,0,No,No,26,25-48,One year,Fiber optic,Electronic check,85.2,2184.6,No,0.2301,Low,235.25
7639-SUPCW,Female,0,No,No,22,13-24,Month-to-month,DSL,Credit card (automatic),48.8,1054.6,Yes,0.17,Low,99.55
1386-ZIKUV,Male,0,No,No,7,0-12,Month-to-month,No,Mailed check,18.95,130.55,No,0.2136,Low,48.57
0599-XNYDO,Female,0,Yes,No,20,13-24,Month-to-month,Fiber optic,Bank transfer (automatic),69.8,1540.35,No,0.4683,Medium,392.25
6377-WHAOX,Female,0,Yes,No,60,49+,Month-to-month,Fiber optic,Electronic check,106.15,6411.25,No,0.4528,Medium,576.78
6855-VLGOS,Male,0,Yes,Yes,72,49+,Two year,No,Electronic check,20.55,1432.55,No,0.0025,Low,0.62
8999-XXGNS,Female,1,Yes,No,72,49+,One year,Fiber optic,Credit card (automatic),105.75,7629.85,No,0.1853,Low,235.15
8746-OQQRW,Male,0,No,No,4,0-12,Month-to-month,No,Mailed check,25.25,101.9,No,0.2168,Low,65.69
3181-MIZBN,Male,0,Yes,Yes,16,13-24,Month-to-month,No,Electronic check,19.75,313.4,No,0.1184,Low,28.06
0471-ARVMX,Female,1,Yes,No,62,49+,One year,Fiber optic,Electronic check,104.85,6312.9,No,0.2535,Low,318.95
7766-CLTIC,Female,0,No,No,10,0-12,Month-to-month,DSL,Mailed check,60.95,629.55,No,0.3184,Medium,232.88
5650-YLIBA,Male,0,No,No,31,25-48,Month-to-month,Fiber optic,Electronic check,81.15,2640.55,No,0.5043,High,491.09
0825-CPPQH,Female,0,Yes,No,71,49+,Two year,No,Credit card (automatic),19.1,1372.45,No,0.0022,Low,0.5
9084-OAYKL,Male,0,No,No,58,49+,Two year,No,Mailed check,20.8,1212.25,No,0.0044,Low,1.1
6122-LJADA,Male,0,Yes,Yes,70,49+,Two year,DSL,Credit card (automatic),90.15,6237.05,No,0.0135,Low,14.6
2400-XIWIO,Female,0,Yes,No,71,49+,Two year,DSL,Electronic check,90.1,6310.9,No,0.0167,Low,18.06
7524-VRLPL,Male,1,No,No,69,49+,Two year,DSL,Credit card (automatic),74.1,5031.0,No,0.0105,Low,9.34
1069-XAIEM,Female,1,No,No,1,0-12,Month-to-month,Fiber optic,Electronic check,85.05,85.05,Yes,0.8183,High,835.16
7569-NMZYQ,Female,0,Yes,Yes,72,49+,Two year,Fiber optic,Bank transfer (automatic),118.75,8672.45,No,0.0414,Low,59.0
5201-USSQZ,Female,0,Yes,No,26,25-48,Month-to-month,Fiber optic,Credit card (automatic),85.9,2196.45,No,0.2956,Low,304.7
2105-PHWON,Female,0,Yes,No,33,25-48,Month-to-month,Fiber optic,Credit card (automatic),95.0,3008.15,No,0.4022,Medium,458.51
1494-EJZDW,Female,0,Yes,Yes,10,0-12,Two year,No,Mailed check,20.15,220.8,No,0.0311,Low,7.52
4884-TVUQF,Female,1,No,No,57,49+,Two year,Fiber optic,Credit card (automatic),101.3,5779.6,No,0.0446,Low,54.22
8003-EWNDZ,Female,0,No,No,10,0-12,Month-to-month,No,Electronic check,21.2,222.65,No,0.2283,Low,58.08
1897-RCFUM,Female,0,Yes,Yes,39,25-48,One year,No,Mailed check,24.2,914.6,No,0.0326,Low,9.47
9256-JTBNZ,Female,0,No,No,11,0-12,Month-to-month,No,Bank transfer (automatic),20.3,246.3,No,0.1203,Low,29.31
4658-HCOHW,Female,0,Yes,Yes,21,13-24,Month-to-month,Fiber optic,Electronic check,102.8,2110.15,Yes,0.5051,High,623.09
2211-RMNHO,Female,0,Yes,Yes,68,49+,Two year,DSL,Bank transfer (automatic),85.3,5560.0,No,0.0136,Low,13.92
2432-TFSMK,Male,0,No,No,18,13-24,One year,Fiber optic,Credit card (automatic),89.6,1633.0,No,0.4333,Medium,465.88
3440-JPSCL,Female,0,No,No,6,0-12,Month-to-month,Fiber optic,Mailed check,99.95,547.65,Yes,0.6066,High,727.56
4929-ROART,Male,0,No,No,18,13-24,Month-to-month,DSL,Mailed check,56.25,969.85,No,0.1926,Low,130.0
1834-ABKHQ,Female,0,Yes,Yes,52,49+,One year,DSL,Bank transfer (automatic),50.95,2610.65,No,0.0355,Low,21.7
1741-WTPON,Male,0,Yes,Yes,56,49+,Two year,Fiber optic,Mailed check,115.85,6567.9,No,0.0476,Low,66.17
3932-IJWDZ,Male,0,No,No,45,25-48,Month-to-month,Fiber optic,Bank transfer (automatic),103.65,4747.85,No,0.4226,Medium,525.63
1240-HCBOH,Female,0,No,No,67,49+,Two year,No,Mailed check,26.1,1759.55,No,0.0059,Low,1.85
3594-KADLU,Male,0,Yes,No,3,0-12,Month-to-month,DSL,Mailed check,35.1,101.1,No,0.2869,Low,120.84
8065-BVEPF,Male,1,No,No,65,49+,Month-to-month,Fiber optic,Bank transfer (automatic),99.1,6496.15,No,0.2924,Low,347.72
3796-ENZGF,Male,0,Yes,No,63,49+,Two year,DSL,Mailed check,67.25,4234.15,No,0.0164,Low,13.23
1734-ZMNTZ,Female,0,Yes,Yes,11,0-12,Two year,No,Mailed check,25.0,300.7,No,0.0398,Low,11.94
2853-CWQFQ,Male,0,No,Yes,1,0-12,Month-to-month,DSL,Mailed check,59.55,59.55,No,0.3548,Medium,253.54
0813-TAXXS,Male,0,No,No,55,49+,Two year,DSL,Bank transfer (automatic),77.8,4323.35,No,0.0554,Low,51.72
2519-TWKFS,Male,0,Yes,Yes,25,25-48,One year,DSL,Mailed check,55.1,1466.1,No,0.1068,Low,70.62
2889-FPWRM,Male,0,Yes,No,72,49+,One year,Fiber optic,Bank transfer (automatic),117.8,8684.8,Yes,0.1003,Low,141.78
0626-QXNGV,Female,0,Yes,No,72,49+,Two year,No,Credit card (automatic),24.15,1776.45,No,0.0045,Low,1.3
6723-CEGQI,Female,0,No,Yes,65,49+,Two year,DSL,Mailed check,45.25,2933.95,No,0.0103,Low,5.59
6987-XQSJT,Female,1,No,No,54,49+,Month-to-month,Fiber optic,Electronic check,79.5,4370.25,Yes,0.3593,Medium,342.77
4732-RRJZC,Male,0,Yes,Yes,7,0-12,Month-to-month,No,Mailed check,20.25,144.35,No,0.1284,Low,31.2
9499-XPZXM,Female,0,Yes,No,72,49+,Two year,DSL,Bank transfer (automatic),64.75,4804.75,No,0.0053,Low,4.12
4338-EYCER,Male,0,Yes,No,21,13-24,Month-to-month,DSL,Bank transfer (automatic),54.6,1125.2,No,0.2331,Low,152.73
3007-FDPEA,Female,0,No,No,2,0-12,Month-to-month,No,Bank transfer (automatic),20.7,39.85,No,0.2271,Low,56.41
6350-XFYGW,Male,1,No,No,4,0-12,Month-to-month,Fiber optic,Electronic check,94.75,422.4,No,0.7954,High,904.37
4290-BSXUX,Male,0,Yes,No,3,0-12,Month-to-month,Fiber optic,Bank transfer (automatic),79.65,251.75,Yes,0.5928,High,566.6
8513-OLYGY,Male,0,Yes,No,72,49+,Two year,Fiber optic,Credit card (automatic),115.8,8332.15,No,0.0361,Low,50.16
0311-QYWSS,Female,0,No,No,6,0-12,Month-to-month,DSL,Electronic check,49.45,314.6,No,0.3654,Medium,216.83
8705-DWKTI,Male,0,No,No,52,49+,Month-to-month,Fiber optic,Credit card (automatic),83.8,4331.4,No,0.2833,Low,284.89
8755-IWJHN,Male,1,Yes,No,69,49+,Month-to-month,Fiber optic,Bank transfer (automatic),95.35,6382.0,No,0.2565,Low,293.49
0325-XBFAC,Male,0,No,No,8,0-12,Month-to-month,Fiber optic,Electronic check,94.7,740.3,Yes,0.7476,High,849.57
4480-QQRHC,Female,1,No,No,8,0-12,Month-to-month,Fiber optic,Bank transfer (automatic),74.05,600.15,No,0.591,High,525.16
0929-PECLO,Female,1,No,No,63,49+,Month-to-month,Fiber optic,Bank transfer (automatic),89.6,5538.8,No,0.3109,Medium,334.28
3680-CTHUH,Male,0,No,No,60,49+,One year,Fiber optic,Credit card (automatic),116.6,7049.5,No,0.1217,Low,170.28
1202-KKGFU,Female,0,Yes,No,12,0-12,Month-to-month,DSL,Bank transfer (automatic),54.2,690.5,No,0.1339,Low,87.09
6112-KTHFQ,Female,0,No,No,13,13-24,Month-to-month,No,Mailed check,19.3,279.3,No,0.1673,Low,38.75
1852-XEMDW,Male,0,No,No,22,13-24,Month-to-month,DSL,Mailed check,65.05,1427.55,No,0.1527,Low,119.2
2462-XIIJB,Male,0,No,No,5,0-12,Month-to-month,Fiber optic,Electronic check,92.5,452.7,Yes,0.7594,High,842.93
4760-XOHVN,Female,0,Yes,Yes,1,0-12,Month-to-month,No,Mailed check,19.45,19.45,Yes,0.1626,Low,37.95
1820-DJFPH,Female,0,Yes,Yes,72,49+,Two year,No,Bank transfer (automatic),24.05,1709.15,No,0.0036,Low,1.04
9426-SXNHE,Female,0,No,No,2,0-12,Month-to-month,No,Bank transfer (automatic),18.75,53.15,No,0.1776,Low,39.96
9068-FHQHD,Female,0,Yes,Yes,40,25-48,Two year,No,Bank transfer (automatic),20.15,777.35,No,0.0074,Low,1.79
1269-FOYWN,Male,0,Yes,Yes,44,25-48,One year,No,Bank transfer (automatic),20.0,860.85,No,0.0123,Low,2.95
9470-YFUYI,Male,1,Yes,No,71,49+,One year,DSL,Bank transfer (automatic),71.0,5012.1,No,0.0173,Low,14.74
7817-BOQPW,Female,0,No,No,2,0-12,Month-to-month,Fiber optic,Electronic check,75.55,166.3,Yes,0.7488,High,678.86
7402-EYFXX,Male,1,No,No,26,25-48,Month-to-month,Fiber optic,Electronic check,93.6,2404.1,No,0.7424,High,833.86
1853-UDXBW,Male,0,Yes,Yes,1,0-12,Month-to-month,Fiber optic,Electronic check,70.0,70.0,Yes,0.6616,High,555.74
9895-VFOXH,Female,0,No,No,1,0-12,Month-to-month,DSL,Mailed check,24.4,24.4,No,0.4874,Medium,142.71
5458-CQJTA,Male,0,Yes,Yes,65,49+,Two year,DSL,Bank transfer (automatic),74.8,4820.15,Yes,0.0123,Low,11.04
1230-QAJDW,Male,0,No,No,3,0-12,Month-to-month,DSL,Mailed check,65.25,209.9,No,0.4564,Medium,357.36
5701-ZIKJE,Male,0,No,No,13,13-24,Month-to-month,DSL,Mailed check,50.55,610.75,No,0.249,Low,151.04
5219-YIPTK,Female,0,Yes,No,33,25-48,Month-to-month,Fiber optic,Electronic check,104.4,3409.6,Yes,0.6331,High,793.15
5032-MIYKT,Female,0,No,No,1,0-12,Month-to-month,Fiber optic,Mailed check,70.7,70.7,No,0.6284,High,533.13
7396-VJUZB,Male,0,Yes,Yes,4,0-12,Month-to-month,DSL,Mailed check,45.25,155.35,No,0.2798,Low,151.93
9717-QEBGU,Male,0,No,No,2,0-12,Month-to-month,Fiber optic,Electronic check,70.3,144.0,No,0.6969,High,587.9
5172-RKOCB,Male,0,Yes,No,72,49+,Two year,Fiber optic,Credit card (automatic),108.95,7875.0,No,0.0512,Low,66.94
6509-TSGWN,Female,0,Yes,Yes,37,25-48,Month-to-month,No,Mailed check,26.45,911.6,No,0.0463,Low,14.7
3540-RZJYU,Female,0,No,No,15,13-24,Month-to-month,Fiber optic,Electronic check,86.2,1270.2,Yes,0.4523,Medium,467.86
3178-CIFOT,Female,0,No,No,23,13-24,One year,No,Credit card (automatic),19.65,478.1,No,0.0529,Low,12.47
2091-MJTFX,Female,0,Yes,Yes,30,25-48,Month-to-month,DSL,Credit card (automatic),51.2,1561.5,Yes,0.1883,Low,115.69
4530-NDRKU,Female,0,Yes,Yes,42,25-48,One year,No,Electronic check,19.05,761.85,No,0.0279,Low,6.38
5985-TBABQ,Female,0,No,No,32,25-48,One year,DSL,Mailed check,74.75,2282.95,No,0.1113,Low,99.84
9800-ONTFE,Female,0,Yes,Yes,22,13-24,Month-to-month,Fiber optic,Bank transfer (automatic),75.8,1615.1,No,0.4543,Medium,413.23
6743-HHQPF,Male,0,Yes,No,42,25-48,Month-to-month,DSL,Credit card (automatic),25.1,1097.15,No,0.1697,Low,51.11
8455-HIRAQ,Female,0,No,No,8,0-12,Month-to-month,DSL,Mailed check,44.45,369.3,No,0.2907,Low,155.06
6616-AALSR,Female,0,Yes,Yes,65,49+,Two year,Fiber optic,Credit card (automatic),104.3,6725.3,No,0.0708,Low,88.61
0883-EIBTI,Female,0,No,No,2,0-12,Month-to-month,No,Mailed check,19.5,31.55,Yes,0.1849,Low,43.27
9415-ZNBSX,Female,0,Yes,Yes,70,49+,Two year,DSL,Bank transfer (automatic),89.0,6293.2,No,0.0143,Low,15.27
4018-KJYUY,Male,0,No,Yes,22,13-24,Month-to-month,No,Credit card (automatic),20.15,432.5,No,0.0611,Low,14.77
0722-TROQR,Female,1,No,No,4,0-12,Month-to-month,Fiber optic,Electronic check,74.9,321.75,Yes,0.7668,High,689.2
7571-YXDAD,Female,0,No,No,2,0-12,Month-to-month,Fiber optic,Credit card (automatic),74.9,147.15,Yes,0.5799,High,521.21
3884-UEBXB,Female,0,Yes,Yes,67,49+,Two year,DSL,Bank transfer (automatic),36.15,2434.45,No,0.0058,Low,2.52
8780-RSYYU,Female,0,No,No,25,25-48,Month-to-month,No,Credit card (automatic),19.2,532.1,No,0.0947,Low,21.82
5537-UXXVS,Female,0,Yes,No,20,13-24,Month-to-month,No,Bank transfer (automatic),19.25,375.25,No,0.0863,Low,19.94
1791-PQHBB,Female,0,No,Yes,2,0-12,Month-to-month,DSL,Credit card (automatic),61.2,125.95,No,0.296,Low,217.38
8701-DGLVH,Male,0,No,No,51,49+,Two year,No,Mailed check,20.45,1042.65,No,0.0061,Low,1.5
8741-LQOBK,Female,0,Yes,Yes,46,25-48,Month-to-month,DSL,Bank transfer (automatic),35.05,1620.25,No,0.0542,Low,22.8
3393-FMZPV,Female,0,No,No,25,25-48,Month-to-month,Fiber optic,Electronic check,100.25,2387.75,Yes,0.6706,High,806.73
8082-GHXOP,Male,0,No,Yes,13,13-24,Month-to-month,DSL,Mailed check,44.0,659.35,No,0.2195,Low,115.9
6402-ZFPPI,Female,1,No,No,25,25-48,Month-to-month,Fiber optic,Mailed check,102.8,2660.2,Yes,0.5643,High,696.12
0980-FEXWF,Male,0,Yes,Yes,26,25-48,One year,DSL,Mailed check,50.35,1285.8,No,0.0727,Low,43.93
7486-KSRVI,Male,0,No,No,43,25-48,One year,Fiber optic,Electronic check,100.0,4211.55,Yes,0.3424,Medium,410.88
3011-WQKSZ,Male,0,No,Yes,19,13-24,Month-to-month,No,Electronic check,20.0,377.55,No,0.1414,Low,33.94
8443-WVPSS,Male,0,Yes,No,10,0-12,Month-to-month,Fiber optic,Electronic check,99.85,990.9,Yes,0.6338,High,759.42
3006-XIMLN,Female,0,No,Yes,2,0-12,Month-to-month,Fiber optic,Bank transfer (automatic),94.2,193.8,Yes,0.7259,High,820.56
8218-FFJDS,Female,0,Yes,No,72,49+,Two year,DSL,Bank transfer (automatic),86.4,6058.95,No,0.0149,Low,15.45
1986-PHGZF,Male,1,No,No,18,13-24,Month-to-month,DSL,Credit card (automatic),58.4,964.9,No,0.246,Low,172.4
9965-YOKZB,Male,1,No,No,9,0-12,Month-to-month,Fiber optic,Electronic check,83.85,790.15,Yes,0.7892,High,794.09
0504-HHAPI,Female,1,No,No,27,25-48,Month-to-month,Fiber optic,Credit card (automatic),88.3,2467.75,Yes,0.4902,Medium,519.42
9360-OMDZZ,Male,0,No,No,24,13-24,Month-to-month,Fiber optic,Electronic check,94.1,2322.85,No,0.7275,High,821.49
6305-YLBMM,Male,0,No,No,69,49+,One year,Fiber optic,Bank transfer (automatic),104.05,7262.0,Yes,0.1061,Low,132.48
0345-XMMUG,Female,0,Yes,No,46,25-48,Two year,Fiber optic,Credit card (automatic),108.9,4854.3,No,0.127,Low,165.96
8024-XNAFQ,Female,1,No,No,72,49+,Two year,Fiber optic,Bank transfer (automatic),107.4,7748.75,No,0.0398,Low,51.29
3647-GMGDH,Male,0,Yes,No,22,13-24,Month-to-month,Fiber optic,Credit card (automatic),94.7,1914.9,Yes,0.5629,High,639.68
2988-GBIVW,Female,1,Yes,No,70,49+,Month-to-month,Fiber optic,Electronic check,90.85,6470.1,No,0.2778,Low,302.86
2832-SCUCO,Female,0,No,No,2,0-12,Month-to-month,No,Electronic check,19.9,57.4,No,0.2345,Low,56.0
7036-ZZKBD,Male,0,Yes,No,31,25-48,Month-to-month,DSL,Credit card (automatic),66.4,2019.8,No,0.1647,Low,131.23
3791-LGQCY,Female,1,Yes,No,56,49+,Month-to-month,Fiber optic,Bank transfer (automatic),100.65,5688.05,Yes,0.4506,Medium,544.23
0265-PSUAE,Female,0,Yes,Yes,16,13-24,Month-to-month,Fiber optic,Bank transfer (automatic),100.7,1522.7,No,0.3597,Medium,434.66
0463-TXOAK,Male,0,No,Yes,52,49+,Two year,No,Credit card (automatic),25.6,1334.5,No,0.0058,Low,1.78
0594-UFTUL,Male,0,Yes,Yes,13,13-24,Month-to-month,No,Mailed check,19.85,252.0,No,0.1406,Low,33.49
9509-MPYOD,Female,0,No,No,35,25-48,One year,No,Mailed check,20.75,700.45,No,0.0233,Low,5.8
9128-CPXKI,Female,0,No,No,59,49+,Two year,Fiber optic,Electronic check,95.8,5655.45,No,0.1025,Low,117.83
0129-KPTWJ,Male,0,Yes,No,72,49+,Month-to-month,Fiber optic,Electronic check,94.65,6747.35,No,0.3194,Medium,362.77
8166-ZZTFS,Female,1,Yes,No,66,49+,Two year,DSL,Bank transfer (automatic),80.55,5265.1,Yes,0.0413,Low,39.92
5855-EIBDE,Female,0,Yes,No,49,49+,Two year,Fiber optic,Credit card (automatic),106.65,5174.35,No,0.0428,Low,54.78
5365-LLFYV,Female,0,No,No,2,0-12,Month-to-month,DSL,Mailed check,45.85,105.6,No,0.4202,Medium,231.19
5956-YHHRX,Male,1,No,No,21,13-24,Month-to-month,Fiber optic,Electronic check,104.35,2271.85,No,0.7385,High,924.75
6008-NAIXK,Male,1,No,No,54,49+,One year,DSL,Electronic check,55.45,2966.95,No,0.1516,Low,100.87
2956-GGUCQ,Male,1,Yes,No,24,13-24,Month-to-month,Fiber optic,Electronic check,78.85,1772.25,Yes,0.5403,High,511.23
1928-BXYIV,Male,0,No,No,1,0-12,Month-to-month,DSL,Electronic check,61.15,61.15,No,0.3428,Medium,251.55
5760-FXFVO,Male,0,No,No,6,0-12,Month-to-month,Fiber optic,Electronic check,78.95,494.95,No,0.537,High,508.75
6595-COKXZ,Female,0,No,No,1,0-12,Month-to-month,DSL,Mailed check,44.45,44.45,Yes,0.4397,Medium,234.54
0961-ZWLVI,Male,0,No,Yes,49,49+,One year,Fiber optic,Credit card (automatic),109.2,5290.45,No,0.1681,Low,220.28
5181-OABFK,Female,0,Yes,Yes,56,49+,Two year,DSL,Credit card (automatic),61.3,3346.8,No,0.0095,Low,6.99
4007-NHVHI,Female,1,No,No,56,49+,Month-to-month,Fiber optic,Electronic check,96.85,5219.65,No,0.318,Medium,369.58
7816-VGHTO,Female,0,Yes,Yes,6,0-12,Two year,DSL,Mailed check,40.55,217.5,No,0.0785,Low,38.2
5871-DGTXZ,Male,0,No,No,32,25-48,One year,No,Mailed check,19.8,607.7,No,0.0278,Low,6.61
7550-WIQVA,Male,0,Yes,Yes,50,49+,One year,Fiber optic,Electronic check,108.25,5431.4,No,0.2402,Low,312.02
7544-ZVIKX,Male,0,Yes,Yes,58,49+,One year,Fiber optic,Bank transfer (automatic),105.05,6004.85,No,0.1633,Low,205.86
0016-QLJIS,Female,0,Yes,Yes,65,49+,Two year,DSL,Mailed check,90.45,5957.9,No,0.0175,Low,18.99
7508-DQAKK,Female,0,No,No,64,49+,Two year,DSL,Credit card (automatic),86.4,5442.05,No,0.0204,Low,21.15
5176-OLSKT,Female,0,Yes,No,66,49+,Two year,DSL,Bank transfer (automatic),66.9,4370.25,No,0.0084,Low,6.74
9356-AXGMP,Male,0,Yes,No,38,25-48,One year,Fiber optic,Electronic check,110.7,4428.6,No,0.3062,Medium,406.76
3556-BVQGL,Female,0,Yes,No,20,13-24,One year,No,Mailed check,20.0,416.45,No,0.0673,Low,16.15
0362-ZBZWJ,Male,0,No,No,36,25-48,Month-to-month,Fiber optic,Electronic check,84.9,3067.2,Yes,0.5743,High,585.1
8979-CAMGB,Male,1,No,No,64,49+,One year,Fiber optic,Electronic check,102.1,6688.1,No,0.2092,Low,256.31
4211-MMAZN,Male,0,No,No,1,0-12,Month-to-month,No,Mailed check,20.25,20.25,Yes,0.1921,Low,46.68
7581-EBBOU,Female,0,No,No,60,49+,One year,DSL,Credit card (automatic),70.15,4224.7,No,0.0301,Low,25.34
4274-OWWYO,Male,0,No,No,1,0-12,Month-to-month,Fiber optic,Electronic check,74.35,74.35,Yes,0.6722,High,599.74
5073-RZGBK,Female,0,Yes,Yes,50,49+,One year,DSL,Bank transfer (automatic),80.05,4042.2,No,0.0348,Low,33.43
1541-ETJZO,Male,0,No,No,1,0-12,Month-to-month,DSL,Mailed check,62.05,62.05,Yes,0.3109,Medium,231.5
2192-CKRLV,Female,0,Yes,No,72,49+,Two year,DSL,Electronic check,49.2,3580.95,No,0.0196,Low,11.57
3154-HMWUU,Male,0,Yes,No,60,49+,Two year,No,Bank transfer (automatic),20.5,1198.8,No,0.0055,Low,1.35
6119-SPUDB,Male,0,No,No,46,25-48,Two year,DSL,Mailed check,38.25,1755.35,No,0.0166,Low,7.62
6522-OIQSX,Female,0,Yes,Yes,69,49+,Two year,DSL,Credit card (automatic),54.95,3772.5,No,0.0233,Low,15.36
7813-ZGGAW,Male,1,No,No,31,25-48,Month-to-month,Fiber optic,Bank transfer (automatic),96.6,2877.95,No,0.4507,Medium,522.45
8748-HFWBO,Male,0,Yes,Yes,19,13-24,One year,No,Mailed check,19.9,357.7,No,0.0406,Low,9.7
1052-QJIBV,Female,0,Yes,Yes,71,49+,Two year,No,Credit card (automatic),19.9,1397.3,No,0.0018,Low,0.43
1319-YLZJG,Male,0,Yes,No,12,0-12,Month-to-month,Fiber optic,Electronic check,84.6,959.9,No,0.478,Medium,485.27
4106-HADHQ,Male,0,Yes,Yes,39,25-48,One year,DSL,Credit card (automatic),80.0,3182.95,Yes,0.0382,Low,36.67
0723-FDLAY,Male,0,No,No,44,25-48,One year,DSL,Bank transfer (automatic),85.25,3704.15,No,0.0973,Low,99.54
3050-RLLXC,Female,0,Yes,Yes,56,49+,Two year,DSL,Credit card (automatic),81.25,4620.4,No,0.01,Low,9.75
9298-WGMRW,Female,0,Yes,No,72,49+,Two year,Fiber optic,Bank transfer (automatic),115.5,8312.75,No,0.0522,Low,72.35
2369-UAPKZ,Male,0,No,No,5,0-12,Month-to-month,Fiber optic,Mailed check,104.1,541.9,Yes,0.6549,High,818.1
3088-LHEFH,Female,0,No,No,11,0-12,Month-to-month,Fiber optic,Bank transfer (automatic),79.0,929.3,No,0.5125,High,485.85
2778-OCLGR,Male,1,Yes,No,24,13-24,Month-to-month,DSL,Bank transfer (automatic),39.1,971.3,Yes,0.2538,Low,119.08
6583-KQJLK,Female,1,Yes,No,15,13-24,Month-to-month,Fiber optic,Electronic check,94.65,1285.05,No,0.7036,High,799.15
8544-JNBOX,Male,0,No,No,72,49+,Two year,No,Mailed check,20.8,1521.2,No,0.0034,Low,0.85
6681-ZSEXG,Male,0,Yes,No,56,49+,Two year,DSL,Credit card (automatic),59.5,3389.25,No,0.018,Low,12.85
6139-ZZRBQ,Male,1,No,No,64,49+,Two year,No,Bank transfer (automatic),20.05,1198.05,No,0.0051,Low,1.23
6116-RFVHN,Female,0,Yes,No,34,25-48,Month-to-month,Fiber optic,Electronic check,100.45,3414.65,No,0.6552,High,789.78
0637-KVDLV,Male,0,No,No,2,0-12,Month-to-month,Fiber optic,Electronic check,76.5,162.45,Yes,0.7474,High,686.11
8884-FEEWR,Male,0,No,No,35,25-48,One year,No,Bank transfer (automatic),20.6,754.0,No,0.0225,Low,5.56
3125-RAHBV,Male,0,No,No,22,13-24,One year,No,Credit card (automatic),20.3,467.15,No,0.0389,Low,9.48
6633-MPWBS,Male,0,No,No,5,0-12,Month-to-month,DSL,Electronic check,49.2,216.9,Yes,0.3913,Medium,231.02
0373-AIVNJ,Male,0,No,No,9,0-12,One year,DSL,Mailed check,39.55,373.0,No,0.1539,Low,73.04
8785-EPNCG,Male,0,No,No,11,0-12,Month-to-month,No,Credit card (automatic),23.15,245.2,Yes,0.1613,Low,44.81
1682-VCOIO,Male,0,No,No,23,13-24,One year,No,Mailed check,20.45,481.1,No,0.0411,Low,10.09
5729-KLZAR,Female,0,Yes,Yes,4,0-12,Month-to-month,Fiber optic,Electronic check,80.85,302.75,Yes,0.5928,High,575.13
2072-ZVJJX,Male,0,Yes,No,68,49+,Two year,No,Bank transfer (automatic),25.25,1728.2,No,0.0038,Low,1.15
8849-AYPTR,Male,0,Yes,No,33,25-48,Month-to-month,Fiber optic,Electronic check,91.25,2964.05,No,0.4937,Medium,540.6
9518-IMLHK,Male,0,No,No,31,25-48,Month-to-month,DSL,Bank transfer (automatic),72.45,2156.25,No,0.1125,Low,97.81
1582-RAFML,Male,0,No,No,1,0-12,Month-to-month,DSL,Mailed check,60.1,60.1,Yes,0.2945,Low,212.39
3646-ITDGM,Female,0,No,No,56,49+,Two year,No,Bank transfer (automatic),19.7,1051.9,No,0.0044,Low,1.04
8740-CRYFY,Male,0,No,No,1,0-12,Month-to-month,Fiber optic,Electronic check,78.95,78.95,Yes,0.7561,High,716.33
3569-VLDHH,Male,0,Yes,Yes,66,49+,One year,DSL,Electronic check,75.1,5013.0,No,0.0221,Low,19.92
8224-KDLKN,Male,0,Yes,Yes,72,49+,Two year,No,Bank transfer (automatic),25.0,1738.9,No,0.0025,Low,0.75
7594-LZNWR,Male,1,No,No,34,25-48,Month-to-month,Fiber optic,Credit card (automatic),69.15,2275.1,No,0.2882,Low,239.15
4001-TSBTV,Female,0,Yes,Yes,58,49+,Month-to-month,Fiber optic,Electronic check,91.55,5511.65,No,0.2617,Low,287.5
2962-XPMCQ,Male,0,No,No,2,0-12,Month-to-month,DSL,Electronic check,45.15,98.5,Yes,0.5067,High,274.53
8727-XDPUD,Male,0,No,No,37,25-48,Two year,DSL,Credit card (automatic),35.8,1316.9,No,0.0547,Low,23.5
1043-UXOVO,Female,0,No,No,71,49+,Two year,Fiber optic,Credit card (automatic),113.15,7993.3,No,0.052,Low,70.61
1064-FBXNK,Male,0,Yes,Yes,1,0-12,One year,No,Credit card (automatic),19.85,19.85,No,0.0801,Low,19.08
3996-ZNWYK,Male,1,Yes,Yes,71,49+,Two year,No,Credit card (automatic),19.8,1388.45,No,0.0021,Low,0.5
2878-DHMIN,Male,0,Yes,Yes,35,25-48,One year,No,Electronic check,19.9,666.0,No,0.0268,Low,6.4
7762-ONLJY,Female,0,Yes,Yes,6,0-12,One year,No,Mailed check,19.7,94.45,No,0.0701,Low,16.57
1678-FYZOW,Female,0,No,No,3,0-12,Month-to-month,Fiber optic,Electronic check,79.4,244.65,Yes,0.7373,High,702.5
5795-BKOYE,Female,0,Yes,Yes,69,49+,One year,DSL,Bank transfer (automatic),59.1,4134.7,No,0.0092,Low,6.52
8627-EHGIP,Male,0,No,No,44,25-48,One year,DSL,Mailed check,53.95,2375.4,Yes,0.1472,Low,95.3
7402-PWYJJ,Female,0,Yes,No,53,49+,One year,Fiber optic,Electronic check,91.15,4862.5,No,0.2199,Low,240.53
5480-TBGPH,Female,0,Yes,No,24,13-24,Month-to-month,Fiber optic,Credit card (automatic),99.3,2431.35,Yes,0.5202,High,619.87
0018-NYROU,Female,0,Yes,No,5,0-12,Month-to-month,Fiber optic,Electronic check,68.95,351.5,No,0.6833,High,565.36
7501-VTYLJ,Female,0,No,Yes,2,0-12,Month-to-month,DSL,Mailed check,51.55,106.2,No,0.2465,Low,152.48
7608-RGIRO,Male,0,No,Yes,62,49+,Two year,No,Mailed check,24.4,1413.0,No,0.006,Low,1.76
0480-BIXDE,Female,0,Yes,No,19,13-24,Month-to-month,Fiber optic,Electronic check,96.8,1743.05,No,0.6669,High,774.67
5895-QSXOD,Male,0,No,No,9,0-12,Month-to-month,Fiber optic,Mailed check,70.05,657.5,No,0.4817,Medium,404.92
9814-AOUDH,Male,0,No,No,53,49+,Two year,No,Credit card (automatic),19.5,1050.5,No,0.0051,Low,1.19
6175-IRFIT,Male,0,No,No,5,0-12,Month-to-month,Fiber optic,Mailed check,78.75,426.35,No,0.5835,High,551.41
8760-ZRHKE,Female,1,Yes,Yes,71,49+,One year,DSL,Electronic check,69.2,4982.5,No,0.0274,Low,22.75
1622-HSHSF,Female,0,No,No,1,0-12,Month-to-month,No,Mailed check,19.55,19.55,No,0.2559,Low,60.03
8854-CCVSQ,Male,0,No,No,18,13-24,Month-to-month,Fiber optic,Electronic check,80.65,1451.9,Yes,0.6031,High,583.68
6749-UTDVX,Male,0,No,No,72,49+,Two year,Fiber optic,Electronic check,103.65,7634.8,No,0.1404,Low,174.63
5542-DHSXL,Female,0,Yes,No,4,0-12,Month-to-month,DSL,Mailed check,54.7,235.05,No,0.2125,Low,139.49
9102-OXKFY,Male,0,No,No,59,49+,Two year,DSL,Credit card (automatic),54.15,3116.15,No,0.0172,Low,11.18
0511-JTEOY,Female,0,No,No,1,0-12,Month-to-month,Fiber optic,Mailed check,71.1,71.1,Yes,0.5356,High,456.97
5216-WASFJ,Female,1,Yes,No,31,25-48,Month-to-month,Fiber optic,Electronic check,84.85,2633.4,No,0.6452,High,656.94
7808-DVWEP,Male,0,Yes,No,3,0-12,Month-to-month,No,Bank transfer (automatic),20.0,49.65,No,0.1711,Low,41.06
7067-KSAZT,Female,1,Yes,No,65,49+,One year,Fiber optic,Electronic check,106.25,6979.8,Yes,0.2941,Low,374.98
2284-VFLKH,Male,0,Yes,No,49,49+,One year,Fiber optic,Credit card (automatic),99.25,4920.8,No,0.1838,Low,218.91
0366-NQSHS,Male,0,No,No,2,0-12,Month-to-month,No,Mailed check,19.35,46.35,No,0.1895,Low,44.0
6532-YLWSI,Female,0,Yes,No,53,49+,One year,No,Bank transfer (automatic),20.8,1021.8,Yes,0.0097,Low,2.42
3807-BPOMJ,Female,0,Yes,No,55,49+,One year,Fiber optic,Electronic check,94.75,5276.1,No,0.2066,Low,234.9
3892-NXAZG,Male,0,Yes,Yes,72,49+,Two year,Fiber optic,Credit card (automatic),114.05,8289.2,No,0.0433,Low,59.26
4948-WBBKL,Female,1,No,No,36,25-48,Month-to-month,Fiber optic,Bank transfer (automatic),74.9,2659.45,No,0.4313,Medium,387.65
4182-BGSIQ,Female,0,Yes,Yes,10,0-12,Month-to-month,No,Bank transfer (automatic),19.8,196.75,No,0.1456,Low,34.59
9300-AGZNL,Male,1,No,No,1,0-12,Month-to-month,Fiber optic,Electronic check,94.0,94.0,Yes,0.8561,High,965.68
0988-AADSA,Female,0,Yes,Yes,72,49+,Two year,DSL,Bank transfer (automatic),80.85,5824.75,No,0.0061,Low,5.92
9972-NKTFD,Female,0,No,No,28,25-48,Month-to-month,DSL,Bank transfer (automatic),54.65,1517.5,No,0.0933,Low,61.19
3717-LNXKW,Male,0,Yes,No,38,25-48,Month-to-month,Fiber optic,Bank transfer (automatic),91.7,3479.05,No,0.2848,Low,313.39
5734-EJKXG,Female,0,No,No,61,49+,One year,Fiber optic,Electronic check,118.6,7365.7,No,0.1648,Low,234.54
2207-RYYRL,Male,0,Yes,Yes,52,49+,Two year,No,Mailed check,24.55,1331.05,No,0.0068,Low,2.0
6729-FZWSY,Male,0,No,No,67,49+,One year,No,Mailed check,19.45,1195.95,No,0.0081,Low,1.89
9695-IDRZR,Female,0,No,Yes,34,25-48,Two year,Fiber optic,Credit card (automatic),116.15,3946.9,No,0.0935,Low,130.32
8144-DGHXP,Female,0,No,No,54,49+,Two year,DSL,Electronic check,80.6,4299.95,No,0.0215,Low,20.79
7814-LEEVE,Female,0,Yes,No,1,0-12,Month-to-month,No,Bank transfer (automatic),20.3,20.3,No,0.2414,Low,58.81
1112-CUNAO,Female,1,No,No,15,13-24,Month-to-month,Fiber optic,Electronic check,89.85,1424.95,Yes,0.6366,High,686.38
5175-AOBHI,Female,0,No,No,4,0-12,Month-to-month,DSL,Mailed check,46.0,193.6,Yes,0.3996,Medium,220.58
5174-RNGBH,Female,0,No,No,9,0-12,Month-to-month,DSL,Mailed check,66.25,620.55,Yes,0.2193,Low,174.34
8631-WUXGY,Female,0,No,Yes,46,25-48,Month-to-month,Fiber optic,Electronic check,99.8,4391.25,No,0.3936,Medium,471.38
7270-BDIOA,Female,0,No,No,22,13-24,Month-to-month,Fiber optic,Electronic check,90.0,1993.8,Yes,0.5899,High,637.09
9565-JSNFM,Male,0,No,No,38,25-48,One year,Fiber optic,Bank transfer (automatic),70.45,2597.6,Yes,0.1799,Low,152.09
5906-DVAPM,Female,0,Yes,Yes,55,49+,One year,DSL,Credit card (automatic),75.0,4213.9,No,0.0287,Low,25.83
6654-QGBZZ,Female,0,No,No,1,0-12,Month-to-month,No,Mailed check,19.9,19.9,No,0.1903,Low,45.44
8348-JLBUG,Male,1,Yes,No,64,49+,One year,Fiber optic,Credit card (automatic),80.3,5017.7,No,0.0484,Low,46.64
0607-DAAHE,Male,0,No,Yes,53,49+,Two year,No,Bank transfer (automatic),19.75,1052.35,Yes,0.0041,Low,0.97
5641-DMBFJ,Female,0,Yes,No,58,49+,Two year,DSL,Electronic check,84.3,4916.4,No,0.0406,Low,41.07
9200-NLNPD,Male,0,Yes,No,56,49+,One year,DSL,Bank transfer (automatic),54.05,2959.8,No,0.0771,Low,50.01
2664-XJZNO,Male,0,Yes,Yes,72,49+,Two year,Fiber optic,Credit card (automatic),104.9,7559.55,No,0.0325,Low,40.91
9732-KPKBW,Male,0,No,No,1,0-12,Month-to-month,DSL,Electronic check,53.95,53.95,Yes,0.3328,Medium,215.45
3339-EAQNV,Male,1,Yes,No,72,49+,One year,Fiber optic,Credit card (automatic),97.25,7133.1,No,0.1942,Low,226.63
0921-OHLVP,Male,0,No,No,22,13-24,Month-to-month,Fiber optic,Electronic check,83.05,1799.3,No,0.5997,High,597.66
3389-YGYAI,Female,1,No,No,8,0-12,Month-to-month,Fiber optic,Electronic check,105.5,829.55,Yes,0.7875,High,996.98
9560-ARGQJ,Female,0,No,Yes,16,13-24,Month-to-month,Fiber optic,Electronic check,81.0,1312.15,Yes,0.585,High,568.62
8350-NYMVI,Female,0,No,No,39,25-48,Month-to-month,DSL,Bank transfer (automatic),41.1,1597.05,No,0.0887,Low,43.75
1600-DILPE,Female,0,No,No,12,0-12,Month-to-month,DSL,Bank transfer (automatic),45.0,524.35,No,0.314,Medium,169.56
0536-ESJEP,Male,0,Yes,No,54,49+,Two year,DSL,Bank transfer (automatic),74.55,4191.45,No,0.0281,Low,25.14
4654-GGUII,Female,0,No,No,18,13-24,One year,DSL,Mailed check,40.2,711.95,No,0.1105,Low,53.31
6478-HRRCZ,Male,0,Yes,No,32,25-48,One year,DSL,Mailed check,70.5,2201.75,No,0.0418,Low,35.36
8510-BBWMU,Female,0,No,No,41,25-48,One year,No,Mailed check,19.75,806.95,No,0.0263,Low,6.23
6857-TKDJV,Male,0,Yes,Yes,67,49+,Two year,No,Bank transfer (automatic),24.65,1620.45,No,0.0032,Low,0.95
2360-RDGRO,Male,0,Yes,No,65,49+,Month-to-month,Fiber optic,Electronic check,104.25,6812.95,No,0.3733,Medium,467.0
0584-BJQGZ,Female,0,No,No,25,25-48,Month-to-month,DSL,Bank transfer (automatic),78.35,1837.9,No,0.1679,Low,157.86
5134-IKDAY,Female,0,Yes,Yes,1,0-12,Month-to-month,Fiber optic,Electronic check,69.8,69.8,Yes,0.658,High,551.14
1360-XFJMR,Female,0,Yes,No,67,49+,One year,Fiber optic,Credit card (automatic),109.7,7344.45,No,0.1444,Low,190.09
3070-DVEYC,Male,1,No,No,7,0-12,Month-to-month,Fiber optic,Mailed check,73.75,545.15,Yes,0.6154,High,544.63
5730-RIITO,Female,1,No,No,43,25-48,Month-to-month,DSL,Credit card (automatic),33.45,1500.25,No,0.1191,Low,47.81
9058-MJLZC,Female,0,No,No,24,13-24,Month-to-month,Fiber optic,Electronic check,94.6,2283.15,No,0.5561,High,631.28
5707-ORNDZ,Male,1,No,No,9,0-12,Month-to-month,DSL,Electronic check,54.55,494.05,Yes,0.3577,Medium,234.15
0902-XKXPN,Male,0,Yes,Yes,69,49+,Two year,No,Bank transfer (automatic),20.2,1376.5,No,0.002,Low,0.48
5177-RVZNU,Female,0,No,Yes,37,25-48,One year,No,Bank transfer (automatic),20.3,755.4,No,0.0161,Low,3.92
0056-EPFBG,Male,0,Yes,Yes,20,13-24,Two year,DSL,Credit card (automatic),39.4,825.4,No,0.0493,Low,23.31
8993-IZEUX,Male,0,No,No,7,0-12,Month-to-month,Fiber optic,Bank transfer (automatic),69.15,488.65,No,0.485,Medium,402.45
8696-JKZNU,Female,1,No,No,37,25-48,Month-to-month,Fiber optic,Electronic check,76.25,2841.55,Yes,0.5142,High,470.49
5380-AFSSK,Female,0,No,No,5,0-12,Month-to-month,Fiber optic,Mailed check,93.9,486.85,Yes,0.7687,High,866.17
8190-ZTQFB,Male,0,No,No,41,25-48,One year,DSL,Electronic check,51.35,2075.1,No,0.2206,Low,135.93
0931-MHTEM,Female,0,No,No,54,49+,One year,Fiber optic,Credit card (automatic),100.05,5299.65,No,0.1285,Low,154.28
2055-PDADH,Female,1,No,No,3,0-12,Month-to-month,Fiber optic,Electronic check,70.4,204.7,Yes,0.7139,High,603.1
7515-LODFU,Male,1,No,No,69,49+,Two year,No,Credit card (automatic),20.3,1356.3,No,0.0027,Low,0.66
0440-UEDAI,Female,0,No,No,53,49+,One year,Fiber optic,Credit card (automatic),94.45,5042.75,No,0.1077,Low,122.07
1337-BOZWO,Male,0,Yes,Yes,18,13-24,One year,DSL,Credit card (automatic),46.4,812.4,No,0.1442,Low,80.29
0868-VJRDR,Male,0,Yes,No,64,49+,Two year,Fiber optic,Credit card (automatic),104.05,6605.55,No,0.0435,Low,54.31
8714-EUHJO,Female,0,Yes,Yes,31,25-48,Month-to-month,Fiber optic,Electronic check,91.15,2995.45,Yes,0.523,High,572.06
6344-SFJVH,Female,0,No,No,20,13-24,Month-to-month,DSL,Credit card (automatic),24.9,505.95,No,0.2646,Low,79.06
3950-VPYJB,Male,0,Yes,Yes,57,49+,One year,DSL,Mailed check,59.6,3509.4,No,0.0108,Low,7.72
8041-TMEID,Male,1,Yes,No,63,49+,Two year,Fiber optic,Credit card (automatic),108.5,6991.9,No,0.0727,Low,94.66
7321-ZNSLA,Male,0,Yes,Yes,13,13-24,Two year,DSL,Mailed check,40.55,590.35,No,0.0434,Low,21.12
6941-KXRRV,Female,1,Yes,No,48,25-48,One year,DSL,Bank transfer (automatic),58.95,2789.7,No,0.0728,Low,51.5
3721-CNEYS,Female,0,No,No,2,0-12,Month-to-month,Fiber optic,Electronic check,70.95,137.95,Yes,0.6876,High,585.42
8727-JQFHV,Male,0,Yes,Yes,57,49+,Two year,No,Mailed check,20.75,1123.15,No,0.0037,Low,0.92
9475-NNDGC,Male,0,Yes,No,71,49+,One year,Fiber optic,Bank transfer (automatic),113.15,7953.25,No,0.1308,Low,177.6
1355-KUSBG,Female,0,Yes,Yes,7,0-12,Month-to-month,DSL,Electronic check,48.8,349.8,No,0.3919,Medium,229.5
3688-FTHLT,Female,0,No,No,16,13-24,Month-to-month,DSL,Bank transfer (automatic),63.05,1067.05,No,0.3901,Medium,295.15
0899-LIIBW,Male,0,Yes,No,34,25-48,Month-to-month,Fiber optic,Electronic check,100.85,3527.3,No,0.5762,High,697.32
2568-OIADY,Female,0,Yes,No,37,25-48,Month-to-month,Fiber optic,Electronic check,99.5,3762.0,Yes,0.6453,High,770.49
1384-RCUXW,Male,0,No,No,16,13-24,Month-to-month,Fiber optic,Mailed check,80.55,1248.9,No,0.5423,High,524.19
5825-XJOCM,Male,0,No,Yes,48,25-48,One year,DSL,Bank transfer (automatic),64.4,3035.35,No,0.0364,Low,28.13
6848-YLDFR,Male,0,Yes,Yes,58,49+,One year,DSL,Credit card (automatic),75.2,4300.8,No,0.0364,Low,32.85
8125-QPFJD,Female,0,Yes,No,72,49+,Two year,DSL,Bank transfer (automatic),84.9,6065.3,No,0.0178,Low,18.13
2320-YKQBO,Female,0,No,No,7,0-12,Month-to-month,No,Mailed check,19.3,144.95,No,0.154,Low,35.67
1193-RTSLK,Female,0,No,No,38,25-48,Month-to-month,Fiber optic,Credit card (automatic),83.9,3233.6,Yes,0.2106,Low,212.03
2302-ANTDP,Female,1,Yes,No,48,25-48,Month-to-month,Fiber optic,Electronic check,117.45,5438.9,Yes,0.2952,Low,416.05
5923-GXUOC,Male,0,No,No,10,0-12,Month-to-month,Fiber optic,Electronic check,104.4,1081.45,Yes,0.6149,High,770.35
4973-RLZVI,Female,0,No,No,30,25-48,One year,DSL,Credit card (automatic),74.65,2308.6,No,0.0401,Low,35.92
7869-ZYDST,Male,0,Yes,No,31,25-48,Month-to-month,DSL,Credit card (automatic),59.05,1882.8,No,0.2925,Low,207.27
4501-UYKBC,Female,1,No,No,46,25-48,One year,DSL,Credit card (automatic),69.1,3255.35,No,0.0872,Low,72.31
1215-EXRMO,Male,0,Yes,No,50,49+,Two year,No,Mailed check,20.55,1067.65,No,0.0065,Low,1.6
2305-MRGLV,Male,0,Yes,No,28,25-48,Month-to-month,Fiber optic,Bank transfer (automatic),76.55,2065.4,No,0.2339,Low,214.86
8404-VIOMB,Female,0,No,No,66,49+,Two year,DSL,Bank transfer (automatic),62.5,4136.4,No,0.0182,Low,13.65
5233-GEEAX,Male,1,No,No,8,0-12,Month-to-month,DSL,Electronic check,29.4,221.9,Yes,0.609,High,214.86
2359-KLTEK,Female,0,Yes,Yes,41,25-48,Month-to-month,Fiber optic,Bank transfer (automatic),94.9,3848.0,No,0.3798,Medium,432.52
5304-EFJLP,Male,1,Yes,No,72,49+,Two year,Fiber optic,Bank transfer (automatic),111.65,8022.85,No,0.0826,Low,110.67
2673-ZALNP,Female,0,No,No,7,0-12,One year,No,Mailed check,19.9,173.15,No,0.0818,Low,19.53
9184-GALIL,Female,0,Yes,Yes,38,25-48,Month-to-month,No,Mailed check,20.45,781.25,No,0.0336,Low,8.25
4393-RYCRE,Male,0,No,No,44,25-48,One year,Fiber optic,Electronic check,106.05,4510.8,No,0.2274,Low,289.39
9746-MDMBK,Male,0,Yes,Yes,47,25-48,One year,Fiber optic,Bank transfer (automatic),113.45,5317.8,No,0.1431,Low,194.82
3162-ZJZFU,Male,0,Yes,Yes,53,49+,Month-to-month,Fiber optic,Electronic check,92.55,4779.45,No,0.2156,Low,239.45
8404-GFGCZ,Male,0,Yes,No,4,0-12,Month-to-month,DSL,Electronic check,65.6,250.1,No,0.5159,High,406.12
8875-AKBYH,Male,1,No,No,20,13-24,Month-to-month,Fiber optic,Electronic check,84.35,1745.2,No,0.7245,High,733.34
4432-ADRLB,Male,0,No,No,2,0-12,Month-to-month,DSL,Mailed check,44.65,74.9,Yes,0.3452,Medium,184.96
0533-UCAAU,Male,1,Yes,No,57,49+,One year,DSL,Credit card (automatic),71.1,4140.1,No,0.0742,Low,63.31
1394-SUIUH,Female,1,Yes,No,44,25-48,Month-to-month,Fiber optic,Electronic check,85.15,3670.5,No,0.2117,Low,216.32
3521-MNKLV,Male,0,No,No,24,13-24,Month-to-month,DSL,Mailed check,49.7,1167.8,No,0.2363,Low,140.93
2533-TIBIX,Male,0,Yes,Yes,15,13-24,Month-to-month,DSL,Bank transfer (automatic),30.2,469.65,No,0.2702,Low,97.92
8993-PHFWD,Female,0,No,No,3,0-12,Month-to-month,DSL,Electronic check,25.25,58.9,Yes,0.5342,High,161.86
1565-RHDJD,Female,0,No,Yes,4,0-12,Month-to-month,Fiber optic,Bank transfer (automatic),84.05,333.55,Yes,0.4691,Medium,473.13
7137-RYLPP,Male,1,Yes,No,37,25-48,Month-to-month,Fiber optic,Electronic check,85.7,3171.15,Yes,0.602,High,619.1
3765-JXVKY,Female,0,No,No,1,0-12,Month-to-month,Fiber optic,Electronic check,74.7,74.7,Yes,0.6649,High,596.02
5092-STPKP,Female,0,No,No,24,13-24,Month-to-month,DSL,Credit card (automatic),56.35,1381.2,No,0.0806,Low,54.5
7330-WZLNC,Female,0,No,No,5,0-12,Month-to-month,Fiber optic,Electronic check,90.8,455.5,Yes,0.7395,High,805.76
0114-PEGZZ,Female,0,No,No,33,25-48,Month-to-month,Fiber optic,Electronic check,107.55,3645.5,No,0.5276,High,680.92
3359-DSRKA,Female,0,Yes,Yes,58,49+,Two year,No,Mailed check,19.85,1158.85,No,0.0051,Low,1.21
8639-NHQEI,Female,0,Yes,Yes,72,49+,Two year,Fiber optic,Bank transfer (automatic),95.9,6954.15,No,0.0373,Low,42.92
7161-DFHUF,Female,0,Yes,No,71,49+,Two year,No,Mailed check,23.85,1672.1,No,0.0036,Low,1.03
3957-LXOLK,Female,1,No,No,28,25-48,Month-to-month,Fiber optic,Electronic check,106.15,3152.5,Yes,0.6916,High,880.96
3720-DBRWL,Male,0,Yes,No,51,49+,Two year,DSL,Credit card (automatic),83.85,4307.1,No,0.0221,Low,22.24
6635-MYYYZ,Female,0,No,No,30,25-48,One year,DSL,Bank transfer (automatic),85.35,2530.4,Yes,0.0525,Low,53.77
8565-WUXZU,Male,1,Yes,No,72,49+,Two year,Fiber optic,Credit card (automatic),84.8,6141.65,No,0.0194,Low,19.74
5281-BUZGT,Male,1,No,No,36,25-48,Month-to-month,Fiber optic,Electronic check,90.85,3186.7,Yes,0.5039,High,549.35
4994-OBRSZ,Male,0,No,Yes,14,13-24,Two year,DSL,Bank transfer (automatic),76.1,1054.8,No,0.0282,Low,25.75
0562-FGDCR,Female,0,Yes,Yes,72,49+,Two year,DSL,Mailed check,74.55,5430.65,No,0.0066,Low,5.9
2436-QBZFP,Female,0,Yes,Yes,22,13-24,Month-to-month,DSL,Electronic check,39.2,849.9,No,0.3167,Medium,148.98
3420-YJLQT,Female,0,No,No,2,0-12,Month-to-month,Fiber optic,Electronic check,79.55,151.75,No,0.6391,High,610.08
6040-CGACY,Female,0,No,No,15,13-24,Month-to-month,No,Mailed check,19.6,299.4,No,0.111,Low,26.11
6582-PLFUU,Male,0,Yes,Yes,51,49+,Two year,No,Credit card (automatic),19.55,1086.75,No,0.0046,Low,1.08
8242-PDSGJ,Male,0,Yes,No,70,49+,Two year,DSL,Credit card (automatic),39.15,2692.75,No,0.008,Low,3.76
0264-CNITK,Female,0,Yes,Yes,71,49+,Two year,No,Bank transfer (automatic),20.1,1389.6,No,0.0018,Low,0.43
0089-IIQKO,Female,0,Yes,Yes,39,25-48,Month-to-month,Fiber optic,Credit card (automatic),99.95,3767.4,No,0.3802,Medium,456.01
7839-NUIAA,Female,0,Yes,Yes,61,49+,Month-to-month,DSL,Electronic check,59.8,3641.5,No,0.0453,Low,32.51
6075-QMNRR,Female,0,No,No,52,49+,Month-to-month,DSL,Bank transfer (automatic),49.75,2535.55,No,0.0596,Low,35.58
5378-IKEEG,Female,0,No,No,1,0-12,Month-to-month,DSL,Electronic check,35.75,35.75,Yes,0.692,High,296.87
5966-EMAZU,Male,0,Yes,No,64,49+,One year,Fiber optic,Mailed check,108.5,6880.85,No,0.1403,Low,182.67
0440-EKDCF,Male,0,Yes,No,62,49+,Two year,DSL,Credit card (automatic),60.15,3753.2,No,0.0107,Low,7.72
4774-HHGGS,Male,0,Yes,No,30,25-48,Two year,No,Mailed check,19.05,637.55,No,0.0168,Low,3.84
2718-GAXQD,Female,1,Yes,Yes,4,0-12,Month-to-month,DSL,Electronic check,46.0,181.6,Yes,0.3694,Medium,203.91
2055-BFOCC,Male,1,Yes,No,63,49+,One year,DSL,Bank transfer (automatic),84.0,5329.55,No,0.0348,Low,35.08
8180-AKMJV,Female,0,No,No,1,0-12,Month-to-month,DSL,Credit card (automatic),44.55,44.55,No,0.4124,Medium,220.47
4298-OYIFC,Male,0,Yes,No,15,13-24,Month-to-month,Fiber optic,Electronic check,103.45,1539.8,No,0.7079,High,878.79
5566-SOEZD,Male,0,Yes,Yes,27,25-48,One year,Fiber optic,Credit card (automatic),80.65,2209.75,No,0.1305,Low,126.3
9842-EFSYY,Female,0,No,Yes,4,0-12,Month-to-month,DSL,Mailed check,57.2,223.75,No,0.4635,Medium,318.15
2272-WUSPA,Female,0,Yes,No,72,49+,Two year,Fiber optic,Electronic check,110.75,7751.7,No,0.0931,Low,123.73
4584-LBNMK,Male,1,Yes,No,45,25-48,One year,No,Credit card (automatic),24.7,1174.35,No,0.0233,Low,6.91
3898-GUYTS,Female,1,No,No,45,25-48,Month-to-month,Fiber optic,Electronic check,97.05,4385.05,No,0.3488,Medium,406.21
0930-EHUZA,Female,0,No,No,36,25-48,One year,DSL,Mailed check,76.35,2606.35,No,0.0482,Low,44.16
6413-XKKPU,Male,0,Yes,Yes,17,13-24,Month-to-month,Fiber optic,Electronic check,89.4,1539.45,Yes,0.4926,Medium,528.46
9975-SKRNR,Male,0,No,No,1,0-12,Month-to-month,No,Mailed check,18.9,18.9,No,0.1985,Low,45.02
3703-KBKZP,Male,1,No,No,16,13-24,Month-to-month,Fiber optic,Bank transfer (automatic),74.45,1261.35,No,0.6108,High,545.69
1449-XQEMT,Male,0,No,No,3,0-12,Month-to-month,No,Mailed check,19.8,58.15,Yes,0.2415,Low,57.38
2626-URJFX,Male,0,Yes,Yes,4,0-12,Month-to-month,DSL,Electronic check,50.9,225.6,Yes,0.503,High,307.23
4973-MGTON,Female,0,Yes,No,71,49+,Two year,DSL,Credit card (automatic),84.4,5969.3,No,0.0114,Low,11.55
3682-YEUWS,Male,0,Yes,Yes,10,0-12,Month-to-month,No,Mailed check,24.4,253.9,No,0.2042,Low,59.79
1223-UNPKS,Male,0,Yes,Yes,20,13-24,Two year,No,Mailed check,20.05,400.0,No,0.0203,Low,4.88
2612-RRIDN,Male,0,No,No,4,0-12,Month-to-month,Fiber optic,Electronic check,81.0,340.85,Yes,0.7265,High,706.16
4735-ASGMA,Male,0,No,No,26,25-48,Month-to-month,Fiber optic,Electronic check,98.35,2515.3,Yes,0.7123,High,840.66
3446-QDSZF,Female,0,No,No,4,0-12,Month-to-month,DSL,Credit card (automatic),55.5,227.35,No,0.345,Medium,229.77
3669-LVWZB,Male,0,No,No,5,0-12,Month-to-month,DSL,Mailed check,51.0,305.95,Yes,0.6038,High,369.53
6892-EZDTG,Female,0,Yes,No,4,0-12,Month-to-month,Fiber optic,Electronic check,91.65,365.4,Yes,0.7444,High,818.69
5117-IFGPS,Male,1,Yes,No,29,25-48,Month-to-month,Fiber optic,Electronic check,84.3,2357.75,No,0.6627,High,670.39
7379-FNIUJ,Male,0,No,No,2,0-12,Month-to-month,Fiber optic,Electronic check,100.2,198.5,No,0.5788,High,695.95
1627-AFWVJ,Female,0,No,No,29,25-48,Two year,No,Mailed check,19.4,554.25,No,0.0164,Low,3.82
9725-SCPZG,Male,0,No,Yes,1,0-12,Month-to-month,Fiber optic,Electronic check,90.85,90.85,Yes,0.7449,High,812.09
5884-GCYMI,Male,0,No,No,1,0-12,Month-to-month,Fiber optic,Mailed check,69.4,69.4,Yes,0.5539,High,461.29
3217-FZDMN,Female,1,No,No,8,0-12,Month-to-month,Fiber optic,Credit card (automatic),94.45,742.95,Yes,0.6901,High,782.16
4486-EFAEB,Male,0,No,No,13,13-24,Month-to-month,No,Electronic check,20.4,251.65,No,0.2115,Low,51.78
0060-FUALY,Female,0,Yes,No,59,49+,Month-to-month,Fiber optic,Electronic check,94.75,5597.65,No,0.2919,Low,331.89
7853-GVUDZ,Female,0,Yes,Yes,1,0-12,Month-to-month,No,Credit card (automatic),20.15,20.15,Yes,0.198,Low,47.88
7480-QNVZJ,Male,1,No,No,50,49+,Month-to-month,Fiber optic,Electronic check,95.7,4816.7,Yes,0.5819,High,668.25
6954-OOYZZ,Male,0,Yes,No,18,13-24,Month-to-month,DSL,Bank transfer (automatic),44.35,768.05,No,0.2759,Low,146.83
7088-FBAWU,Female,0,Yes,Yes,17,13-24,Month-to-month,DSL,Mailed check,74.55,1215.8,No,0.1793,Low,160.4
8313-AFGBW,Male,0,Yes,No,47,25-48,Two year,DSL,Electronic check,73.6,3522.65,No,0.0515,Low,45.48
3943-KDREE,Female,0,No,No,26,25-48,Month-to-month,Fiber optic,Bank transfer (automatic),74.95,1834.95,Yes,0.474,Medium,426.32
9239-ZBZZV,Female,0,No,No,6,0-12,Month-to-month,DSL,Electronic check,47.95,305.1,Yes,0.7078,High,407.27
3097-IDVPU,Male,0,Yes,Yes,19,13-24,Month-to-month,DSL,Credit card (automatic),50.1,910.45,No,0.2059,Low,123.79
4398-HSCJH,Female,0,No,No,3,0-12,Month-to-month,DSL,Electronic check,63.6,155.65,Yes,0.5368,High,409.69
2197-OMWGI,Female,1,Yes,Yes,68,49+,Two year,DSL,Electronic check,53.0,3656.25,No,0.0435,Low,27.67
2303-PJYHN,Female,0,Yes,No,2,0-12,Month-to-month,No,Bank transfer (automatic),19.85,52.0,No,0.1758,Low,41.88
9795-VOWON,Male,0,No,No,7,0-12,One year,DSL,Credit card (automatic),24.35,150.85,No,0.3226,Medium,94.26
1237-WIYYZ,Female,0,No,No,18,13-24,Month-to-month,No,Mailed check,19.55,389.25,No,0.1371,Low,32.16
1987-AUELQ,Female,0,Yes,No,71,49+,Two year,No,Credit card (automatic),25.05,1873.7,No,0.0032,Low,0.96
7852-LECYP,Male,1,Yes,No,13,13-24,Month-to-month,Fiber optic,Credit card (automatic),93.8,1261.0,No,0.465,Medium,523.4
4430-UZIPO,Male,0,No,No,3,0-12,Month-to-month,DSL,Mailed check,36.85,108.7,Yes,0.4095,Medium,181.08
4822-LPTYJ,Male,0,Yes,No,72,49+,Two year,Fiber optic,Bank transfer (automatic),103.75,7346.2,No,0.096,Low,119.52
8165-CBKXO,Male,0,Yes,Yes,66,49+,Two year,DSL,Credit card (automatic),56.75,3708.4,No,0.0258,Low,17.57
6527-PZFPV,Male,0,Yes,Yes,24,13-24,One year,No,Credit card (automatic),20.8,469.65,No,0.0409,Low,10.21
4855-SNKMY,Female,0,No,No,1,0-12,Month-to-month,DSL,Electronic check,44.1,44.1,Yes,0.5187,High,274.5
9593-CVZKR,Female,0,Yes,Yes,56,49+,Two year,No,Mailed check,24.45,1385.85,No,0.008,Low,2.35
8595-SIZNC,Female,1,Yes,No,22,13-24,One year,No,Bank transfer (automatic),25.6,548.8,No,0.0608,Low,18.68
8008-HAWED,Male,0,No,No,14,13-24,Month-to-month,DSL,Electronic check,50.75,712.75,Yes,0.625,High,380.62
7124-UGSUR,Female,1,Yes,No,61,49+,One year,Fiber optic,Credit card (automatic),104.4,6405.0,Yes,0.2382,Low,298.42
1862-SKORY,Female,1,Yes,No,40,25-48,Month-to-month,DSL,Electronic check,39.3,1637.4,Yes,0.3186,Medium,150.25
5236-XMZJY,Female,0,No,No,42,25-48,Month-to-month,DSL,Bank transfer (automatic),59.65,2536.55,No,0.0551,Low,39.44
4827-DPADN,Female,0,Yes,Yes,72,49+,Two year,DSL,Bank transfer (automatic),83.3,6042.7,No,0.0149,Low,14.89
2694-CIUMO,Female,0,No,No,12,0-12,Month-to-month,Fiber optic,Credit card (automatic),79.55,958.25,No,0.5024,High,479.59
5846-ABOBJ,Male,0,Yes,No,71,49+,Two year,No,Bank transfer (automatic),24.45,1730.65,No,0.0034,Low,1.0
1439-LCGVL,Female,0,Yes,No,26,25-48,One year,No,Mailed check,19.2,459.6,No,0.0367,Low,8.46
0909-SDHNU,Female,0,No,Yes,7,0-12,Month-to-month,DSL,Mailed check,29.8,201.95,No,0.2736,Low,97.84
4647-XXZAM,Female,0,Yes,Yes,6,0-12,Month-to-month,DSL,Mailed check,45.5,285.2,No,0.2598,Low,141.85
1502-XFCVR,Female,0,No,No,58,49+,One year,Fiber optic,Electronic check,106.45,6145.85,Yes,0.169,Low,215.88
7740-KKCXF,Male,0,Yes,No,51,49+,Month-to-month,DSL,Credit card (automatic),30.05,1529.45,No,0.1072,Low,38.66
5360-XGYAZ,Male,0,Yes,Yes,72,49+,Two year,DSL,Bank transfer (automatic),65.65,4664.5,No,0.0115,Low,9.06
9692-TUSXH,Female,0,No,No,18,13-24,Month-to-month,Fiber optic,Electronic check,96.05,1740.7,Yes,0.5892,High,679.11
7912-SYRQT,Female,0,No,No,7,0-12,Month-to-month,Fiber optic,Bank transfer (automatic),75.1,552.95,Yes,0.636,High,573.16
3557-HTYWR,Female,0,No,No,47,25-48,Two year,DSL,Mailed check,74.05,3496.3,No,0.0184,Low,16.35
4816-JBHOV,Male,1,No,No,2,0-12,Month-to-month,DSL,Electronic check,44.7,93.7,Yes,0.5456,High,292.66
8920-NAVAY,Male,1,No,No,62,49+,One year,Fiber optic,Bank transfer (automatic),110.75,7053.35,No,0.1901,Low,252.64
1699-TLDLZ,Female,0,Yes,Yes,16,13-24,Two year,No,Mailed check,19.7,301.55,No,0.0239,Low,5.65
5600-PDUJF,Male,0,No,No,6,0-12,Month-to-month,DSL,Credit card (automatic),49.5,312.7,No,0.29,Low,172.26
8292-TYSPY,Male,0,No,No,19,13-24,Month-to-month,DSL,Credit card (automatic),55.0,1046.5,Yes,0.1915,Low,126.39
0567-XRHCU,Female,0,Yes,Yes,69,49+,Two year,DSL,Credit card (automatic),43.95,2960.1,No,0.0127,Low,6.7
1867-BDVFH,Male,0,Yes,Yes,11,0-12,Month-to-month,Fiber optic,Electronic check,74.35,834.2,Yes,0.6557,High,585.02
2067-QYTCF,Female,0,Yes,No,64,49+,Month-to-month,Fiber optic,Electronic check,111.15,6953.4,No,0.3448,Medium,459.89
2359-QWQUL,Female,0,Yes,No,39,25-48,One year,Fiber optic,Credit card (automatic),104.7,4134.85,Yes,0.1643,Low,206.43
9103-TCIHJ,Female,0,No,No,15,13-24,Month-to-month,DSL,Mailed check,55.7,899.8,Yes,0.2823,Low,188.69
7407-SUJIZ,Male,0,No,No,25,25-48,Month-to-month,No,Mailed check,20.6,541.5,No,0.0733,Low,18.12
9150-KPBJQ,Female,0,No,No,6,0-12,Two year,No,Credit card (automatic),19.65,116.85,No,0.0411,Low,9.69
0052-DCKON,Male,0,Yes,No,66,49+,One year,Fiber optic,Bank transfer (automatic),115.8,7942.15,No,0.0856,Low,118.95
3654-ARMGP,Female,0,No,No,61,49+,Two year,DSL,Credit card (automatic),88.65,5321.25,No,0.0196,Low,20.85
9699-UBQFS,Female,1,Yes,No,43,25-48,Month-to-month,Fiber optic,Electronic check,94.5,4156.8,No,0.4367,Medium,495.22
9367-TCUYN,Female,0,No,No,12,0-12,Month-to-month,No,Mailed check,20.1,223.6,No,0.1233,Low,29.74
1261-FWTTE,Male,1,No,No,23,13-24,Month-to-month,DSL,Bank transfer (automatic),34.65,768.45,No,0.4215,Medium,175.26
3528-HFRIQ,Male,1,Yes,No,71,49+,Month-to-month,DSL,Bank transfer (automatic),52.3,3765.05,No,0.1235,Low,77.51
0708-SJDIS,Female,0,No,No,34,25-48,Month-to-month,DSL,Mailed check,65.0,2157.5,No,0.157,Low,122.46
4140-WJAWW,Female,0,No,No,5,0-12,Month-to-month,No,Credit card (automatic),19.85,108.05,Yes,0.1498,Low,35.68
2073-QBVBI,Female,0,Yes,No,41,25-48,One year,DSL,Mailed check,35.45,1391.65,No,0.0465,Low,19.78
6928-ONTRW,Female,0,Yes,Yes,72,49+,Two year,No,Credit card (automatic),19.7,1379.8,No,0.0017,Low,0.4
3320-VEOYC,Male,1,No,No,14,13-24,Month-to-month,Fiber optic,Electronic check,95.6,1273.3,No,0.7935,High,910.3
5231-FIQPA,Female,0,No,No,41,25-48,Two year,No,Mailed check,19.85,810.45,No,0.0136,Low,3.24
6617-WLBQC,Female,0,Yes,Yes,23,13-24,One year,Fiber optic,Credit card (automatic),81.85,1810.85,No,0.1478,Low,145.17
2599-CIPQE,Male,0,Yes,Yes,71,49+,Two year,Fiber optic,Credit card (automatic),109.3,7782.85,No,0.0214,Low,28.07
6653-CBBOM,Female,0,No,No,1,0-12,Month-to-month,Fiber optic,Electronic check,70.3,70.3,Yes,0.6993,High,589.93
8774-GSBUN,Male,0,Yes,No,72,49+,Two year,No,Mailed check,25.4,1797.1,No,0.0034,Low,1.04
7326-RIGQZ,Male,0,Yes,Yes,6,0-12,Month-to-month,Fiber optic,Electronic check,69.8,377.85,No,0.6212,High,520.32
1401-FTHFQ,Male,0,Yes,Yes,23,13-24,One year,No,Credit card (automatic),20.0,445.3,No,0.0437,Low,10.49
3247-ZVOUO,Male,1,Yes,No,10,0-12,Month-to-month,Fiber optic,Electronic check,85.55,851.75,Yes,0.7075,High,726.32
0254-FNMCI,Female,0,No,No,72,49+,Two year,Fiber optic,Electronic check,109.9,7624.2,No,0.0493,Low,65.02
1848-LBZHY,Female,0,Yes,No,7,0-12,Month-to-month,DSL,Bank transfer (automatic),50.3,355.1,No,0.2727,Low,164.6
6101-IMRMM,Male,0,No,Yes,6,0-12,Month-to-month,Fiber optic,Mailed check,94.5,575.45,Yes,0.5627,High,638.1
8118-TJAFG,Male,0,Yes,Yes,9,0-12,Month-to-month,Fiber optic,Electronic check,101.5,906.85,No,0.5753,High,700.72
5429-LWCMV,Female,0,No,No,12,0-12,Month-to-month,Fiber optic,Electronic check,89.15,1057.55,No,0.7062,High,755.49
7298-IZWLY,Female,0,No,No,1,0-12,Month-to-month,No,Mailed check,19.4,19.4,No,0.2568,Low,59.78
9758-MFWGD,Female,1,Yes,Yes,48,25-48,One year,DSL,Bank transfer (automatic),29.9,1388.75,No,0.0414,Low,14.85
3955-JBZZM,Male,0,No,No,20,13-24,Month-to-month,Fiber optic,Electronic check,78.8,1641.3,No,0.5404,High,511.0
1268-ASBGA,Female,1,Yes,No,16,13-24,Month-to-month,Fiber optic,Credit card (automatic),85.35,1375.15,Yes,0.6544,High,670.24
8943-URTMR,Female,0,No,No,2,0-12,Month-to-month,Fiber optic,Mailed check,79.65,152.7,Yes,0.6786,High,648.61
4815-TUMEQ,Female,0,No,No,10,0-12,One year,No,Mailed check,19.3,185.2,No,0.1017,Low,23.55
4713-LZDRV,Female,1,No,No,2,0-12,Month-to-month,Fiber optic,Electronic check,79.6,195.05,Yes,0.77,High,735.5
9909-IDLEK,Male,0,Yes,Yes,20,13-24,Month-to-month,Fiber optic,Mailed check,96.8,1826.7,No,0.3394,Medium,394.25
4092-OFQZS,Male,0,Yes,No,20,13-24,One year,No,Mailed check,20.65,417.5,No,0.0476,Low,11.8
1561-BWHIN,Male,0,Yes,Yes,19,13-24,One year,No,Mailed check,19.8,344.5,No,0.0406,Low,9.65
4325-NFSKC,Male,1,No,No,19,13-24,Month-to-month,Fiber optic,Electronic check,90.6,1660.0,Yes,0.6305,High,685.48
9927-DSWDF,Male,0,Yes,No,22,13-24,Month-to-month,Fiber optic,Electronic check,104.6,2180.55,No,0.449,Medium,563.58
9500-LTVBP,Female,0,No,No,35,25-48,Month-to-month,Fiber optic,Credit card (automatic),80.05,2835.9,No,0.2479,Low,238.13
7252-NTGSS,Female,0,No,No,1,0-12,Month-to-month,DSL,Mailed check,45.15,45.15,No,0.3466,Medium,187.79
8149-AIQCG,Male,0,No,No,39,25-48,Month-to-month,Fiber optic,Credit card (automatic),73.15,2730.85,No,0.375,Medium,329.18
1360-JYXKQ,Female,1,Yes,No,54,49+,One year,Fiber optic,Electronic check,99.1,5437.1,No,0.2526,Low,300.39
2955-PSXOE,Female,0,No,No,1,0-12,Month-to-month,No,Bank transfer (automatic),20.2,20.2,Yes,0.238,Low,57.69
7762-URZQH,Male,0,Yes,No,66,49+,Two year,Fiber optic,Credit card (automatic),106.05,6981.35,Yes,0.0853,Low,108.55
0899-WZRSD,Male,0,No,No,56,49+,Month-to-month,Fiber optic,Mailed check,105.35,5794.45,No,0.2711,Low,342.72
3255-GRXMG,Male,0,No,Yes,18,13-24,Month-to-month,DSL,Credit card (automatic),45.65,747.2,No,0.216,Low,118.32
4828-FAZPK,Female,0,Yes,Yes,16,13-24,Month-to-month,Fiber optic,Credit card (automatic),79.95,1267.95,No,0.4643,Medium,445.45
6094-ZIVKX,Female,0,No,No,68,49+,One year,DSL,Credit card (automatic),54.45,3674.95,No,0.0167,Low,10.91
6925-BAYGL,Female,1,Yes,No,53,49+,Two year,No,Credit card (automatic),25.1,1275.6,No,0.008,Low,2.41
3262-EIDHV,Female,0,Yes,Yes,72,49+,Two year,DSL,Credit card (automatic),84.7,5893.9,No,0.0093,Low,9.45
7354-OIJLX,Male,0,No,No,9,0-12,Month-to-month,Fiber optic,Electronic check,75.85,724.65,No,0.7066,High,643.15
1376-HHBDV,Female,0,No,No,30,25-48,Month-to-month,DSL,Mailed check,48.8,1536.75,No,0.1454,Low,85.15
6907-NZZIJ,Female,0,No,No,36,25-48,Month-to-month,Fiber optic,Electronic check,99.15,3615.6,Yes,0.6149,High,731.61
6133-OZILE,Female,0,No,No,18,13-24,Month-to-month,DSL,Electronic check,35.2,607.3,No,0.3689,Medium,155.82
4135-FRWKJ,Female,1,Yes,Yes,55,49+,One year,DSL,Electronic check,76.25,4154.55,No,0.0373,Low,34.13
2911-UREFD,Female,0,Yes,No,39,25-48,Month-to-month,DSL,Electronic check,55.9,2184.35,Yes,0.2286,Low,153.34
3744-ZRRDZ,Male,0,No,No,21,13-24,Month-to-month,Fiber optic,Electronic check,82.35,1852.85,Yes,0.5759,High,569.1
5673-TIYIB,Male,0,No,No,2,0-12,Month-to-month,DSL,Credit card (automatic),40.4,77.15,Yes,0.3945,Medium,191.25
6551-ZCOTS,Male,1,No,No,33,25-48,One year,No,Bank transfer (automatic),24.9,847.8,No,0.0557,Low,16.64
7191-ADRGF,Male,0,Yes,No,44,25-48,Two year,DSL,Bank transfer (automatic),54.3,2390.45,No,0.0543,Low,35.38
5018-LXQQG,Female,0,Yes,Yes,30,25-48,Month-to-month,DSL,Bank transfer (automatic),66.3,1923.5,No,0.0715,Low,56.89
6892-BOGQE,Female,0,Yes,No,71,49+,Two year,No,Bank transfer (automatic),20.9,1493.2,No,0.0032,Low,0.8
1602-IJQQE,Female,0,No,No,4,0-12,Month-to-month,Fiber optic,Electronic check,75.35,338.1,Yes,0.6607,High,597.4
4628-WQCQQ,Male,0,No,Yes,35,25-48,One year,Fiber optic,Electronic check,85.15,3030.6,Yes,0.2847,Low,290.91
1746-TGTWV,Male,0,Yes,No,1,0-12,Month-to-month,Fiber optic,Credit card (automatic),75.35,75.35,No,0.5152,High,465.84
5995-SNNEW,Male,1,Yes,No,23,13-24,Month-to-month,Fiber optic,Electronic check,104.45,2184.85,No,0.7185,High,900.57
8050-WYBND,Female,0,No,Yes,22,13-24,One year,DSL,Credit card (automatic),49.45,1031.4,No,0.241,Low,143.01
2821-WARNZ,Female,0,No,Yes,49,49+,One year,No,Credit card (automatic),19.45,921.3,No,0.0091,Low,2.12
4879-GZLFH,Female,0,Yes,Yes,42,25-48,Month-to-month,Fiber optic,Electronic check,92.15,3875.4,No,0.4833,Medium,534.43
1644-IRKSF,Female,0,Yes,Yes,33,25-48,One year,Fiber optic,Electronic check,93.8,3124.5,Yes,0.3689,Medium,415.23
8314-HTWVE,Female,0,Yes,Yes,7,0-12,Two year,No,Mailed check,19.85,144.15,No,0.0357,Low,8.5
9402-ROUMJ,Female,0,Yes,Yes,67,49+,One year,Fiber optic,Bank transfer (automatic),100.25,6689.0,No,0.0686,Low,82.53
2507-QZPQS,Male,0,No,No,15,13-24,Month-to-month,Fiber optic,Electronic check,95.7,1451.1,No,0.5114,High,587.29
7159-NOKYQ,Male,0,Yes,No,67,49+,Two year,Fiber optic,Electronic check,93.15,6368.2,No,0.1159,Low,129.55
5707-ZMDJP,Male,0,Yes,Yes,53,49+,Two year,DSL,Mailed check,69.7,3729.6,No,0.0128,Low,10.71
8779-YIQQA,Male,0,Yes,Yes,21,13-24,One year,No,Mailed check,19.8,350.1,No,0.0369,Low,8.77
7136-IHZJA,Female,0,Yes,Yes,40,25-48,Month-to-month,DSL,Mailed check,71.35,2847.2,No,0.0697,Low,59.68
8966-OIQHG,Female,0,Yes,Yes,22,13-24,One year,No,Bank transfer (automatic),20.75,452.35,No,0.0317,Low,7.89
7074-STDCN,Male,0,No,No,39,25-48,Month-to-month,DSL,Electronic check,40.6,1494.5,No,0.2459,Low,119.8
3705-PSNGL,Male,0,No,No,45,25-48,One year,No,Electronic check,20.4,930.45,Yes,0.03,Low,7.34
8739-QOTTN,Female,0,Yes,No,2,0-12,Month-to-month,No,Mailed check,20.35,41.85,No,0.1846,Low,45.08
1399-OUPJN,Female,0,Yes,Yes,57,49+,Two year,No,Bank transfer (automatic),19.75,1272.05,No,0.0036,Low,0.85
0277-BKSQP,Male,0,Yes,Yes,8,0-12,Month-to-month,DSL,Electronic check,54.4,475.1,No,0.4626,Medium,301.99
6502-HCJTI,Male,1,Yes,No,7,0-12,Month-to-month,Fiber optic,Credit card (automatic),94.7,673.1,Yes,0.5919,High,672.64
2606-RMDHZ,Male,0,No,No,6,0-12,Month-to-month,DSL,Credit card (automatic),30.5,208.7,Yes,0.4531,Medium,165.83
5774-XZTQC,Female,0,Yes,Yes,7,0-12,Month-to-month,No,Mailed check,20.45,150.75,No,0.1254,Low,30.77
2676-SSLTO,Male,0,No,No,49,49+,Two year,DSL,Bank transfer (automatic),66.15,3199.0,No,0.0359,Low,28.5
6266-QHOJZ,Female,0,No,No,65,49+,One year,Fiber optic,Electronic check,89.85,5844.65,No,0.079,Low,85.18
7269-JISCY,Female,0,No,No,55,49+,One year,DSL,Bank transfer (automatic),45.05,2462.6,No,0.027,Low,14.6
0363-SVHYR,Male,0,Yes,Yes,71,49+,Two year,DSL,Bank transfer (automatic),86.85,6263.8,No,0.0102,Low,10.63
8547-NSBBO,Male,0,No,No,35,25-48,Month-to-month,Fiber optic,Mailed check,96.75,3403.4,No,0.2355,Low,273.42
8258-GSTJK,Male,1,No,No,3,0-12,Month-to-month,Fiber optic,Electronic check,77.0,237.75,Yes,0.7649,High,706.77
6861-OKBCE,Female,0,No,Yes,11,0-12,Month-to-month,No,Credit card (automatic),20.1,221.35,Yes,0.0956,Low,23.06
9940-RHLFB,Female,0,No,No,1,0-12,Month-to-month,Fiber optic,Electronic check,75.3,75.3,Yes,0.6068,High,548.3
6591-QGOYB,Male,0,No,No,17,13-24,Month-to-month,Fiber optic,Bank transfer (automatic),106.65,1672.1,No,0.3743,Medium,479.03
9070-BCKQP,Female,0,Yes,No,72,49+,Two year,Fiber optic,Credit card (automatic),110.15,7881.2,No,0.0552,Low,72.96
6421-SZVEM,Female,0,Yes,Yes,28,25-48,One year,Fiber optic,Bank transfer (automatic),82.85,2320.8,No,0.1935,Low,192.38
1328-EUZHC,Female,0,Yes,No,18,13-24,Two year,No,Mailed check,20.1,370.5,No,0.0271,Low,6.54
2995-UPRYS,Female,1,Yes,No,40,25-48,One year,Fiber optic,Credit card (automatic),99.2,4062.2,Yes,0.2235,Low,266.05
8878-RYUKI,Female,0,No,No,52,49+,Month-to-month,DSL,Electronic check,59.45,3043.7,No,0.1617,Low,115.36
9633-DENPU,Female,0,Yes,No,47,25-48,Month-to-month,DSL,Bank transfer (automatic),58.6,2723.4,No,0.1258,Low,88.46
7811-JIVPF,Female,0,No,No,23,13-24,Month-to-month,DSL,Credit card (automatic),49.7,1081.25,No,0.162,Low,96.62
7113-HIPFI,Male,0,Yes,Yes,66,49+,Two year,DSL,Mailed check,65.85,4097.05,No,0.0037,Low,2.92
8541-QVFKM,Female,0,No,No,8,0-12,Month-to-month,Fiber optic,Electronic check,73.5,632.2,No,0.7227,High,637.42
6686-YPGHK,Male,1,No,No,47,25-48,Month-to-month,Fiber optic,Mailed check,85.5,4042.3,Yes,0.2148,Low,220.38
1383-EZRWL,Female,0,No,No,7,0-12,Month-to-month,No,Mailed check,20.05,164.85,Yes,0.1516,Low,36.47
9258-CNWAC,Female,0,Yes,Yes,71,49+,Two year,Fiber optic,Credit card (automatic),113.65,8166.8,No,0.0307,Low,41.87
5371-VYLSX,Female,1,No,No,50,49+,Month-to-month,Fiber optic,Electronic check,83.4,4113.7,No,0.3043,Medium,304.54
6374-AFWOX,Male,0,Yes,No,46,25-48,Two year,DSL,Mailed check,65.65,3047.15,No,0.0101,Low,7.96
4759-TRPLW,Male,0,No,No,1,0-12,Month-to-month,Fiber optic,Electronic check,70.4,70.4,Yes,0.6208,High,524.45
5317-FLPJF,Female,0,No,No,66,49+,Two year,DSL,Bank transfer (automatic),61.35,4193.4,No,0.0195,Low,14.36
7621-VPNET,Female,0,Yes,No,42,25-48,Month-to-month,Fiber optic,Credit card (automatic),85.9,3729.75,No,0.2818,Low,290.48
6034-YMTOB,Female,0,No,No,5,0-12,Month-to-month,Fiber optic,Mailed check,75.65,399.45,No,0.5065,High,459.8
8563-IIOXK,Male,0,Yes,Yes,7,0-12,One year,DSL,Electronic check,49.75,331.3,Yes,0.1834,Low,109.49
4903-CNOZC,Male,0,No,No,29,25-48,One year,DSL,Credit card (automatic),70.9,1964.6,No,0.1057,Low,89.93
4353-HYOJD,Female,0,Yes,Yes,27,25-48,Month-to-month,DSL,Mailed check,49.85,1336.15,No,0.1166,Low,69.75
8020-BWHYL,Female,1,No,No,15,13-24,Month-to-month,Fiber optic,Credit card (automatic),75.3,1147.45,Yes,0.4832,Medium,436.62
7267-FRMJW,Female,0,Yes,Yes,25,25-48,Two year,No,Mailed check,20.1,486.05,No,0.0158,Low,3.81
2982-VPSGI,Female,0,Yes,No,11,0-12,Month-to-month,Fiber optic,Electronic check,94.0,1078.9,Yes,0.7955,High,897.32
4188-FRABG,Male,0,Yes,No,57,49+,Month-to-month,Fiber optic,Electronic check,103.05,5925.75,No,0.2588,Low,320.03
8199-ZLLSA,Male,0,No,No,67,49+,One year,Fiber optic,Bank transfer (automatic),118.35,7804.15,Yes,0.1016,Low,144.29
4128-ETESU,Female,1,Yes,No,47,25-48,Month-to-month,Fiber optic,Electronic check,99.7,4747.2,No,0.5212,High,623.56
0620-DLSLK,Female,0,No,No,13,13-24,Month-to-month,Fiber optic,Mailed check,81.9,1028.9,No,0.58,High,570.02
4625-EWPTF,Male,0,No,No,8,0-12,Month-to-month,DSL,Electronic check,30.45,226.45,Yes,0.4711,Medium,172.14
5980-NOPLP,Female,0,Yes,No,44,25-48,Month-to-month,Fiber optic,Electronic check,96.1,4364.1,Yes,0.5925,High,683.27
3850-OKINF,Male,0,Yes,Yes,71,49+,One year,DSL,Electronic check,66.2,4692.55,No,0.0367,Low,29.15
6892-XPFPU,Male,1,Yes,No,24,13-24,Month-to-month,Fiber optic,Electronic check,104.25,2433.9,Yes,0.7209,High,901.85
8010-EZLOU,Male,1,No,No,15,13-24,Month-to-month,Fiber optic,Electronic check,80.2,1217.25,Yes,0.6624,High,637.49
1156-ZFYDO,Female,0,No,No,1,0-12,Month-to-month,No,Electronic check,19.75,19.75,No,0.2429,Low,57.57
3295-YVUSR,Male,1,No,No,2,0-12,Month-to-month,Fiber optic,Mailed check,72.6,154.3,No,0.7386,High,643.47
8016-NCFVO,Male,1,No,No,55,49+,Month-to-month,Fiber optic,Electronic check,116.5,6382.55,No,0.3521,Medium,492.24
4119-ZYPZY,Male,1,No,No,71,49+,Two year,Fiber optic,Electronic check,106.8,7623.2,No,0.1141,Low,146.23
5549-ZGHFB,Male,0,Yes,Yes,50,49+,Two year,No,Mailed check,24.95,1261.45,No,0.0074,Low,2.22
7577-SWIFR,Male,0,No,No,1,0-12,Month-to-month,Fiber optic,Electronic check,89.25,89.25,No,0.7935,High,849.84
0303-WMMRN,Male,0,No,No,5,0-12,Month-to-month,No,Mailed check,19.25,86.05,No,0.2276,Low,52.58
6408-OTUBZ,Female,0,No,No,66,49+,One year,Fiber optic,Bank transfer (automatic),104.55,6779.05,No,0.0766,Low,96.1
5204-HMGYF,Female,0,Yes,Yes,49,49+,One year,DSL,Mailed check,87.2,4345.0,No,0.0372,Low,38.93
1078-TDCRN,Female,1,Yes,No,3,0-12,Month-to-month,DSL,Electronic check,30.75,82.85,No,0.619,High,228.41
3727-OVPRY,Male,0,Yes,Yes,66,49+,One year,No,Credit card (automatic),25.7,1714.55,No,0.009,Low,2.78
3797-FKOGQ,Male,0,No,Yes,11,0-12,Month-to-month,Fiber optic,Electronic check,86.2,893.2,No,0.6061,High,626.95
7622-NXQZR,Male,0,No,No,28,25-48,Month-to-month,DSL,Credit card (automatic),30.1,810.85,No,0.207,Low,74.77
6196-HBOBZ,Male,0,Yes,No,65,49+,Two year,Fiber optic,Electronic check,99.35,6347.55,No,0.0834,Low,99.43
3970-XGJDU,Female,0,No,No,62,49+,Two year,No,Credit card (automatic),19.2,1123.65,No,0.0047,Low,1.08
7017-VFULY,Female,0,Yes,No,2,0-12,Month-to-month,No,Bank transfer (automatic),20.1,43.15,No,0.1745,Low,42.09
5562-YJQGT,Female,0,No,No,2,0-12,Month-to-month,No,Credit card (automatic),20.35,35.1,No,0.1656,Low,40.44
8807-OPMBM,Female,0,Yes,Yes,55,49+,Two year,No,Credit card (automatic),25.65,1388.0,No,0.0073,Low,2.25
5439-WIKXB,Male,1,Yes,No,41,25-48,Month-to-month,Fiber optic,Electronic check,94.55,3851.45,No,0.54,High,612.68
9874-QLCLH,Female,0,Yes,Yes,17,13-24,Month-to-month,Fiber optic,Electronic check,104.2,1743.5,Yes,0.6241,High,780.37
8294-UIMBA,Female,0,No,No,30,25-48,One year,Fiber optic,Bank transfer (automatic),94.4,2638.1,No,0.264,Low,299.06
8109-YUOHE,Male,0,No,No,17,13-24,One year,DSL,Mailed check,56.1,946.95,No,0.0725,Low,48.81
5840-NVDCG,Female,0,Yes,Yes,16,13-24,Two year,DSL,Bank transfer (automatic),68.25,1114.85,No,0.0294,Low,24.08
8092-NLTGF,Male,0,No,No,72,49+,Two year,No,Bank transfer (automatic),24.75,1777.6,No,0.0031,Low,0.92
5928-QLDHB,Male,0,No,No,9,0-12,Month-to-month,Fiber optic,Electronic check,76.25,684.85,No,0.7022,High,642.51
9840-EFJQB,Female,0,No,No,1,0-12,Month-to-month,Fiber optic,Electronic check,74.35,74.35,No,0.5807,High,518.1
0696-UKTOX,Male,0,No,Yes,23,13-24,Month-to-month,DSL,Electronic check,54.15,1312.45,No,0.1331,Low,86.49
4801-KFYKL,Male,0,No,Yes,8,0-12,Month-to-month,No,Bank transfer (automatic),19.45,159.2,No,0.1154,Low,26.93
3472-OAOOR,Male,0,Yes,Yes,19,13-24,Month-to-month,DSL,Mailed check,34.95,610.2,No,0.2215,Low,92.9
6135-OZQVA,Female,0,No,No,7,0-12,Month-to-month,DSL,Electronic check,53.65,404.35,No,0.4322,Medium,278.25
8062-YBDOE,Male,1,No,No,1,0-12,Month-to-month,Fiber optic,Electronic check,69.65,69.65,Yes,0.7368,High,615.82
2252-JHJGE,Male,0,No,No,61,49+,One year,Fiber optic,Electronic check,104.0,6363.45,No,0.1816,Low,226.64
4188-PCPIG,Female,0,Yes,No,57,49+,Two year,DSL,Credit card (automatic),70.35,4124.65,No,0.0124,Low,10.47
6000-APYLU,Male,0,No,No,9,0-12,Month-to-month,Fiber optic,Electronic check,80.8,713.1,Yes,0.6932,High,672.13
7105-BENQF,Male,0,No,Yes,15,13-24,One year,DSL,Mailed check,64.85,950.75,No,0.093,Low,72.37
7721-DVEKZ,Female,0,No,No,1,0-12,Month-to-month,No,Mailed check,19.65,19.65,No,0.1915,Low,45.16
3566-VVORZ,Female,0,Yes,No,12,0-12,Month-to-month,DSL,Bank transfer (automatic),45.9,505.95,No,0.2383,Low,131.26
9507-HSMMZ,Male,0,No,No,54,49+,Two year,No,Mailed check,20.0,1149.65,No,0.0054,Low,1.3
2480-SQIOB,Male,0,Yes,Yes,4,0-12,Month-to-month,DSL,Electronic check,44.8,169.65,No,0.3493,Medium,187.78
0947-IDHRQ,Female,0,No,No,7,0-12,Month-to-month,Fiber optic,Mailed check,80.3,526.7,Yes,0.6365,High,613.33
7813-TKCVO,Female,0,Yes,No,20,13-24,One year,No,Mailed check,20.35,393.15,No,0.0467,Low,11.4
0128-MKWSG,Female,0,No,Yes,26,25-48,Month-to-month,DSL,Mailed check,45.8,1147.0,No,0.1299,Low,71.39
3672-YITQD,Male,1,Yes,No,36,25-48,Month-to-month,Fiber optic,Electronic check,84.1,3021.6,Yes,0.6175,High,623.18
4350-ZTLPI,Female,0,Yes,No,53,49+,One year,Fiber optic,Bank transfer (automatic),108.95,5718.2,No,0.1999,Low,261.35
9048-JVYVF,Male,0,No,No,3,0-12,Month-to-month,DSL,Electronic check,69.35,191.35,Yes,0.523,High,435.24
0361-HJRDX,Female,0,No,No,68,49+,Two year,DSL,Credit card (automatic),64.35,4539.6,No,0.0115,Low,8.88
5727-MYATE,Male,0,Yes,Yes,72,49+,Two year,DSL,Credit card (automatic),90.8,6397.6,No,0.0124,Low,13.51
3823-KYNQY,Male,0,No,No,12,0-12,One year,No,Credit card (automatic),24.95,280.4,No,0.0795,Low,23.8
8988-ECPJR,Female,1,Yes,Yes,34,25-48,Month-to-month,Fiber optic,Mailed check,79.6,2718.3,Yes,0.3872,Medium,369.85
7570-WELNY,Female,0,Yes,No,68,49+,Two year,Fiber optic,Bank transfer (automatic),84.7,5711.05,No,0.0359,Low,36.49
3021-VLNRJ,Female,0,No,Yes,50,49+,One year,DSL,Credit card (automatic),70.8,3478.15,No,0.0258,Low,21.92
3776-EKTKM,Female,1,No,No,1,0-12,Month-to-month,DSL,Electronic check,36.45,36.45,Yes,0.7175,High,313.83
2080-CAZNM,Female,1,No,No,41,25-48,Month-to-month,Fiber optic,Electronic check,104.4,4133.95,No,0.6054,High,758.45
1028-FFNJK,Male,1,Yes,No,30,25-48,Month-to-month,Fiber optic,Electronic check,101.5,2917.65,No,0.6301,High,767.46
6907-FLBER,Male,0,No,No,1,0-12,Month-to-month,DSL,Electronic check,54.3,54.3,No,0.4575,Medium,298.11
3001-UNBTL,Male,1,Yes,Yes,29,25-48,Month-to-month,Fiber optic,Electronic check,103.95,2964.8,No,0.6513,High,812.43
5982-PSMKW,Female,0,Yes,Yes,23,13-24,Two year,DSL,Credit card (automatic),91.1,2198.3,No,0.0527,Low,57.61
3507-GASNP,Male,0,No,Yes,60,49+,Two year,No,Mailed check,19.95,1189.9,No,0.0032,Low,0.77
7096-ZNBZI,Female,0,Yes,No,72,49+,Two year,No,Credit card (automatic),26.45,1914.5,No,0.003,Low,0.95
1902-XBTFB,Male,0,No,Yes,22,13-24,Month-to-month,Fiber optic,Electronic check,89.4,2001.5,Yes,0.5123,High,549.6
1676-MQAOA,Male,0,No,No,72,49+,Two year,DSL,Bank transfer (automatic),75.1,5336.35,No,0.0077,Low,6.94
0786-IVLAW,Female,1,No,No,66,49+,One year,Fiber optic,Bank transfer (automatic),108.1,7238.6,No,0.1545,Low,200.42
7566-DSRLQ,Female,0,Yes,No,72,49+,Two year,Fiber optic,Electronic check,110.15,7998.8,No,0.1043,Low,137.86
0643-OKLRP,Female,1,Yes,No,47,25-48,Month-to-month,Fiber optic,Electronic check,80.35,3825.85,Yes,0.2746,Low,264.77
7245-JMTTQ,Female,0,No,No,51,49+,One year,Fiber optic,Electronic check,111.5,5703.25,No,0.2679,Low,358.45
6050-IJRHS,Female,0,Yes,Yes,70,49+,One year,Fiber optic,Electronic check,106.5,7397.0,No,0.1961,Low,250.62
6202-JVYEU,Male,0,No,No,9,0-12,One year,No,Electronic check,19.9,164.6,No,0.1392,Low,33.24
8591-TKMZH,Male,0,Yes,Yes,59,49+,Two year,Fiber optic,Mailed check,111.1,6555.2,No,0.0603,Low,80.39
0734-OXWBT,Male,0,No,Yes,3,0-12,Month-to-month,DSL,Mailed check,70.7,225.65,No,0.3005,Medium,254.94
4282-ACRXS,Male,1,Yes,No,38,25-48,Month-to-month,DSL,Electronic check,24.85,955.75,No,0.299,Low,89.16
0365-TRTPY,Female,0,No,No,37,25-48,Month-to-month,Fiber optic,Bank transfer (automatic),91.2,3382.3,No,0.204,Low,223.26
7349-ALMUX,Male,0,No,No,37,25-48,Two year,DSL,Bank transfer (automatic),65.6,2313.8,No,0.0122,Low,9.6
9381-NDKME,Female,1,Yes,No,24,13-24,Month-to-month,DSL,Credit card (automatic),40.65,933.3,Yes,0.3933,Medium,191.85
6502-KUGLL,Female,0,Yes,Yes,14,13-24,Month-to-month,DSL,Bank transfer (automatic),59.45,780.85,No,0.0863,Low,61.57
1841-YSJGV,Male,0,Yes,No,72,49+,Two year,Fiber optic,Credit card (automatic),109.95,7852.4,No,0.0495,Low,65.31
2794-XIMMO,Male,0,Yes,No,53,49+,One year,DSL,Electronic check,60.45,3184.25,Yes,0.1074,Low,77.91
8382-SHQEH,Female,0,Yes,No,8,0-12,Month-to-month,Fiber optic,Electronic check,84.9,764.95,Yes,0.7665,High,780.91
3511-BFTJW,Male,0,Yes,Yes,72,49+,Two year,DSL,Credit card (automatic),38.5,2763.0,No,0.005,Low,2.31
7668-XCFYV,Female,1,Yes,No,17,13-24,Month-to-month,Fiber optic,Electronic check,92.55,1614.7,No,0.7966,High,884.7
2983-ZANRP,Female,0,Yes,Yes,2,0-12,Month-to-month,Fiber optic,Bank transfer (automatic),73.55,145.4,Yes,0.5245,High,462.92
7845-URHJN,Female,0,Yes,No,8,0-12,Month-to-month,No,Bank transfer (automatic),20.15,156.25,Yes,0.138,Low,33.37
3034-ZBEQN,Female,0,Yes,No,48,25-48,One year,DSL,Mailed check,34.7,1604.5,Yes,0.0488,Low,20.32
5018-HEKFO,Female,0,No,No,10,0-12,Month-to-month,No,Mailed check,24.5,270.15,No,0.2355,Low,69.24
2923-ARZLG,Male,0,Yes,Yes,0,0-12,One year,No,Mailed check,19.7,0.0,No,0.1288,Low,30.45
3976-NLDEZ,Male,0,No,No,1,0-12,Month-to-month,No,Mailed check,20.6,20.6,No,0.1905,Low,47.09
2282-YGNOR,Female,0,No,No,29,25-48,One year,DSL,Credit card (automatic),58.0,1734.5,No,0.0374,Low,26.03
5336-UFNZP,Female,1,Yes,Yes,65,49+,One year,Fiber optic,Electronic check,107.45,7047.5,No,0.2454,Low,316.42
6854-EXGSF,Female,0,No,No,8,0-12,Month-to-month,DSL,Bank transfer (automatic),65.5,573.15,No,0.28,Low,220.08
1241-EZFMJ,Male,0,Yes,No,61,49+,Two year,No,Bank transfer (automatic),25.45,1538.6,No,0.0052,Low,1.59
9233-PSYHO,Female,1,No,No,45,25-48,One year,Fiber optic,Bank transfer (automatic),100.15,4459.8,No,0.3472,Medium,417.26
5376-PCKNB,Male,0,Yes,Yes,72,49+,One year,Fiber optic,Credit card (automatic),104.45,7459.0,No,0.1385,Low,173.6
8044-BGWPI,Male,0,Yes,Yes,12,0-12,Month-to-month,No,Electronic check,21.15,306.05,No,0.1853,Low,47.03
4060-LDNLU,Male,0,No,No,7,0-12,Month-to-month,Fiber optic,Electronic check,96.2,639.7,No,0.7356,High,849.18
3589-PPVKW,Male,0,No,No,9,0-12,Month-to-month,DSL,Mailed check,44.4,348.15,No,0.3652,Medium,194.58
8327-LZKAS,Female,1,Yes,No,43,25-48,One year,Fiber optic,Electronic check,107.55,4533.9,Yes,0.3646,Medium,470.55
5887-IKKYO,Male,0,Yes,Yes,58,49+,Two year,Fiber optic,Bank transfer (automatic),94.35,5563.65,No,0.0487,Low,55.14
1075-BGWOH,Male,1,Yes,No,16,13-24,Month-to-month,Fiber optic,Electronic check,98.75,1587.55,Yes,0.7947,High,941.72
1755-RMCXH,Male,0,Yes,Yes,2,0-12,Month-to-month,No,Mailed check,20.3,40.25,No,0.156,Low,38.0
0302-JOIVN,Female,0,Yes,No,8,0-12,Month-to-month,Fiber optic,Electronic check,101.15,842.9,Yes,0.6263,High,760.2
3858-XHYJO,Female,0,Yes,No,40,25-48,One year,Fiber optic,Bank transfer (automatic),105.75,4228.55,No,0.203,Low,257.61
4299-SIMNS,Male,0,No,No,9,0-12,Month-to-month,Fiber optic,Electronic check,81.15,784.45,No,0.6125,High,596.45
7025-IWFHT,Male,0,No,No,41,25-48,One year,Fiber optic,Electronic check,89.55,3729.75,No,0.209,Low,224.59
6261-LHRTG,Female,0,No,No,26,25-48,Month-to-month,DSL,Credit card (automatic),54.75,1406.9,No,0.178,Low,116.95
7841-FCRQD,Female,0,Yes,No,33,25-48,One year,DSL,Credit card (automatic),53.75,1857.3,No,0.0593,Low,38.25
2056-EVGZL,Male,0,Yes,Yes,68,49+,One year,Fiber optic,Credit card (automatic),105.75,7322.5,No,0.0615,Low,78.04
8777-MBMTS,Female,1,Yes,No,65,49+,Two year,Fiber optic,Credit card (automatic),105.85,6725.5,No,0.0652,Low,82.82
7753-USQYQ,Male,0,No,No,55,49+,One year,DSL,Electronic check,64.2,3627.3,No,0.0548,Low,42.22
5366-IJEQJ,Male,0,No,No,20,13-24,Month-to-month,Fiber optic,Electronic check,88.7,1761.45,Yes,0.6912,High,735.71
7661-CPURM,Male,0,No,No,19,13-24,One year,Fiber optic,Credit card (automatic),87.7,1725.95,No,0.267,Low,280.99
6233-HXJMX,Female,0,No,No,45,25-48,Month-to-month,Fiber optic,Credit card (automatic),89.3,4192.15,No,0.411,Medium,440.43
5902-WBLSE,Female,0,Yes,Yes,70,49+,Two year,No,Credit card (automatic),20.15,1411.2,No,0.0027,Low,0.65
1981-INRFU,Female,0,No,No,2,0-12,Month-to-month,Fiber optic,Electronic check,79.75,164.5,Yes,0.7415,High,709.62
4971-PUYQO,Female,0,No,No,27,25-48,Month-to-month,Fiber optic,Mailed check,94.55,2724.6,Yes,0.6408,High,727.05
3239-TPHPZ,Female,0,Yes,No,12,0-12,Two year,No,Electronic check,20.05,264.55,No,0.0676,Low,16.26
5115-GZDEL,Male,0,No,Yes,72,49+,Two year,DSL,Credit card (automatic),67.2,4671.7,No,0.0072,Low,5.81
3338-CVVEH,Male,0,No,No,12,0-12,Month-to-month,Fiber optic,Electronic check,94.55,1173.55,No,0.7196,High,816.46
8485-GJCDN,Female,1,No,No,5,0-12,Month-to-month,Fiber optic,Mailed check,69.05,318.5,Yes,0.6396,High,529.97
2615-YVMYX,Male,1,Yes,No,71,49+,Month-to-month,Fiber optic,Electronic check,107.5,7713.55,No,0.3549,Medium,457.82
2851-STERV,Male,1,No,No,35,25-48,One year,DSL,Electronic check,73.0,2471.25,No,0.1731,Low,151.64
4393-GEADV,Male,0,Yes,Yes,70,49+,Two year,Fiber optic,Credit card (automatic),114.75,7842.3,No,0.0297,Low,40.9
8486-AYEQH,Female,0,No,No,31,25-48,Month-to-month,Fiber optic,Electronic check,76.05,2227.8,No,0.5206,High,475.1
1527-SXDPN,Male,0,Yes,Yes,52,49+,Two year,Fiber optic,Bank transfer (automatic),96.25,4990.25,Yes,0.0767,Low,88.59
6029-WTIPC,Male,1,No,No,37,25-48,Month-to-month,Fiber optic,Electronic check,101.1,3744.05,Yes,0.6659,High,807.87
8634-CILSZ,Male,0,No,No,69,49+,One year,Fiber optic,Bank transfer (automatic),104.7,7220.35,Yes,0.1377,Low,173.01
5419-JKZNQ,Male,1,Yes,No,30,25-48,Month-to-month,Fiber optic,Mailed check,77.9,2351.45,No,0.4049,Medium,378.5
2495-KZNFB,Female,0,No,No,33,25-48,Month-to-month,Fiber optic,Electronic check,90.65,2989.6,No,0.4906,Medium,533.67
1409-PHXTF,Male,1,Yes,No,54,49+,Two year,Fiber optic,Electronic check,110.45,6077.75,No,0.1793,Low,237.64
4560-WQAQW,Female,0,No,No,59,49+,One year,DSL,Bank transfer (automatic),68.7,4070.95,No,0.0248,Low,20.45
9591-YVTEB,Male,1,No,No,55,49+,Month-to-month,DSL,Electronic check,44.85,2479.05,No,0.1459,Low,78.52
9309-BZGNT,Male,1,Yes,No,69,49+,One year,DSL,Credit card (automatic),29.8,2134.3,No,0.0354,Low,12.66
4274-DRSQT,Female,0,No,No,66,49+,One year,Fiber optic,Bank transfer (automatic),88.9,6000.1,No,0.1413,Low,150.74
2027-DNKIV,Male,0,Yes,Yes,37,25-48,One year,DSL,Mailed check,58.75,2203.1,No,0.0365,Low,25.73
8075-GXIUB,Male,1,Yes,No,9,0-12,One year,No,Credit card (automatic),19.85,183.15,No,0.0804,Low,19.15
2885-HIJDH,Male,0,Yes,Yes,69,49+,Two year,DSL,Bank transfer (automatic),86.9,6194.1,No,0.0114,Low,11.89
5424-RLQLC,Male,0,No,No,10,0-12,Month-to-month,DSL,Mailed check,59.65,638.95,No,0.3773,Medium,270.07
6682-QJDGB,Male,0,No,Yes,40,25-48,Month-to-month,DSL,Mailed check,55.25,2139.2,Yes,0.0714,Low,47.34
6507-DTJZV,Male,0,No,Yes,13,13-24,Month-to-month,DSL,Credit card (automatic),66.4,831.75,No,0.2753,Low,219.36
8780-IXSTS,Female,0,No,No,6,0-12,Month-to-month,Fiber optic,Electronic check,90.1,521.3,Yes,0.7367,High,796.52
7673-BQGKU,Female,0,Yes,Yes,69,49+,Two year,No,Bank transfer (automatic),20.15,1337.5,No,0.002,Low,0.48
6723-WSNTY,Female,1,Yes,No,66,49+,One year,Fiber optic,Credit card (automatic),108.1,7181.95,No,0.1718,Low,222.86
9530-EHPOH,Male,0,No,No,11,0-12,Month-to-month,DSL,Electronic check,53.75,608.0,Yes,0.4025,Medium,259.61
2725-IWWBA,Male,0,Yes,Yes,46,25-48,One year,DSL,Mailed check,56.9,2560.1,No,0.0187,Low,12.77
0345-HKJVM,Female,0,No,No,6,0-12,Month-to-month,Fiber optic,Electronic check,89.3,577.6,Yes,0.6923,High,741.87
1061-PNTHC,Female,0,Yes,Yes,56,49+,Month-to-month,Fiber optic,Mailed check,109.6,5953.0,No,0.2317,Low,304.73
0394-YONDK,Male,0,Yes,Yes,70,49+,Two year,No,Credit card (automatic),25.15,1790.15,No,0.0027,Low,0.81
6574-MCOEH,Female,0,Yes,Yes,33,25-48,One year,DSL,Electronic check,79.15,2531.4,No,0.1722,Low,163.56
7399-QHBJS,Female,0,Yes,Yes,72,49+,Two year,DSL,Credit card (automatic),66.75,4760.3,No,0.0038,Low,3.04
3049-SOLAY,Female,0,Yes,No,3,0-12,Month-to-month,Fiber optic,Electronic check,95.2,292.85,Yes,0.8245,High,941.91
0997-YTLNY,Female,0,No,Yes,19,13-24,Month-to-month,DSL,Mailed check,48.8,953.65,No,0.1308,Low,76.6
3317-HRTNN,Female,1,No,No,5,0-12,Month-to-month,DSL,Electronic check,45.7,198.0,Yes,0.6551,High,359.26
9479-HYNYL,Female,0,Yes,No,71,49+,Two year,DSL,Credit card (automatic),80.7,5705.05,No,0.0158,Low,15.3
3235-ETOOB,Male,0,Yes,No,8,0-12,Month-to-month,Fiber optic,Electronic check,74.5,609.9,Yes,0.5637,High,503.95
9708-KFDBY,Male,0,No,No,1,0-12,Month-to-month,No,Credit card (automatic),20.55,20.55,No,0.1745,Low,43.03
8058-INTPH,Female,0,No,No,1,0-12,Month-to-month,Fiber optic,Electronic check,79.65,79.65,Yes,0.748,High,714.94
3642-GKTCT,Female,0,No,No,61,49+,One year,Fiber optic,Mailed check,115.1,6993.65,No,0.1293,Low,178.59
0774-RMNUW,Female,0,Yes,Yes,71,49+,Two year,DSL,Bank transfer (automatic),59.7,4122.65,No,0.0078,Low,5.59
1334-PDUKM,Female,0,Yes,No,68,49+,One year,Fiber optic,Credit card (automatic),86.45,5762.95,No,0.0642,Low,66.6
0756-MPZRL,Male,0,No,No,46,25-48,One year,DSL,Credit card (automatic),33.7,1537.85,No,0.0408,Low,16.5
2242-MFOTG,Male,0,No,No,33,25-48,One year,Fiber optic,Bank transfer (automatic),80.1,2603.3,No,0.1462,Low,140.53
2927-CVULT,Female,0,Yes,Yes,53,49+,Two year,Fiber optic,Bank transfer (automatic),104.05,5566.4,No,0.049,Low,61.18
2144-BFDSO,Female,1,Yes,No,50,49+,Month-to-month,Fiber optic,Bank transfer (automatic),108.75,5431.9,No,0.2953,Low,385.37
8745-PVESG,Female,0,No,No,57,49+,One year,DSL,Credit card (automatic),41.1,2258.25,No,0.0242,Low,11.94
7647-GYYKX,Female,0,Yes,Yes,54,49+,Two year,No,Bank transfer (automatic),20.35,1092.35,No,0.0056,Low,1.37
5647-FXOTP,Female,1,Yes,No,60,49+,Month-to-month,Fiber optic,Electronic check,105.9,6401.25,No,0.4899,Medium,622.56
5569-OUICF,Female,1,Yes,No,28,25-48,Month-to-month,Fiber optic,Credit card (automatic),101.3,2812.2,Yes,0.5444,High,661.77
8821-XNHVZ,Female,0,Yes,Yes,1,0-12,Month-to-month,Fiber optic,Mailed check,80.05,80.05,Yes,0.6375,High,612.38
2082-OJVTK,Male,0,Yes,Yes,29,25-48,Month-to-month,Fiber optic,Electronic check,89.2,2698.35,Yes,0.5852,High,626.4
9700-ISPUP,Female,0,Yes,Yes,10,0-12,Month-to-month,DSL,Electronic check,65.5,616.9,No,0.3045,Medium,239.34
9839-ETQOE,Male,0,No,Yes,43,25-48,Month-to-month,DSL,Electronic check,40.45,1912.85,No,0.1254,Low,60.87
6078-VESFR,Male,1,Yes,No,13,13-24,Month-to-month,Fiber optic,Bank transfer (automatic),70.45,849.1,No,0.4613,Medium,389.98
9027-TMATR,Female,0,Yes,No,43,25-48,Two year,DSL,Electronic check,78.8,3460.3,No,0.0472,Low,44.63
5940-NFXKV,Male,0,Yes,Yes,19,13-24,Month-to-month,Fiber optic,Electronic check,83.65,1465.75,Yes,0.6519,High,654.38
1941-HOSAM,Male,0,Yes,Yes,1,0-12,Month-to-month,Fiber optic,Electronic check,90.1,90.1,No,0.7532,High,814.36
9110-HSGTV,Female,0,No,No,69,49+,Two year,DSL,Credit card (automatic),82.45,5555.3,No,0.0122,Low,12.07
0704-VCUMB,Female,0,Yes,No,61,49+,Two year,No,Credit card (automatic),20.25,1278.8,No,0.0035,Low,0.85
6171-ZTVYB,Male,0,Yes,No,43,25-48,Month-to-month,DSL,Bank transfer (automatic),66.25,2907.35,No,0.0541,Low,43.01
8053-WWDRO,Female,0,Yes,No,6,0-12,Month-to-month,No,Bank transfer (automatic),19.5,146.3,Yes,0.1526,Low,35.71
9564-KCLHR,Male,0,No,No,1,0-12,Month-to-month,DSL,Mailed check,51.25,51.25,Yes,0.2655,Low,163.28
1935-IMVBB,Male,0,Yes,No,56,49+,Month-to-month,Fiber optic,Mailed check,89.7,4952.95,No,0.2702,Low,290.84
2535-PBCGC,Female,0,Yes,No,70,49+,Two year,DSL,Bank transfer (automatic),64.55,4504.9,No,0.0108,Low,8.37
2082-CEFLT,Male,0,No,No,1,0-12,Month-to-month,DSL,Electronic check,45.6,45.6,Yes,0.5129,High,280.66
1470-PSXNM,Male,0,Yes,Yes,49,49+,One year,Fiber optic,Electronic check,93.65,4520.15,No,0.2469,Low,277.47
1213-NGCUN,Female,0,No,No,6,0-12,Month-to-month,DSL,Bank transfer (automatic),49.65,267.35,Yes,0.289,Low,172.19
2498-XLDZR,Female,0,Yes,Yes,32,25-48,Two year,DSL,Mailed check,73.6,2316.85,No,0.0179,Low,15.81
9866-OCCKE,Female,1,Yes,No,72,49+,Two year,Fiber optic,Mailed check,109.75,8075.35,No,0.0737,Low,97.06
5338-YHWYT,Male,0,No,Yes,37,25-48,Two year,DSL,Credit card (automatic),61.45,2302.35,No,0.0096,Low,7.08
7718-UPSKJ,Female,0,Yes,No,69,49+,One year,Fiber optic,Credit card (automatic),106.4,7251.9,No,0.0678,Low,86.57
8731-WBBMB,Female,0,Yes,No,26,25-48,Month-to-month,DSL,Bank transfer (automatic),81.9,2078.55,No,0.1557,Low,153.02
1448-CYWKC,Female,0,Yes,Yes,58,49+,One year,Fiber optic,Credit card (automatic),105.2,6225.4,No,0.1905,Low,240.49
7901-IIDQV,Male,0,No,No,24,13-24,One year,DSL,Bank transfer (automatic),54.6,1242.25,No,0.0869,Low,56.94
2690-DVRVK,Male,0,Yes,Yes,5,0-12,One year,No,Electronic check,20.55,99.45,No,0.0971,Low,23.94
5688-KZTSN,Male,0,Yes,Yes,15,13-24,Month-to-month,No,Electronic check,20.0,288.05,Yes,0.1679,Low,40.3
1270-XKUCC,Female,0,Yes,Yes,30,25-48,Two year,No,Mailed check,19.7,599.25,No,0.0128,Low,3.03
0334-ZFJSR,Female,0,Yes,No,55,49+,One year,DSL,Credit card (automatic),66.05,3462.1,No,0.0237,Low,18.78
2894-QOJRX,Female,0,Yes,No,25,25-48,Month-to-month,DSL,Bank transfer (automatic),34.0,853.0,Yes,0.3723,Medium,151.9
5747-PMBSQ,Male,1,Yes,No,10,0-12,Month-to-month,Fiber optic,Mailed check,92.5,934.1,Yes,0.5453,High,605.28
5583-EJXRD,Male,0,Yes,Yes,44,25-48,Two year,DSL,Credit card (automatic),54.05,2375.2,No,0.0227,Low,14.72
4565-EVZMJ,Female,0,No,No,47,25-48,One year,DSL,Mailed check,58.9,2813.05,No,0.0267,Low,18.87
3143-JQEGI,Female,0,Yes,Yes,13,13-24,Month-to-month,Fiber optic,Electronic check,88.35,1222.8,Yes,0.6055,High,641.95
6386-SZZKH,Female,0,Yes,Yes,49,49+,Two year,Fiber optic,Bank transfer (automatic),107.95,5293.2,Yes,0.1047,Low,135.63
3327-YBAKM,Female,0,Yes,No,64,49+,One year,Fiber optic,Mailed check,96.9,6314.35,No,0.1036,Low,120.47
9441-QHEVC,Male,0,No,No,1,0-12,Month-to-month,No,Mailed check,19.1,19.1,No,0.1976,Low,45.29
6705-LNMDD,Male,0,No,No,20,13-24,Month-to-month,DSL,Mailed check,50.0,1003.05,No,0.1517,Low,91.02
2580-ASVVY,Female,0,Yes,No,37,25-48,Two year,DSL,Electronic check,45.4,1593.1,No,0.0407,Low,22.17
3370-GQEAL,Male,0,Yes,Yes,30,25-48,Month-to-month,Fiber optic,Electronic check,85.45,2509.95,No,0.4711,Medium,483.07
5032-USPKF,Female,0,No,No,38,25-48,One year,DSL,Bank transfer (automatic),84.1,3187.65,No,0.0793,Low,80.03
2982-IHMFT,Female,1,No,No,1,0-12,Month-to-month,Fiber optic,Mailed check,74.45,74.45,Yes,0.7296,High,651.82
3521-SYVOR,Female,0,No,No,37,25-48,Month-to-month,DSL,Electronic check,64.75,2345.2,Yes,0.3113,Medium,241.88
4254-QPEDE,Female,0,Yes,No,52,49+,Two year,DSL,Credit card (automatic),66.25,3330.1,No,0.0187,Low,14.87
6283-GITPX,Male,0,No,Yes,71,49+,Two year,DSL,Credit card (automatic),76.9,5522.7,No,0.0062,Low,5.72
9526-JAWYF,Male,0,No,No,26,25-48,Month-to-month,Fiber optic,Electronic check,89.8,2335.3,Yes,0.442,Medium,476.3
0771-CHWSK,Male,0,No,No,66,49+,Two year,DSL,Credit card (automatic),74.6,4798.4,No,0.0173,Low,15.49
9788-HNGUT,Male,0,Yes,No,72,49+,Two year,Fiber optic,Credit card (automatic),116.95,8594.4,No,0.0527,Low,73.96
9495-REDIY,Male,0,No,Yes,25,25-48,One year,DSL,Credit card (automatic),40.65,970.55,No,0.1265,Low,61.71
5375-XLDOF,Male,0,Yes,Yes,69,49+,Two year,Fiber optic,Bank transfer (automatic),114.35,7665.8,No,0.0447,Low,61.34
1172-VIYBP,Male,0,Yes,Yes,53,49+,Two year,DSL,Bank transfer (automatic),69.7,3686.05,No,0.0156,Low,13.05
5649-VUKMC,Female,0,No,No,12,0-12,One year,Fiber optic,Mailed check,95.5,1115.15,Yes,0.3876,Medium,444.19
6559-PDZLR,Male,0,No,No,26,25-48,Month-to-month,Fiber optic,Electronic check,98.65,2537.0,No,0.5607,High,663.76
8992-OBVDG,Male,0,No,No,21,13-24,Month-to-month,DSL,Mailed check,61.65,1393.6,No,0.2352,Low,174.0
4273-MBHYA,Female,0,No,Yes,1,0-12,Month-to-month,Fiber optic,Electronic check,89.35,89.35,No,0.7493,High,803.4
4724-WXVWF,Male,0,No,No,48,25-48,Month-to-month,Fiber optic,Electronic check,95.4,4445.3,No,0.3083,Medium,352.94
5701-GUXDC,Female,0,Yes,No,26,25-48,One year,DSL,Credit card (automatic),35.4,978.6,No,0.0846,Low,35.94
1460-UZPRJ,Male,0,Yes,No,60,49+,Two year,No,Mailed check,19.95,1258.15,No,0.0042,Low,1.01
6082-GLJIX,Male,0,No,No,18,13-24,Month-to-month,No,Mailed check,19.25,331.35,No,0.1005,Low,23.22
5143-EGQFK,Female,1,No,No,10,0-12,Month-to-month,DSL,Electronic check,29.65,291.4,Yes,0.499,Medium,177.54
4919-IKATY,Male,0,Yes,Yes,5,0-12,Month-to-month,Fiber optic,Electronic check,84.5,453.75,Yes,0.5961,High,604.45
2495-TTHBQ,Female,0,No,Yes,4,0-12,One year,No,Mailed check,20.4,84.75,No,0.1035,Low,25.34
0485-ZBSLN,Male,0,Yes,Yes,65,49+,Two year,No,Credit card (automatic),24.75,1715.1,No,0.0035,Low,1.04
3810-PJUHR,Male,0,Yes,Yes,70,49+,Two year,No,Mailed check,25.35,1715.15,No,0.003,Low,0.91
9050-QLROH,Male,0,No,No,18,13-24,Month-to-month,Fiber optic,Credit card (automatic),90.7,1597.25,Yes,0.597,High,649.77
0847-HGRML,Male,0,No,Yes,62,49+,Two year,No,Bank transfer (automatic),20.0,1250.1,No,0.0027,Low,0.65
8232-CTLKO,Female,0,Yes,Yes,66,49+,Two year,DSL,Electronic check,59.75,3996.8,No,0.0162,Low,11.62
9227-YBAXE,Female,0,Yes,Yes,65,49+,Two year,DSL,Bank transfer (automatic),82.5,5215.1,No,0.0157,Low,15.54
6168-WFVVF,Female,1,No,No,3,0-12,Month-to-month,Fiber optic,Electronic check,70.3,235.5,Yes,0.7159,High,603.93
9860-LISIZ,Female,0,No,No,34,25-48,Month-to-month,No,Mailed check,20.35,673.2,No,0.0486,Low,11.87
0112-QAWRZ,Male,0,Yes,Yes,16,13-24,Month-to-month,Fiber optic,Bank transfer (automatic),90.8,1442.2,No,0.5703,High,621.4
0877-SDMBN,Female,0,No,No,54,49+,One year,Fiber optic,Bank transfer (automatic),103.95,5639.05,Yes,0.2058,Low,256.71
2786-GCDPI,Female,1,No,No,50,49+,Month-to-month,Fiber optic,Electronic check,104.95,5222.35,No,0.5021,High,632.34
4043-MKDTV,Male,0,Yes,No,71,49+,Two year,Fiber optic,Electronic check,105.25,7291.75,No,0.0741,Low,93.59
8065-YKXKD,Female,0,No,No,10,0-12,Month-to-month,Fiber optic,Electronic check,74.75,799.65,Yes,0.702,High,629.69
9637-EIHEQ,Female,0,No,No,1,0-12,Month-to-month,DSL,Electronic check,50.8,50.8,Yes,0.4136,Medium,252.13
9229-RQABD,Male,0,No,No,18,13-24,One year,No,Mailed check,23.75,424.5,No,0.0709,Low,20.21
8313-KTIHG,Male,0,No,No,4,0-12,Month-to-month,DSL,Electronic check,61.3,249.4,No,0.4436,Medium,326.31
5320-BRKGK,Female,0,Yes,Yes,58,49+,Two year,DSL,Mailed check,75.8,4415.75,No,0.0116,Low,10.55
6284-KMNUF,Female,0,Yes,No,56,49+,One year,Fiber optic,Electronic check,98.0,5270.6,No,0.2575,Low,302.82
9689-PTNPG,Male,0,No,No,2,0-12,Month-to-month,Fiber optic,Electronic check,80.25,144.55,Yes,0.7419,High,714.45
9465-RWMXL,Male,0,Yes,No,32,25-48,Month-to-month,Fiber optic,Electronic check,78.9,2447.95,Yes,0.5375,High,508.9
6229-UOLQL,Male,0,Yes,Yes,56,49+,One year,DSL,Mailed check,52.0,2884.9,No,0.0287,Low,17.91
2362-IBOOY,Male,0,No,No,36,25-48,Month-to-month,Fiber optic,Electronic check,84.75,3050.15,Yes,0.5745,High,584.27
3137-LUPIX,Female,0,No,No,4,0-12,Month-to-month,DSL,Mailed check,64.4,253.0,No,0.4472,Medium,345.6
0843-WTBXE,Male,0,No,No,53,49+,Month-to-month,Fiber optic,Bank transfer (automatic),85.45,4517.25,Yes,0.2691,Low,275.94
6143-JQKEA,Male,0,No,No,10,0-12,Month-to-month,DSL,Credit card (automatic),45.8,436.2,No,0.3241,Medium,178.13
8676-OOQEJ,Male,0,No,No,4,0-12,Month-to-month,DSL,Electronic check,30.5,118.4,No,0.4357,Medium,159.47
5515-IDEJJ,Male,0,Yes,Yes,1,0-12,Month-to-month,No,Mailed check,19.9,19.9,Yes,0.1638,Low,39.12
9701-CDXHR,Female,0,Yes,No,51,49+,Month-to-month,Fiber optic,Mailed check,69.15,3649.6,No,0.1847,Low,153.26
7450-NWRTR,Male,1,No,No,12,0-12,Month-to-month,Fiber optic,Electronic check,99.45,1200.15,Yes,0.806,High,961.88
8124-NZVGJ,Female,0,No,No,6,0-12,One year,DSL,Mailed check,49.25,255.6,No,0.3756,Medium,221.98
2162-FRZAA,Male,0,Yes,Yes,63,49+,Two year,DSL,Bank transfer (automatic),39.35,2395.05,No,0.0077,Low,3.64
5376-DEQCP,Female,0,No,No,1,0-12,Month-to-month,Fiber optic,Electronic check,70.6,70.6,Yes,0.6974,High,590.84
5118-MUEYH,Female,0,Yes,No,48,25-48,Month-to-month,Fiber optic,Credit card (automatic),105.1,5083.55,No,0.3542,Medium,446.72
9095-HFAFX,Female,0,No,No,5,0-12,Month-to-month,Fiber optic,Credit card (automatic),81.0,389.6,Yes,0.6225,High,605.07
5627-TVBPP,Female,0,No,Yes,35,25-48,One year,No,Credit card (automatic),20.1,644.5,No,0.0243,Low,5.86
2379-ENZGV,Male,0,No,No,6,0-12,Month-to-month,Fiber optic,Electronic check,84.85,523.5,Yes,0.6845,High,696.96
3936-QQFLL,Male,0,No,No,2,0-12,Month-to-month,No,Mailed check,19.75,39.3,No,0.1874,Low,44.41
2589-AYCRP,Female,0,No,No,50,49+,One year,No,Bank transfer (automatic),19.75,989.05,No,0.0113,Low,2.68
4067-HLYQI,Female,0,No,No,33,25-48,Month-to-month,Fiber optic,Bank transfer (automatic),70.4,2406.1,No,0.3484,Medium,294.33
5124-EOGYE,Male,0,No,No,31,25-48,Two year,No,Mailed check,20.45,638.55,No,0.015,Low,3.68
5057-RKGLH,Female,0,Yes,Yes,9,0-12,Two year,No,Mailed check,20.35,191.1,No,0.0322,Low,7.86
0292-WEGCH,Female,0,Yes,Yes,54,49+,Month-to-month,DSL,Electronic check,86.2,4524.05,No,0.1525,Low,157.75
8910-ICHIU,Female,0,No,No,46,25-48,One year,Fiber optic,Credit card (automatic),95.65,4664.2,No,0.1261,Low,144.74
4097-YODCF,Male,0,No,Yes,34,25-48,One year,Fiber optic,Electronic check,103.8,3470.8,No,0.313,Medium,389.87
9715-WZCLW,Male,0,Yes,Yes,71,49+,Two year,Fiber optic,Electronic check,97.2,6910.3,No,0.0918,Low,107.08
9786-YWNHU,Female,0,Yes,Yes,63,49+,Two year,DSL,Mailed check,63.55,4014.2,No,0.0045,Low,3.43
6407-GSJNL,Female,0,No,No,51,49+,Two year,No,Bank transfer (automatic),24.95,1288.0,No,0.0078,Low,2.34
6005-OBZPH,Female,1,No,No,26,25-48,Month-to-month,Fiber optic,Electronic check,89.15,2277.65,Yes,0.6437,High,688.63
4049-ZPALD,Female,0,Yes,No,64,49+,Two year,Fiber optic,Bank transfer (automatic),99.0,6375.8,No,0.0678,Low,80.55
7932-WPTDS,Female,1,Yes,No,1,0-12,Month-to-month,DSL,Electronic check,24.8,24.8,Yes,0.6856,High,204.03
3733-UOCWF,Male,1,Yes,No,61,49+,One year,Fiber optic,Bank transfer (automatic),85.55,5251.75,No,0.1015,Low,104.2
6833-JMZYP,Female,0,No,No,15,13-24,Month-to-month,Fiber optic,Credit card (automatic),94.0,1505.45,No,0.6202,High,699.59
2722-VOJQL,Male,0,No,No,64,49+,One year,Fiber optic,Credit card (automatic),105.65,6903.1,Yes,0.1525,Low,193.34
1310-QRITU,Female,0,No,No,18,13-24,Month-to-month,DSL,Electronic check,50.3,913.3,No,0.4166,Medium,251.46
8961-QDZZJ,Female,0,Yes,Yes,57,49+,One year,Fiber optic,Electronic check,95.0,5535.8,No,0.202,Low,230.28
9715-SBVSU,Male,0,Yes,Yes,14,13-24,Two year,DSL,Bank transfer (automatic),61.4,815.55,No,0.0665,Low,49.0
8490-BXHEO,Male,1,No,No,18,13-24,Month-to-month,Fiber optic,Credit card (automatic),80.55,1411.65,No,0.5351,High,517.23
7173-TETGO,Female,1,Yes,No,72,49+,Two year,Fiber optic,Bank transfer (automatic),78.5,5602.25,No,0.0285,Low,26.85
7929-SKFGK,Male,0,Yes,No,70,49+,Two year,Fiber optic,Credit card (automatic),114.3,8244.3,No,0.0408,Low,55.96
2300-RQGOI,Female,0,No,No,38,25-48,Two year,No,Mailed check,20.05,741.5,No,0.0107,Low,2.57
3563-SVYLG,Male,0,Yes,Yes,68,49+,Two year,DSL,Credit card (automatic),62.65,4375.8,No,0.0036,Low,2.71
5228-EXCET,Male,0,No,No,13,13-24,Month-to-month,Fiber optic,Electronic check,80.85,1008.7,Yes,0.6635,High,643.73
6435-VWCCY,Male,1,Yes,No,65,49+,Two year,Fiber optic,Credit card (automatic),92.7,5968.4,No,0.0652,Low,72.53
4998-IKFSE,Female,0,No,No,30,25-48,Month-to-month,Fiber optic,Electronic check,100.45,3096.9,No,0.5938,High,715.77
8630-QSGXK,Male,0,Yes,No,51,49+,Two year,DSL,Bank transfer (automatic),75.2,3901.25,No,0.0492,Low,44.4
2455-USLMV,Female,0,No,No,31,25-48,Month-to-month,Fiber optic,Credit card (automatic),84.75,2613.4,No,0.3379,Medium,343.64
7394-FKDNK,Female,0,Yes,No,9,0-12,Month-to-month,Fiber optic,Electronic check,89.45,853.1,Yes,0.6768,High,726.48
9488-FVZCC,Female,0,Yes,Yes,72,49+,Two year,DSL,Bank transfer (automatic),79.5,5661.7,No,0.0089,Low,8.49
6331-LWDTQ,Male,0,No,No,10,0-12,Month-to-month,DSL,Credit card (automatic),72.15,794.25,Yes,0.5083,High,440.09
5995-WWKKG,Female,0,No,No,37,25-48,One year,No,Electronic check,19.8,695.05,No,0.0419,Low,9.96
1597-FZREH,Female,0,No,No,2,0-12,Month-to-month,DSL,Electronic check,76.4,160.8,Yes,0.4108,Medium,376.62
7879-CGSFV,Male,0,No,No,55,49+,One year,Fiber optic,Mailed check,100.9,5552.05,No,0.1415,Low,171.33
9921-EZKBY,Male,0,No,Yes,33,25-48,Month-to-month,Fiber optic,Bank transfer (automatic),95.3,3275.15,No,0.3563,Medium,407.46
7432-FFVAR,Female,0,Yes,Yes,46,25-48,One year,Fiber optic,Bank transfer (automatic),90.95,4236.6,No,0.0866,Low,94.52
7246-ZGQDF,Female,0,No,Yes,1,0-12,Month-to-month,DSL,Electronic check,54.5,54.5,No,0.209,Low,136.69
7000-WCEVQ,Female,1,No,No,20,13-24,Month-to-month,DSL,Mailed check,61.6,1174.35,Yes,0.4111,Medium,303.89
0727-IWKVK,Male,0,Yes,No,9,0-12,Month-to-month,Fiber optic,Electronic check,79.9,741.7,Yes,0.6059,High,580.94
5959-BELXA,Male,1,No,No,32,25-48,Month-to-month,Fiber optic,Credit card (automatic),96.15,3019.25,Yes,0.5992,High,691.36
4456-RHSNB,Female,0,Yes,Yes,19,13-24,Month-to-month,DSL,Bank transfer (automatic),49.6,962.9,No,0.2195,Low,130.65
3512-IZIKN,Female,0,Yes,No,70,49+,Two year,DSL,Credit card (automatic),65.3,4759.75,Yes,0.0063,Low,4.94
2481-SBOYW,Female,0,No,Yes,61,49+,Two year,No,Credit card (automatic),25.0,1498.35,No,0.0055,Low,1.65
7109-MFBYV,Male,0,No,No,26,25-48,Month-to-month,DSL,Electronic check,45.45,1233.15,No,0.2134,Low,116.39
1833-TCXKK,Male,0,Yes,No,45,25-48,Month-to-month,Fiber optic,Bank transfer (automatic),107.75,4882.8,No,0.4527,Medium,585.34
1832-PEUTS,Male,0,Yes,Yes,62,49+,Two year,Fiber optic,Credit card (automatic),89.1,5411.65,No,0.0767,Low,82.01
6141-OOXUQ,Male,0,No,No,1,0-12,Month-to-month,No,Mailed check,19.65,19.65,Yes,0.1949,Low,45.96
8660-BUETV,Female,0,No,No,3,0-12,Month-to-month,DSL,Mailed check,44.75,148.05,No,0.332,Medium,178.28
0580-PIQHM,Female,0,Yes,Yes,41,25-48,One year,Fiber optic,Bank transfer (automatic),101.6,3930.55,No,0.1459,Low,177.88
5696-CEIQJ,Male,0,Yes,Yes,67,49+,Two year,Fiber optic,Bank transfer (automatic),103.15,6895.5,No,0.0346,Low,42.83
7503-ZGUZJ,Male,0,No,No,1,0-12,Month-to-month,Fiber optic,Mailed check,84.65,84.65,Yes,0.7483,High,760.12
1696-HXOWK,Female,0,Yes,No,71,49+,One year,Fiber optic,Mailed check,95.65,6856.95,No,0.0683,Low,78.39
3026-ATZYV,Female,0,Yes,Yes,37,25-48,One year,DSL,Bank transfer (automatic),75.1,2658.8,No,0.0475,Low,42.81
4012-YCFAI,Male,0,Yes,No,60,49+,Two year,DSL,Mailed check,61.35,3766.2,No,0.0087,Low,6.4
2506-TNFCO,Female,1,Yes,No,1,0-12,Month-to-month,Fiber optic,Electronic check,69.55,69.55,Yes,0.7373,High,615.35
9970-QBCDA,Female,0,No,No,6,0-12,Month-to-month,No,Credit card (automatic),19.7,129.55,No,0.1446,Low,34.18
8718-PTMEZ,Female,0,No,No,13,13-24,Month-to-month,DSL,Electronic check,31.05,347.25,Yes,0.4668,Medium,173.93
9496-IVVRP,Female,0,Yes,Yes,11,0-12,Month-to-month,DSL,Bank transfer (automatic),51.0,581.7,No,0.1481,Low,90.64
2207-OBZNX,Male,0,No,No,7,0-12,Month-to-month,DSL,Mailed check,51.0,354.05,Yes,0.2839,Low,173.75
2657-VPXTA,Female,0,Yes,Yes,10,0-12,Month-to-month,Fiber optic,Electronic check,88.85,929.45,No,0.7044,High,751.03
6551-VLJMV,Male,0,Yes,No,34,25-48,Two year,No,Credit card (automatic),20.05,679.0,No,0.0121,Low,2.91
1221-GHZEP,Female,0,No,No,62,49+,Two year,DSL,Mailed check,65.1,3846.75,No,0.0118,Low,9.22
9289-LBQVU,Male,0,Yes,No,64,49+,One year,DSL,Mailed check,70.15,4480.7,No,0.0416,Low,35.02
6142-VSJQO,Female,0,Yes,Yes,1,0-12,Month-to-month,DSL,Bank transfer (automatic),44.35,44.35,Yes,0.3726,Medium,198.3
3458-IDMFK,Male,0,No,No,25,25-48,Two year,No,Mailed check,20.75,499.4,No,0.0278,Low,6.92
6933-FHBZC,Female,0,No,No,26,25-48,One year,DSL,Mailed check,56.05,1553.2,No,0.1061,Low,71.36
0221-NAUXK,Male,0,No,Yes,10,0-12,One year,No,Bank transfer (automatic),19.95,219.5,No,0.0779,Low,18.65
9770-KXGQU,Female,0,No,No,53,49+,One year,Fiber optic,Mailed check,98.6,5311.85,No,0.1134,Low,134.17
6437-UKHMV,Female,0,No,No,7,0-12,Month-to-month,Fiber optic,Electronic check,79.7,586.05,Yes,0.7107,High,679.71
6538-POCHL,Male,0,No,No,33,25-48,Month-to-month,Fiber optic,Credit card (automatic),79.0,2576.8,No,0.3157,Medium,299.28
6726-NNFWD,Female,1,Yes,No,71,49+,Two year,Fiber optic,Credit card (automatic),89.45,6435.25,No,0.0389,Low,41.76
3002-WQZWT,Female,0,No,No,29,25-48,Month-to-month,Fiber optic,Electronic check,74.2,1993.25,No,0.5466,High,486.69
4277-UDIEF,Male,0,Yes,Yes,24,13-24,Month-to-month,DSL,Bank transfer (automatic),81.0,1923.85,No,0.1514,Low,147.16
1208-NBVFH,Male,0,Yes,Yes,20,13-24,Month-to-month,DSL,Electronic check,49.6,939.8,No,0.2853,Low,169.81
4912-PIGUY,Female,0,No,No,1,0-12,Month-to-month,Fiber optic,Electronic check,84.6,84.6,No,0.7982,High,810.33
1114-CENIM,Male,0,No,Yes,54,49+,Month-to-month,DSL,Credit card (automatic),55.0,3092.65,Yes,0.0798,Low,52.67
6060-DRTNL,Female,1,No,No,5,0-12,Month-to-month,Fiber optic,Mailed check,84.85,415.55,Yes,0.6796,High,691.97
2725-TTRIQ,Female,0,Yes,Yes,72,49+,Two year,DSL,Bank transfer (automatic),84.2,5986.55,No,0.0143,Low,14.45
3374-TTZTK,Male,0,Yes,No,52,49+,Two year,Fiber optic,Electronic check,106.3,5487.0,No,0.0927,Low,118.25
8990-ZXLSU,Female,0,No,No,9,0-12,Month-to-month,Fiber optic,Electronic check,69.05,651.5,No,0.5598,High,463.85
2275-RBYQS,Female,0,No,No,1,0-12,Month-to-month,DSL,Mailed check,45.4,45.4,No,0.4326,Medium,235.68
8473-VUVJN,Male,1,No,No,1,0-12,Month-to-month,Fiber optic,Electronic check,73.65,73.65,Yes,0.7934,High,701.21
6289-CPNLD,Male,0,Yes,Yes,33,25-48,One year,DSL,Mailed check,73.9,2405.05,Yes,0.1034,Low,91.7
5536-SLHPM,Female,0,Yes,No,55,49+,Month-to-month,Fiber optic,Electronic check,77.75,4458.15,Yes,0.368,Medium,343.34
4419-UJMUS,Male,0,Yes,Yes,69,49+,Two year,Fiber optic,Electronic check,99.35,6856.45,No,0.0982,Low,117.07
7794-JASDG,Male,0,No,No,1,0-12,Month-to-month,DSL,Mailed check,50.75,50.75,No,0.3353,Medium,204.2
7609-YBPXG,Male,0,No,No,54,49+,Two year,DSL,Bank transfer (automatic),87.1,4735.2,No,0.021,Low,21.95
5519-TEEUH,Male,0,No,Yes,33,25-48,One year,No,Mailed check,20.15,682.15,No,0.0306,Low,7.4
7856-GANIL,Male,1,Yes,No,45,25-48,One year,Fiber optic,Bank transfer (automatic),98.7,4525.8,No,0.2139,Low,253.34
0804-XBFBV,Female,0,No,Yes,11,0-12,Month-to-month,DSL,Electronic check,25.2,321.05,No,0.3938,Medium,119.09
2676-OXPPQ,Male,0,No,No,6,0-12,Month-to-month,DSL,Bank transfer (automatic),55.7,335.65,No,0.2451,Low,163.82
3703-TTEPD,Male,0,No,No,21,13-24,Month-to-month,DSL,Bank transfer (automatic),65.35,1424.4,No,0.1632,Low,127.98
2799-TSLAG,Female,0,Yes,Yes,65,49+,Two year,No,Bank transfer (automatic),25.3,1748.55,No,0.005,Low,1.52
0196-VULGZ,Female,1,Yes,No,6,0-12,Month-to-month,Fiber optic,Electronic check,84.35,474.9,Yes,0.7997,High,809.46
8837-VVWLQ,Female,0,No,No,8,0-12,Month-to-month,Fiber optic,Electronic check,84.95,668.4,Yes,0.5159,High,525.91
2696-NARTR,Male,0,No,No,11,0-12,Month-to-month,Fiber optic,Electronic check,73.85,926.25,Yes,0.5564,High,493.08
2208-NKVVH,Male,0,Yes,Yes,43,25-48,Two year,No,Mailed check,24.25,1077.95,No,0.0102,Low,2.97
7614-QVWQL,Male,0,Yes,Yes,49,49+,One year,DSL,Bank transfer (automatic),51.8,2541.25,Yes,0.0913,Low,56.75
1976-CFOCS,Female,1,Yes,No,1,0-12,Month-to-month,DSL,Electronic check,46.0,46.0,Yes,0.4532,Medium,250.17
4631-OACRM,Male,1,No,No,15,13-24,Month-to-month,Fiber optic,Electronic check,79.4,1156.1,Yes,0.6898,High,657.24
7139-JZFVG,Male,0,Yes,Yes,60,49+,Two year,DSL,Bank transfer (automatic),60.5,3694.45,No,0.0063,Low,4.57
4987-GQWPO,Male,0,No,No,17,13-24,Month-to-month,DSL,Credit card (automatic),25.1,382.8,No,0.2926,Low,88.13
3755-JBMNH,Male,1,Yes,No,16,13-24,Month-to-month,Fiber optic,Bank transfer (automatic),71.8,1167.8,Yes,0.5237,High,451.22
1757-TCATG,Male,0,Yes,Yes,35,25-48,One year,No,Bank transfer (automatic),20.05,746.75,No,0.0187,Low,4.5
6345-ULYRW,Male,1,Yes,No,44,25-48,One year,Fiber optic,Mailed check,88.4,3912.9,Yes,0.2211,Low,234.54
4776-XSKYQ,Female,0,Yes,Yes,12,0-12,One year,DSL,Credit card (automatic),30.25,368.85,No,0.1254,Low,45.52
8048-DSDFQ,Male,0,No,No,1,0-12,Month-to-month,No,Mailed check,20.2,20.2,No,0.1923,Low,46.61
5753-QQWPW,Female,0,No,No,28,25-48,One year,DSL,Electronic check,59.9,1654.7,No,0.0675,Low,48.52
6010-DDPPW,Male,0,Yes,No,70,49+,Two year,No,Bank transfer (automatic),25.15,1940.85,No,0.0036,Low,1.09
1809-DMJHQ,Female,0,No,Yes,5,0-12,Month-to-month,DSL,Mailed check,46.0,221.7,Yes,0.2596,Low,143.3
6693-FRIRW,Male,0,No,No,18,13-24,Month-to-month,Fiber optic,Credit card (automatic),101.3,1794.65,No,0.4522,Medium,549.69
6586-MYGKD,Male,0,Yes,No,70,49+,Two year,DSL,Credit card (automatic),76.95,5289.8,No,0.0187,Low,17.27
3173-NVMPX,Female,0,Yes,Yes,9,0-12,Month-to-month,DSL,Mailed check,55.3,501.2,No,0.3394,Medium,225.23
0248-PGHBZ,Female,1,No,No,67,49+,Two year,Fiber optic,Bank transfer (automatic),92.45,6140.85,No,0.0327,Low,36.28
0623-GDISB,Female,0,No,No,1,0-12,Month-to-month,DSL,Bank transfer (automatic),48.45,48.45,No,0.3288,Medium,191.16
2892-GESUL,Female,0,Yes,Yes,18,13-24,Two year,No,Mailed check,19.35,309.25,No,0.0219,Low,5.09
6923-EFPNL,Male,0,No,No,4,0-12,Month-to-month,DSL,Credit card (automatic),51.75,201.1,Yes,0.3543,Medium,220.02
7472-EQOAV,Male,1,Yes,Yes,71,49+,One year,Fiber optic,Bank transfer (automatic),86.7,6179.35,No,0.0425,Low,44.22
9574-RKJIF,Male,0,Yes,Yes,30,25-48,Month-to-month,Fiber optic,Electronic check,94.4,2838.7,Yes,0.4396,Medium,497.98
2043-WVTQJ,Male,0,Yes,No,1,0-12,Month-to-month,DSL,Mailed check,55.7,55.7,No,0.2552,Low,170.58
8034-RYTVV,Female,0,No,No,55,49+,One year,Fiber optic,Credit card (automatic),84.25,4589.85,No,0.1069,Low,108.08
3863-QSTYI,Male,0,No,No,59,49+,Month-to-month,DSL,Electronic check,64.65,3735.45,No,0.0998,Low,77.42
2619-WFQWU,Female,0,No,No,1,0-12,Month-to-month,Fiber optic,Mailed check,70.15,70.15,Yes,0.6322,High,532.19
5044-LRQAQ,Female,0,Yes,No,7,0-12,Month-to-month,Fiber optic,Bank transfer (automatic),69.2,477.55,No,0.5758,High,478.14
1716-LSAMB,Male,0,Yes,Yes,45,25-48,Two year,DSL,Bank transfer (automatic),54.65,2553.7,No,0.009,Low,5.9
1333-PBMXB,Female,0,Yes,Yes,54,49+,One year,No,Bank transfer (automatic),24.75,1342.15,No,0.0156,Low,4.63
6546-OPBBH,Male,0,Yes,Yes,51,49+,One year,No,Mailed check,23.95,1216.35,No,0.0199,Low,5.72
5985-BEHZK,Female,1,Yes,No,72,49+,One year,Fiber optic,Credit card (automatic),105.0,7578.05,No,0.137,Low,172.62
9127-QRZMH,Male,0,Yes,No,44,25-48,One year,DSL,Bank transfer (automatic),59.85,2603.95,No,0.0278,Low,19.97
5919-VCZYM,Male,0,No,No,2,0-12,Month-to-month,No,Mailed check,20.05,42.7,No,0.1861,Low,44.78
9644-KVCNC,Female,0,No,No,66,49+,One year,Fiber optic,Bank transfer (automatic),92.15,6056.9,No,0.1475,Low,163.11
2137-DQMEV,Male,0,Yes,Yes,68,49+,One year,DSL,Mailed check,44.8,2983.65,No,0.0174,Low,9.35
8174-LNWMW,Female,0,No,No,31,25-48,Two year,No,Credit card (automatic),20.9,689.35,No,0.0132,Low,3.31
9279-CJEOJ,Female,1,No,No,21,13-24,Month-to-month,Fiber optic,Bank transfer (automatic),95.4,2025.1,No,0.6822,High,780.98
7964-VEXDG,Male,0,No,Yes,21,13-24,Month-to-month,Fiber optic,Electronic check,80.35,1747.2,No,0.3773,Medium,363.79
2404-JIBFC,Female,0,Yes,Yes,55,49+,Two year,DSL,Bank transfer (automatic),85.1,4657.95,No,0.024,Low,24.51
0778-NELLA,Male,0,No,No,9,0-12,Month-to-month,DSL,Credit card (automatic),34.7,296.1,Yes,0.5262,High,219.11
8029-XYPWT,Male,1,Yes,No,71,49+,Two year,Fiber optic,Bank transfer (automatic),115.05,8016.6,No,0.0609,Low,84.08
4614-NUVZD,Female,0,No,No,1,0-12,Month-to-month,Fiber optic,Electronic check,81.1,81.1,Yes,0.7396,High,719.78
4632-PAOYU,Male,0,Yes,Yes,22,13-24,One year,No,Mailed check,19.95,433.5,No,0.0356,Low,8.52
3803-KMQFW,Female,0,Yes,Yes,1,0-12,Month-to-month,No,Mailed check,20.55,20.55,Yes,0.1581,Low,38.99
6804-GDMOI,Female,0,No,No,61,49+,Two year,Fiber optic,Electronic check,106.6,6428.4,Yes,0.1372,Low,175.51
2990-OGYTD,Female,0,Yes,No,67,49+,Two year,DSL,Bank transfer (automatic),86.15,5883.85,No,0.0187,Low,19.33
6646-JPPHA,Female,1,No,No,14,13-24,Month-to-month,Fiber optic,Electronic check,78.85,1043.8,No,0.407,Medium,385.1
9572-MTILT,Male,0,Yes,No,59,49+,Month-to-month,Fiber optic,Electronic check,106.75,6252.9,Yes,0.2329,Low,298.34
7658-UYUQS,Male,1,Yes,No,21,13-24,Month-to-month,Fiber optic,Bank transfer (automatic),86.55,1857.25,No,0.4544,Medium,471.94
7880-XSOJX,Male,0,No,No,4,0-12,Month-to-month,DSL,Mailed check,42.4,146.4,No,0.2279,Low,115.96
9611-CTWIH,Female,0,No,No,3,0-12,Month-to-month,Fiber optic,Electronic check,89.45,240.45,Yes,0.7776,High,834.68
4589-IUAJB,Male,0,Yes,No,70,49+,Two year,No,Bank transfer (automatic),24.25,1724.15,No,0.0036,Low,1.05
0329-GTIAJ,Female,0,No,No,3,0-12,Month-to-month,Fiber optic,Electronic check,97.9,315.3,Yes,0.6823,High,801.57
8746-BFOAJ,Male,1,No,No,21,13-24,One year,No,Bank transfer (automatic),20.5,429.55,No,0.0477,Low,11.73
8457-XIGKN,Male,0,No,No,20,13-24,Month-to-month,No,Credit card (automatic),19.6,356.15,No,0.1155,Low,27.17
6072-NUQCB,Male,0,Yes,Yes,22,13-24,One year,No,Bank transfer (automatic),20.25,488.25,No,0.0332,Low,8.07
6629-CZTTH,Male,0,No,No,1,0-12,Month-to-month,DSL,Mailed check,55.7,55.7,Yes,0.4915,Medium,328.52
8838-GPHZP,Female,0,No,No,63,49+,Two year,No,Mailed check,20.6,1298.7,No,0.005,Low,1.24
8750-QWZAJ,Female,0,Yes,Yes,70,49+,Two year,No,Bank transfer (automatic),19.8,1378.75,No,0.0019,Low,0.45
5364-EVNIB,Male,0,No,No,13,13-24,Month-to-month,Fiber optic,Electronic check,79.8,973.45,Yes,0.5652,High,541.24
6918-UMQCG,Female,0,No,No,5,0-12,Month-to-month,Fiber optic,Electronic check,80.2,384.25,No,0.6384,High,614.4
0675-NCDYU,Female,0,Yes,Yes,72,49+,Two year,Fiber optic,Credit card (automatic),116.4,8543.25,No,0.0418,Low,58.39
6339-DKLMK,Female,0,No,No,13,13-24,Month-to-month,DSL,Electronic check,31.65,389.95,No,0.4646,Medium,176.46
1346-PJWTK,Male,0,Yes,No,61,49+,Month-to-month,Fiber optic,Credit card (automatic),94.15,5731.85,No,0.1218,Low,137.61
5088-QZLRL,Male,0,No,No,1,0-12,Month-to-month,No,Electronic check,20.65,20.65,No,0.242,Low,59.97
8023-QHAIO,Female,1,Yes,No,56,49+,Month-to-month,Fiber optic,Bank transfer (automatic),76.85,4275.75,No,0.2356,Low,217.27
4397-FRLTA,Female,0,No,No,4,0-12,Month-to-month,No,Mailed check,20.15,84.5,No,0.1691,Low,40.89
3057-VJJQE,Male,0,No,No,35,25-48,Two year,DSL,Mailed check,55.25,1924.1,No,0.0318,Low,21.08
5087-SUURX,Female,0,Yes,No,18,13-24,Month-to-month,DSL,Electronic check,39.05,669.85,Yes,0.5324,High,249.48
2302-OUZXB,Male,0,Yes,No,72,49+,Two year,DSL,Bank transfer (automatic),82.15,5784.3,No,0.0205,Low,20.21
8133-ANHHJ,Female,1,No,No,49,49+,One year,Fiber optic,Bank transfer (automatic),103.0,5166.2,No,0.1019,Low,125.95
2270-CHBFN,Female,0,Yes,No,44,25-48,Month-to-month,Fiber optic,Credit card (automatic),95.1,4060.55,No,0.1764,Low,201.31
0013-EXCHZ,Female,1,Yes,No,3,0-12,Month-to-month,Fiber optic,Mailed check,83.9,267.4,Yes,0.6313,High,635.59
5982-FPVQN,Female,0,Yes,Yes,37,25-48,Month-to-month,Fiber optic,Electronic check,95.15,3532.85,No,0.4752,Medium,542.58
9107-UKCKY,Male,0,Yes,No,61,49+,One year,DSL,Electronic check,79.8,4914.8,No,0.1174,Low,112.42
4654-ULTTN,Male,0,Yes,No,70,49+,Two year,DSL,Credit card (automatic),74.8,5315.8,No,0.0133,Low,11.94
5550-VFRLC,Female,1,No,No,1,0-12,Month-to-month,Fiber optic,Electronic check,69.85,69.85,Yes,0.7313,High,612.98
5546-BYZSM,Female,0,No,No,41,25-48,Month-to-month,No,Electronic check,20.45,775.6,No,0.0474,Low,11.63
1492-KGETH,Male,0,Yes,Yes,70,49+,One year,DSL,Bank transfer (automatic),78.35,5445.95,No,0.0133,Low,12.5
4929-BSTRX,Female,0,No,No,1,0-12,Month-to-month,DSL,Mailed check,53.55,53.55,Yes,0.5022,High,322.71
4163-HFTUK,Male,0,No,No,51,49+,One year,No,Electronic check,19.1,1007.8,No,0.0164,Low,3.76
8215-NGSPE,Female,0,Yes,Yes,42,25-48,Two year,No,Mailed check,20.0,833.55,No,0.0073,Low,1.75
2225-ZRGSG,Female,0,Yes,Yes,70,49+,Two year,Fiber optic,Bank transfer (automatic),93.9,6579.05,Yes,0.0151,Low,17.01
8859-YSTWS,Male,0,No,No,48,25-48,One year,No,Bank transfer (automatic),19.95,1004.5,No,0.0127,Low,3.04
5271-YNWVR,Male,0,Yes,Yes,68,49+,Two year,Fiber optic,Electronic check,113.15,7856.0,Yes,0.0725,Low,98.44
7601-DHFWZ,Female,0,No,No,48,25-48,Two year,No,Credit card (automatic),24.0,1183.05,No,0.0088,Low,2.53
2657-ALMWY,Female,1,Yes,No,26,25-48,Month-to-month,Fiber optic,Electronic check,84.95,2169.75,Yes,0.4773,Medium,486.56
6330-JKLPC,Male,0,Yes,No,11,0-12,Month-to-month,Fiber optic,Bank transfer (automatic),80.5,896.9,Yes,0.5716,High,552.17
4667-OHGKG,Male,0,No,No,1,0-12,Month-to-month,No,Mailed check,19.3,19.3,Yes,0.2617,Low,60.61
1998-VHJHK,Female,0,No,No,27,25-48,One year,No,Mailed check,19.15,501.35,No,0.0346,Low,7.95
1707-HABPF,Female,1,No,No,46,25-48,One year,Fiber optic,Bank transfer (automatic),91.3,4126.35,No,0.186,Low,203.78
1660-HSOOQ,Male,0,No,No,1,0-12,Month-to-month,DSL,Mailed check,49.65,49.65,Yes,0.4338,Medium,258.46
7253-UVNDW,Female,0,No,No,46,25-48,Two year,DSL,Credit card (automatic),54.35,2460.15,Yes,0.0144,Low,9.39
0487-VVUVK,Male,0,Yes,Yes,25,25-48,Month-to-month,No,Mailed check,19.15,477.6,No,0.0877,Low,20.15
7228-OMTPN,Male,0,No,No,4,0-12,Month-to-month,Fiber optic,Electronic check,88.45,370.65,Yes,0.783,High,831.08
5063-IUOKK,Male,0,No,No,13,13-24,Two year,No,Mailed check,19.75,265.75,No,0.0342,Low,8.11
4508-OEBEY,Male,0,Yes,No,31,25-48,One year,DSL,Credit card (automatic),75.5,2424.45,No,0.0567,Low,51.37
0027-KWYKW,Female,0,Yes,Yes,23,13-24,Month-to-month,Fiber optic,Electronic check,83.75,1849.95,No,0.6195,High,622.6
2308-STERM,Female,0,No,No,2,0-12,Month-to-month,No,Mailed check,19.4,61.05,No,0.1864,Low,43.39
5982-XMDEX,Female,0,No,No,65,49+,Two year,No,Bank transfer (automatic),26.5,1698.55,No,0.0041,Low,1.3
6284-AHOOQ,Male,1,No,No,22,13-24,Month-to-month,Fiber optic,Bank transfer (automatic),90.5,1910.6,Yes,0.5279,High,573.3
6051-PTVNS,Female,0,Yes,Yes,55,49+,One year,No,Credit card (automatic),19.15,998.1,No,0.0071,Low,1.63
2344-JMOGN,Male,0,Yes,No,9,0-12,Month-to-month,Fiber optic,Mailed check,94.85,890.6,Yes,0.5017,High,571.03
3799-ISUZQ,Male,0,Yes,Yes,7,0-12,Month-to-month,Fiber optic,Bank transfer (automatic),69.95,529.5,Yes,0.5226,High,438.67
2877-VDUER,Female,0,Yes,Yes,35,25-48,One year,DSL,Mailed check,40.9,1383.6,No,0.0717,Low,35.19
9152-AMKAK,Male,0,No,No,6,0-12,Two year,DSL,Mailed check,80.25,493.4,No,0.1031,Low,99.29
1794-HBQTJ,Female,0,No,No,1,0-12,Month-to-month,DSL,Credit card (automatic),48.6,48.6,Yes,0.3209,Medium,187.15
9432-VOFYX,Male,0,No,No,17,13-24,Month-to-month,Fiber optic,Electronic check,70.8,1207.0,No,0.5749,High,488.44
8049-WJCLQ,Male,0,Yes,Yes,10,0-12,Month-to-month,DSL,Mailed check,60.2,563.5,No,0.2742,Low,198.08
6586-PSJOX,Male,0,No,Yes,15,13-24,One year,DSL,Credit card (automatic),55.2,864.55,No,0.07,Low,46.37
2460-FPSYH,Female,1,No,No,40,25-48,Month-to-month,DSL,Electronic check,55.8,2109.35,Yes,0.284,Low,190.17
9705-ZJBCG,Female,0,Yes,Yes,13,13-24,One year,DSL,Bank transfer (automatic),54.15,701.05,No,0.055,Low,35.74
4818-DRBQT,Male,0,Yes,No,29,25-48,Month-to-month,Fiber optic,Bank transfer (automatic),80.15,2265.25,Yes,0.426,Medium,409.73
1320-HTRDR,Female,0,No,No,3,0-12,Month-to-month,Fiber optic,Electronic check,75.5,220.6,Yes,0.7419,High,672.16
6847-KJLTS,Female,1,Yes,No,58,49+,Month-to-month,Fiber optic,Bank transfer (automatic),100.4,5749.8,No,0.3521,Medium,424.21
9670-BPNXF,Female,0,No,No,45,25-48,One year,DSL,Credit card (automatic),62.55,2796.45,No,0.0237,Low,17.79
3913-FCUUW,Female,0,Yes,Yes,72,49+,Two year,DSL,Bank transfer (automatic),70.45,5165.7,No,0.0062,Low,5.24
3301-VKTGC,Male,0,Yes,Yes,68,49+,One year,Fiber optic,Bank transfer (automatic),85.5,5696.6,No,0.0545,Low,55.92
1493-AMTIE,Male,0,No,No,1,0-12,Month-to-month,No,Bank transfer (automatic),20.2,20.2,Yes,0.242,Low,58.66
9555-SAHUZ,Female,0,Yes,Yes,38,25-48,Month-to-month,DSL,Electronic check,54.5,2076.05,No,0.0745,Low,48.72
0816-TSPHQ,Male,0,No,No,2,0-12,Month-to-month,No,Mailed check,20.75,44.2,No,0.1829,Low,45.54
9932-WBWIK,Male,0,No,No,11,0-12,Month-to-month,No,Mailed check,20.35,215.25,No,0.1302,Low,31.79
4619-EVPHY,Female,1,Yes,No,20,13-24,One year,Fiber optic,Bank transfer (automatic),91.0,1859.5,No,0.4483,Medium,489.54
5286-YHCVC,Male,0,Yes,No,72,49+,Two year,Fiber optic,Bank transfer (automatic),104.8,7470.1,No,0.0957,Low,120.35
6424-ELEYH,Female,0,Yes,No,3,0-12,Month-to-month,Fiber optic,Credit card (automatic),74.75,229.5,Yes,0.6654,High,596.86
4391-RESHN,Male,0,No,No,23,13-24,Month-to-month,Fiber optic,Mailed check,104.05,2470.1,Yes,0.5856,High,731.18
9115-YQHGA,Male,0,No,No,40,25-48,Month-to-month,DSL,Electronic check,51.1,2092.9,No,0.1372,Low,84.13
4462-CYWMH,Male,1,Yes,No,62,49+,Month-to-month,Fiber optic,Bank transfer (automatic),89.8,5629.55,No,0.3049,Medium,328.56
8963-MQVYN,Female,0,No,Yes,22,13-24,Month-to-month,No,Electronic check,20.55,469.85,No,0.1221,Low,30.11
2458-EOMRE,Female,0,No,No,11,0-12,Month-to-month,DSL,Bank transfer (automatic),64.05,733.95,No,0.2192,Low,168.48
9334-GWGOW,Male,1,Yes,No,7,0-12,Month-to-month,Fiber optic,Electronic check,74.85,485.25,No,0.7543,High,677.51
6821-BUXUX,Female,0,No,No,13,13-24,Month-to-month,Fiber optic,Electronic check,96.65,1244.5,Yes,0.5908,High,685.21
5028-HTLJB,Male,1,No,No,1,0-12,Month-to-month,No,Mailed check,20.05,20.05,Yes,0.2164,Low,52.07
9801-GDWGV,Female,0,No,No,39,25-48,Month-to-month,Fiber optic,Electronic check,103.45,3994.45,Yes,0.5946,High,738.14
6542-LWGXJ,Male,0,Yes,No,3,0-12,Month-to-month,DSL,Mailed check,25.0,78.25,No,0.4717,Medium,141.51
5567-GZKQY,Male,0,No,No,58,49+,Two year,No,Credit card (automatic),20.3,1131.5,No,0.0039,Low,0.95
1222-LRYKO,Male,0,No,Yes,6,0-12,Month-to-month,No,Mailed check,26.35,184.05,No,0.1643,Low,51.95
2320-JRSDE,Female,0,Yes,Yes,1,0-12,Month-to-month,No,Electronic check,19.9,19.9,Yes,0.2737,Low,65.36
2087-QAREY,Female,0,Yes,No,22,13-24,Month-to-month,DSL,Mailed check,54.7,1178.75,No,0.223,Low,146.38
0601-WZHJF,Male,0,Yes,No,14,13-24,Month-to-month,DSL,Electronic check,46.35,667.7,Yes,0.5437,High,302.41
4423-JWZJN,Male,0,Yes,Yes,64,49+,One year,Fiber optic,Credit card (automatic),90.25,5629.15,No,0.0931,Low,100.83
5143-WMWOG,Male,0,No,No,1,0-12,Month-to-month,No,Electronic check,19.95,19.95,Yes,0.2459,Low,58.87
6490-FGZAT,Male,0,No,No,6,0-12,Month-to-month,No,Mailed check,20.65,109.3,No,0.1571,Low,38.93
5393-RXQSZ,Male,0,No,No,1,0-12,Month-to-month,Fiber optic,Electronic check,79.6,79.6,Yes,0.6772,High,646.86
7452-FOLON,Male,0,No,Yes,39,25-48,One year,No,Bank transfer (automatic),25.45,958.45,No,0.0205,Low,6.26
2320-TZRRH,Female,0,No,No,20,13-24,One year,No,Mailed check,19.5,403.15,No,0.047,Low,11.0
0231-LXVAP,Male,0,No,No,1,0-12,Month-to-month,Fiber optic,Electronic check,75.9,75.9,Yes,0.6167,High,561.69
9444-JTXHZ,Male,0,Yes,No,1,0-12,Month-to-month,Fiber optic,Electronic check,76.2,76.2,Yes,0.6107,High,558.42
4942-VZZOM,Male,0,Yes,No,64,49+,One year,DSL,Credit card (automatic),66.15,4392.5,No,0.0403,Low,31.99
5510-BOIUJ,Male,0,No,Yes,1,0-12,Month-to-month,No,Mailed check,19.25,19.25,Yes,0.1635,Low,37.77
7502-BNYGS,Female,0,Yes,No,46,25-48,Month-to-month,DSL,Credit card (automatic),69.1,3168.0,No,0.1662,Low,137.81
4291-HYEBC,Female,1,Yes,Yes,28,25-48,One year,DSL,Electronic check,39.1,1096.6,No,0.2311,Low,108.43
6147-CBCRA,Female,0,Yes,No,33,25-48,Month-to-month,No,Mailed check,20.05,669.45,No,0.0524,Low,12.61
6047-SUHPR,Male,0,Yes,Yes,39,25-48,One year,DSL,Electronic check,59.8,2343.85,No,0.0377,Low,27.05
4471-KXAUH,Female,0,Yes,No,42,25-48,Month-to-month,Fiber optic,Electronic check,84.3,3588.4,Yes,0.3767,Medium,381.07
9752-ZNQUT,Female,0,No,No,1,0-12,Month-to-month,DSL,Electronic check,48.6,48.6,No,0.4783,Medium,278.94
7638-QVMVY,Female,0,No,No,7,0-12,Month-to-month,Fiber optic,Electronic check,79.0,522.95,Yes,0.7121,High,675.07
1576-PFZIW,Male,1,Yes,No,70,49+,Two year,Fiber optic,Credit card (automatic),105.35,7511.9,No,0.0422,Low,53.35
5666-MBJPT,Male,0,No,No,65,49+,Two year,No,Bank transfer (automatic),25.1,1725.0,No,0.0063,Low,1.9
7312-XSBAT,Male,0,No,No,1,0-12,Month-to-month,DSL,Electronic check,49.75,49.75,No,0.328,Medium,195.82
3096-GKWEB,Male,0,Yes,No,18,13-24,Month-to-month,Fiber optic,Electronic check,94.75,1691.9,No,0.7583,High,862.19
2371-JQHZZ,Male,0,Yes,No,24,13-24,Month-to-month,Fiber optic,Electronic check,93.0,2248.05,No,0.7351,High,820.37
0674-GCDXG,Male,0,No,No,63,49+,Two year,DSL,Bank transfer (automatic),71.9,4479.2,No,0.0172,Low,14.84
1121-QSIVB,Female,0,No,Yes,44,25-48,One year,DSL,Mailed check,77.55,3471.1,No,0.1084,Low,100.88
4396-KLSEH,Male,0,No,No,4,0-12,Month-to-month,No,Electronic check,19.85,63.0,No,0.2914,Low,69.41
3244-DCJWY,Female,0,No,No,1,0-12,Month-to-month,Fiber optic,Electronic check,70.25,70.25,Yes,0.6996,High,589.76
2824-MYYBN,Female,0,Yes,Yes,37,25-48,Month-to-month,Fiber optic,Electronic check,95.25,3314.15,No,0.5718,High,653.57
0875-CABNR,Female,1,No,No,10,0-12,Month-to-month,Fiber optic,Credit card (automatic),84.6,865.55,Yes,0.6226,High,632.06
6345-HOVES,Male,0,No,No,34,25-48,Month-to-month,DSL,Bank transfer (automatic),25.05,852.7,No,0.2264,Low,68.06
8318-LCNBW,Male,0,Yes,No,35,25-48,One year,DSL,Credit card (automatic),53.15,1930.9,No,0.1106,Low,70.54
6469-QJKZW,Female,0,Yes,No,4,0-12,Month-to-month,No,Electronic check,20.15,91.4,No,0.2206,Low,53.34
0147-ESWWR,Female,1,Yes,No,39,25-48,Month-to-month,Fiber optic,Electronic check,101.25,3949.15,No,0.5739,High,697.29
1217-VASWC,Male,1,Yes,No,43,25-48,One year,Fiber optic,Bank transfer (automatic),100.55,4304.0,No,0.2696,Low,325.3
7812-FZHPE,Female,0,Yes,Yes,17,13-24,Month-to-month,No,Mailed check,24.1,409.9,Yes,0.113,Low,32.68
6370-ZVHDV,Female,0,Yes,No,61,49+,Two year,No,Bank transfer (automatic),25.3,1554.9,No,0.0051,Low,1.55
5915-DGNVC,Female,0,Yes,No,49,49+,One year,DSL,Electronic check,71.8,3472.05,No,0.0637,Low,54.88
6260-XLACS,Male,0,No,No,4,0-12,One year,No,Mailed check,19.7,117.8,No,0.0952,Low,22.51
3566-CAAYU,Female,0,Yes,Yes,64,49+,Two year,DSL,Electronic check,49.85,3210.35,No,0.0154,Low,9.21
4983-CCWMC,Male,0,No,No,3,0-12,Month-to-month,Fiber optic,Mailed check,69.6,207.4,No,0.6251,High,522.08
9103-CXVOK,Male,0,Yes,Yes,1,0-12,Month-to-month,No,Electronic check,19.75,19.75,No,0.2109,Low,49.98
2896-TBNBE,Male,0,Yes,No,40,25-48,One year,Fiber optic,Electronic check,80.8,3132.75,No,0.1555,Low,150.77
4797-AXPXK,Female,0,No,Yes,1,0-12,Month-to-month,DSL,Electronic check,60.0,60.0,Yes,0.24,Low,172.8
5229-PRWKT,Male,0,No,No,8,0-12,Month-to-month,Fiber optic,Electronic check,86.55,649.65,Yes,0.7527,High,781.75
6982-UQZLY,Female,1,Yes,No,1,0-12,Month-to-month,No,Mailed check,20.85,20.85,Yes,0.2807,Low,70.23
2522-WLNSF,Female,1,Yes,No,34,25-48,One year,DSL,Bank transfer (automatic),64.2,2106.3,No,0.0686,Low,52.85
3841-CONLJ,Female,0,Yes,No,1,0-12,Month-to-month,DSL,Electronic check,35.0,35.0,No,0.6186,High,259.81
5057-LCOUI,Female,0,No,No,39,25-48,Month-to-month,DSL,Electronic check,50.75,2011.4,Yes,0.3831,Medium,233.31
0193-ESZXP,Female,1,Yes,No,58,49+,One year,Fiber optic,Credit card (automatic),105.5,6205.5,Yes,0.1059,Low,134.07
4475-NVTLU,Male,0,Yes,Yes,45,25-48,Two year,No,Electronic check,19.2,903.7,No,0.0091,Low,2.1
4369-HTUIF,Male,1,No,No,6,0-12,Month-to-month,Fiber optic,Bank transfer (automatic),85.15,503.6,Yes,0.5679,High,580.28
9386-LDCZR,Male,0,No,No,43,25-48,One year,Fiber optic,Credit card (automatic),90.65,3882.3,No,0.0735,Low,79.95
9585-KKMFD,Male,0,Yes,Yes,41,25-48,Two year,No,Mailed check,20.0,879.8,No,0.0115,Low,2.76
5399-ZIMKF,Male,0,No,No,5,0-12,Month-to-month,Fiber optic,Electronic check,74.65,383.65,No,0.6405,High,573.76
0336-KXKFK,Male,0,No,No,72,49+,Two year,DSL,Credit card (automatic),61.2,4390.25,No,0.0151,Low,11.09
5619-XZZKR,Male,0,No,No,4,0-12,One year,No,Mailed check,19.95,68.2,No,0.0936,Low,22.41
3948-FVVRP,Male,0,Yes,Yes,9,0-12,Month-to-month,DSL,Mailed check,54.8,452.8,No,0.1587,Low,104.36
5327-XOKKY,Male,1,Yes,No,72,49+,Two year,DSL,Credit card (automatic),73.45,5329.0,No,0.0392,Low,34.55
0983-TATYJ,Female,0,Yes,No,33,25-48,One year,DSL,Mailed check,51.45,1758.9,No,0.0703,Low,43.4
1813-JYWTO,Female,0,Yes,No,72,49+,Two year,Fiber optic,Bank transfer (automatic),80.45,5737.6,No,0.0241,Low,23.27
0156-FVPTA,Male,0,Yes,No,22,13-24,Month-to-month,DSL,Electronic check,54.2,1152.7,Yes,0.1839,Low,119.61
1984-FCOWB,Female,0,Yes,No,70,49+,One year,Fiber optic,Electronic check,109.5,7674.55,Yes,0.1925,Low,252.94
0654-HMSHN,Male,0,Yes,Yes,21,13-24,Month-to-month,Fiber optic,Electronic check,104.4,2157.95,Yes,0.5726,High,717.35
6719-OXYBR,Male,0,No,No,15,13-24,Month-to-month,Fiber optic,Electronic check,85.3,1219.85,No,0.5576,High,570.76
3312-ZWLGF,Male,1,Yes,No,29,25-48,Month-to-month,Fiber optic,Electronic check,79.3,2414.55,No,0.5232,High,497.88
6476-YHMGA,Female,0,Yes,Yes,15,13-24,Month-to-month,DSL,Bank transfer (automatic),76.5,1155.6,No,0.1967,Low,180.57
5287-QWLKY,Male,1,Yes,Yes,71,49+,Month-to-month,Fiber optic,Credit card (automatic),105.1,7548.1,Yes,0.2117,Low,267.0
0795-XCCTE,Male,1,No,No,72,49+,Two year,No,Bank transfer (automatic),25.4,1809.35,No,0.0036,Low,1.1
0168-XZKBB,Female,0,Yes,No,19,13-24,Month-to-month,Fiber optic,Electronic check,86.85,1564.4,No,0.6805,High,709.22
3785-NRHYR,Male,0,No,No,1,0-12,Month-to-month,No,Mailed check,19.65,19.65,No,0.1949,Low,45.96
5196-SGOAK,Female,0,No,No,1,0-12,Month-to-month,Fiber optic,Electronic check,75.7,75.7,Yes,0.6582,High,597.91
4537-DKTAL,Female,0,No,No,2,0-12,Month-to-month,DSL,Electronic check,45.55,84.4,No,0.4059,Medium,221.86
7072-MBHEV,Female,1,Yes,Yes,11,0-12,Month-to-month,Fiber optic,Credit card (automatic),78.1,864.85,No,0.5877,High,550.79
5602-BVFMK,Female,0,No,No,12,0-12,One year,No,Mailed check,19.3,228.75,No,0.0666,Low,15.42
6297-NOOPG,Female,0,Yes,No,70,49+,Two year,Fiber optic,Electronic check,110.5,7752.05,No,0.1076,Low,142.68
1891-UAWWU,Female,1,Yes,No,20,13-24,Month-to-month,Fiber optic,Electronic check,90.8,1951.0,Yes,0.6359,High,692.88
8204-TIFGJ,Female,0,No,No,23,13-24,Month-to-month,No,Bank transfer (automatic),20.3,470.6,No,0.1022,Low,24.9
8050-DVOJX,Male,1,No,No,49,49+,Two year,DSL,Credit card (automatic),81.35,4060.9,No,0.0179,Low,17.47
6108-OQZDQ,Female,0,Yes,Yes,4,0-12,Month-to-month,Fiber optic,Electronic check,97.95,384.5,Yes,0.7652,High,899.42
0363-QJVFX,Male,0,No,No,32,25-48,Month-to-month,Fiber optic,Credit card (automatic),108.15,3432.9,Yes,0.3697,Medium,479.8
8903-XEBGX,Male,0,No,Yes,2,0-12,Month-to-month,DSL,Electronic check,55.3,108.65,No,0.505,High,335.12
8169-SAEJD,Male,1,Yes,No,69,49+,Two year,DSL,Credit card (automatic),56.55,3952.65,No,0.0162,Low,10.99
9840-DVNDC,Male,0,No,No,6,0-12,Month-to-month,Fiber optic,Credit card (automatic),80.5,463.05,Yes,0.6233,High,602.11
1089-XZWHH,Female,0,Yes,Yes,24,13-24,Two year,No,Mailed check,19.7,494.05,No,0.0242,Low,5.72
2325-WINES,Female,0,No,No,32,25-48,One year,Fiber optic,Credit card (automatic),104.05,3416.85,No,0.3701,Medium,462.11
6064-ZATLR,Female,0,No,No,27,25-48,Two year,DSL,Bank transfer (automatic),52.85,1498.65,No,0.0267,Low,16.93
3096-JRDSO,Female,1,Yes,No,27,25-48,Month-to-month,Fiber optic,Bank transfer (automatic),104.3,2867.75,Yes,0.4771,Medium,597.14
7824-PANSQ,Male,0,No,No,58,49+,Month-to-month,Fiber optic,Bank transfer (automatic),80.65,4807.35,No,0.1434,Low,138.78
8042-JVNFH,Male,0,No,No,1,0-12,Month-to-month,Fiber optic,Mailed check,71.35,71.35,Yes,0.6289,High,538.46
9648-BCHKM,Female,0,Yes,Yes,18,13-24,Two year,No,Credit card (automatic),24.65,471.35,No,0.0383,Low,11.33
2888-ADFAO,Female,0,Yes,Yes,47,25-48,Two year,No,Bank transfer (automatic),21.3,1041.8,No,0.0077,Low,1.97
8707-HOEDG,Female,0,Yes,Yes,70,49+,Two year,Fiber optic,Electronic check,110.2,7689.8,No,0.0873,Low,115.45
3374-LXDEV,Female,0,No,No,13,13-24,Month-to-month,Fiber optic,Electronic check,89.4,1132.35,Yes,0.4574,Medium,490.7
4072-IPYLT,Female,0,Yes,Yes,36,25-48,Month-to-month,DSL,Credit card (automatic),51.05,1815.0,No,0.0594,Low,36.39
7167-PCEYD,Male,0,No,No,67,49+,Two year,No,Mailed check,19.8,1311.3,No,0.0043,Low,1.02
4936-YPJNK,Female,0,No,No,10,0-12,Month-to-month,No,Mailed check,19.9,199.45,No,0.1839,Low,43.92
1580-BMCMR,Male,1,No,No,19,13-24,Month-to-month,Fiber optic,Electronic check,87.3,1637.3,No,0.548,High,574.08
4817-KEQSP,Female,0,Yes,Yes,71,49+,Two year,No,Bank transfer (automatic),19.85,1326.35,No,0.0018,Low,0.43
6408-WHTEF,Male,0,Yes,Yes,72,49+,Two year,DSL,Mailed check,89.4,6376.55,No,0.0143,Low,15.34
9251-AWQGT,Female,0,Yes,Yes,48,25-48,Two year,No,Mailed check,20.0,935.9,No,0.0056,Low,1.34
8749-CLJXC,Male,0,No,No,1,0-12,Month-to-month,No,Mailed check,20.05,20.05,No,0.193,Low,46.44
7989-VCQOH,Male,0,Yes,Yes,18,13-24,Month-to-month,DSL,Electronic check,83.25,1611.15,No,0.1819,Low,181.72
5049-GLYVG,Male,0,No,No,1,0-12,Month-to-month,No,Mailed check,20.6,20.6,Yes,0.1905,Low,47.09
4199-QHJNM,Male,1,Yes,No,67,49+,Two year,Fiber optic,Bank transfer (automatic),102.9,6989.7,No,0.0689,Low,85.08
8882-TLVRW,Male,0,Yes,Yes,69,49+,Two year,DSL,Mailed check,39.1,2779.5,No,0.0053,Low,2.49
5883-GTGVD,Male,0,No,No,19,13-24,Month-to-month,Fiber optic,Electronic check,99.95,1931.75,Yes,0.7194,High,862.85
5135-GRQJV,Male,1,Yes,No,72,49+,Two year,Fiber optic,Mailed check,114.5,8331.95,No,0.0678,Low,93.16
2384-OVPSA,Female,1,No,No,38,25-48,Two year,No,Mailed check,20.2,735.9,No,0.0123,Low,2.98
1371-WEPDS,Male,1,Yes,No,40,25-48,One year,DSL,Electronic check,55.8,2283.3,No,0.1092,Low,73.12
3580-GICBM,Female,0,Yes,Yes,61,49+,Two year,No,Mailed check,24.2,1445.2,No,0.0064,Low,1.86
4817-QRJSX,Female,0,No,No,10,0-12,Month-to-month,Fiber optic,Credit card (automatic),81.0,818.05,Yes,0.5572,High,541.6
9730-DRTMJ,Male,0,Yes,No,32,25-48,One year,DSL,Credit card (automatic),72.8,2333.05,No,0.0795,Low,69.45
4686-UXDML,Female,0,No,No,21,13-24,Month-to-month,Fiber optic,Credit card (automatic),99.85,1992.55,No,0.6035,High,723.11
3349-ANQNH,Female,1,No,No,59,49+,One year,Fiber optic,Electronic check,99.5,5890.0,No,0.3521,Medium,420.41
2398-YPMUR,Female,1,Yes,No,13,13-24,Month-to-month,Fiber optic,Electronic check,70.15,916.75,Yes,0.6459,High,543.72
0932-YIXYU,Female,0,No,No,47,25-48,Two year,No,Credit card (automatic),20.25,1029.8,No,0.0065,Low,1.58
7480-SPLEF,Male,0,Yes,Yes,69,49+,Two year,No,Bank transfer (automatic),26.0,1796.55,No,0.0042,Low,1.31
7636-XUHWW,Male,0,No,No,2,0-12,Month-to-month,No,Credit card (automatic),19.9,33.7,No,0.2295,Low,54.8
1431-CYWMH,Female,0,Yes,Yes,22,13-24,Month-to-month,No,Bank transfer (automatic),19.05,454.05,No,0.0652,Low,14.9
5937-EORGB,Male,1,Yes,No,15,13-24,Month-to-month,Fiber optic,Electronic check,96.5,1392.25,No,0.6522,High,755.25
6349-JDHQP,Female,0,No,No,53,49+,Two year,No,Credit card (automatic),19.85,1049.6,No,0.0049,Low,1.17
5539-HIVAK,Female,1,Yes,No,28,25-48,Month-to-month,No,Mailed check,25.7,734.6,No,0.098,Low,30.22
5847-MXBEO,Male,0,No,No,22,13-24,One year,No,Mailed check,20.3,475.1,No,0.0433,Low,10.55
9985-MWVIX,Female,0,No,No,1,0-12,Month-to-month,Fiber optic,Mailed check,70.15,70.15,Yes,0.6322,High,532.19
4583-PARNH,Male,1,Yes,No,16,13-24,Month-to-month,Fiber optic,Electronic check,91.55,1540.05,No,0.5932,High,651.69
1116-FRYVH,Female,0,Yes,Yes,48,25-48,Two year,DSL,Mailed check,39.4,1978.65,No,0.0107,Low,5.06
1421-HCERK,Male,1,Yes,No,30,25-48,Month-to-month,Fiber optic,Bank transfer (automatic),105.7,3181.8,No,0.3468,Medium,439.88
9633-XQABV,Female,0,No,No,3,0-12,Month-to-month,Fiber optic,Electronic check,70.25,229.7,No,0.6859,High,578.21
0716-BQNDX,Male,1,No,No,57,49+,Two year,Fiber optic,Electronic check,93.75,5625.55,No,0.0729,Low,82.01
1265-XTECC,Female,1,Yes,No,68,49+,One year,Fiber optic,Credit card (automatic),96.55,6581.9,Yes,0.1046,Low,121.19
1183-CANVH,Female,0,Yes,No,23,13-24,One year,DSL,Bank transfer (automatic),60.0,1347.15,No,0.0868,Low,62.5
1972-XMUWV,Female,0,Yes,No,65,49+,Two year,DSL,Credit card (automatic),59.8,3808.2,No,0.0143,Low,10.26
8679-LZBMD,Male,0,Yes,No,44,25-48,One year,Fiber optic,Bank transfer (automatic),90.65,3974.15,No,0.2594,Low,282.18
3407-JMJQQ,Female,0,Yes,Yes,71,49+,Two year,Fiber optic,Bank transfer (automatic),109.0,7661.8,No,0.0572,Low,74.82
6252-DFGTK,Female,0,Yes,No,37,25-48,One year,DSL,Credit card (automatic),68.1,2479.25,No,0.0345,Low,28.19
1539-LNKHM,Female,0,No,No,12,0-12,Month-to-month,No,Mailed check,20.4,266.6,No,0.1233,Low,30.18
8645-KOMJQ,Male,0,Yes,Yes,69,49+,Two year,DSL,Bank transfer (automatic),81.95,5601.4,No,0.0212,Low,20.85
0289-IVARM,Female,0,No,No,35,25-48,Month-to-month,DSL,Electronic check,60.55,1982.6,No,0.0946,Low,68.74
9761-XUJWD,Male,0,No,No,5,0-12,Month-to-month,DSL,Bank transfer (automatic),65.6,339.9,No,0.3107,Medium,244.58
4057-FKCZK,Male,0,Yes,Yes,58,49+,Two year,Fiber optic,Bank transfer (automatic),82.5,4828.05,No,0.0649,Low,64.25
4291-TPNFG,Male,0,Yes,No,72,49+,Two year,DSL,Bank transfer (automatic),82.3,5980.55,No,0.0112,Low,11.06
6087-YPWHO,Male,0,Yes,No,72,49+,Two year,DSL,Mailed check,68.15,4808.7,No,0.0059,Low,4.83
3090-QFUVD,Female,0,No,No,1,0-12,Month-to-month,No,Credit card (automatic),20.3,20.3,No,0.1724,Low,42.0
2237-ZFSMY,Female,0,No,No,39,25-48,One year,Fiber optic,Electronic check,95.55,3692.85,Yes,0.1708,Low,195.84
1722-LDZJS,Male,0,Yes,Yes,53,49+,One year,No,Credit card (automatic),20.2,1068.15,No,0.0079,Low,1.91
1818-ESQMW,Female,0,No,No,27,25-48,Month-to-month,Fiber optic,Electronic check,89.2,2383.6,No,0.4745,Medium,507.9
4871-JTKJF,Female,1,No,No,1,0-12,Month-to-month,Fiber optic,Electronic check,69.65,69.65,Yes,0.7325,High,612.22
1415-YFWLT,Female,1,No,No,1,0-12,Month-to-month,Fiber optic,Electronic check,89.3,89.3,Yes,0.8125,High,870.68
7401-RUBNK,Female,0,Yes,No,18,13-24,Month-to-month,Fiber optic,Electronic check,74.8,1438.05,No,0.3865,Medium,346.92
0506-YLVKJ,Male,0,Yes,Yes,46,25-48,Two year,No,Mailed check,20.2,917.45,No,0.009,Low,2.18
8661-BOYNW,Female,0,Yes,No,72,49+,Two year,DSL,Credit card (automatic),84.4,6096.45,No,0.0176,Low,17.83
6711-VTNRE,Female,0,No,No,36,25-48,Month-to-month,Fiber optic,Electronic check,87.55,3078.1,Yes,0.4139,Medium,434.84
4815-GBTCD,Female,0,Yes,No,4,0-12,Month-to-month,DSL,Electronic check,25.15,99.95,No,0.6204,High,187.24
2805-AUFQN,Female,0,No,No,25,25-48,Two year,No,Credit card (automatic),19.8,475.2,No,0.0175,Low,4.16
0980-PVMRC,Female,0,Yes,Yes,40,25-48,Month-to-month,DSL,Electronic check,50.85,2036.55,No,0.2962,Low,180.74
7233-DRTRF,Male,0,Yes,No,63,49+,Month-to-month,Fiber optic,Electronic check,102.4,6444.05,No,0.4511,Medium,554.31
3500-RMZLT,Female,1,No,No,15,13-24,Month-to-month,Fiber optic,Mailed check,96.3,1426.75,Yes,0.4094,Medium,473.1
3873-NFTGI,Male,0,No,No,14,13-24,Month-to-month,DSL,Credit card (automatic),55.5,767.55,No,0.3218,Medium,214.32
1162-ECVII,Male,1,Yes,No,72,49+,Two year,Fiber optic,Bank transfer (automatic),109.75,7932.5,No,0.0854,Low,112.47
7048-GXDAY,Male,0,No,No,39,25-48,Month-to-month,Fiber optic,Electronic check,106.4,4040.65,No,0.4853,Medium,619.63
8571-ZCMCX,Female,0,Yes,Yes,47,25-48,Two year,DSL,Credit card (automatic),60.0,2768.65,No,0.0362,Low,26.06
1169-WCVAK,Male,0,Yes,No,19,13-24,Month-to-month,Fiber optic,Credit card (automatic),88.8,1672.35,No,0.3278,Medium,349.3
4548-SDBKE,Female,0,No,No,5,0-12,Month-to-month,Fiber optic,Electronic check,85.2,474.8,Yes,0.7762,High,793.59
8066-POXGX,Female,0,No,No,13,13-24,Month-to-month,DSL,Electronic check,35.1,446.1,Yes,0.5788,High,243.79
7129-CAKJW,Female,0,No,No,17,13-24,Month-to-month,Fiber optic,Bank transfer (automatic),80.05,1345.65,No,0.4561,Medium,438.13
8695-ARGXZ,Male,1,Yes,No,34,25-48,Month-to-month,Fiber optic,Electronic check,75.55,2425.4,No,0.5446,High,493.73
3570-YUEKJ,Female,0,No,No,42,25-48,Month-to-month,DSL,Electronic check,49.55,2077.95,No,0.1517,Low,90.2
4143-OOBWZ,Male,0,Yes,No,5,0-12,Month-to-month,Fiber optic,Electronic check,81.3,416.3,Yes,0.6987,High,681.65
1555-HAPSU,Female,0,Yes,Yes,71,49+,Two year,No,Credit card (automatic),23.9,1663.5,No,0.0025,Low,0.72
1697-NVVGY,Male,1,Yes,No,19,13-24,Month-to-month,DSL,Bank transfer (automatic),66.4,1286.05,No,0.1928,Low,153.62
7854-EKTJL,Female,0,No,Yes,2,0-12,Month-to-month,No,Electronic check,19.6,35.85,Yes,0.2621,Low,61.65
8464-EETCQ,Male,0,No,No,57,49+,Two year,No,Credit card (automatic),18.8,1094.35,No,0.0043,Low,0.97
2419-FSORS,Male,0,Yes,No,72,49+,Two year,Fiber optic,Electronic check,108.4,7719.5,No,0.1055,Low,137.23
8132-YPVBX,Female,0,No,No,6,0-12,Month-to-month,Fiber optic,Mailed check,85.95,514.6,No,0.6011,High,619.97
9102-IAYHT,Female,0,Yes,Yes,17,13-24,Month-to-month,Fiber optic,Electronic check,85.45,1451.6,Yes,0.6565,High,673.18
6754-LZUKA,Male,0,Yes,No,61,49+,Two year,DSL,Bank transfer (automatic),80.9,4932.5,No,0.0302,Low,29.32
3422-LYEPQ,Male,0,Yes,Yes,1,0-12,Month-to-month,Fiber optic,Electronic check,71.0,71.0,Yes,0.6548,High,557.89
8099-MZPUJ,Male,0,Yes,Yes,48,25-48,Two year,Fiber optic,Credit card (automatic),111.8,5443.65,No,0.0556,Low,74.59
0787-LHDYT,Male,0,No,No,16,13-24,Month-to-month,No,Credit card (automatic),20.6,330.25,No,0.1335,Low,33.0
2642-DTVCO,Male,1,No,No,9,0-12,Month-to-month,Fiber optic,Electronic check,85.05,746.5,Yes,0.7814,High,797.5
0374-IOEGQ,Female,0,No,No,3,0-12,Month-to-month,DSL,Electronic check,44.6,122.7,No,0.4028,Medium,215.58
4361-JEIVL,Male,0,No,Yes,1,0-12,Month-to-month,DSL,Electronic check,44.4,44.4,Yes,0.4654,Medium,247.97
3197-NNYNB,Male,0,No,No,65,49+,Two year,Fiber optic,Credit card (automatic),105.1,6631.85,No,0.0747,Low,94.21
3396-DKDEL,Female,0,Yes,Yes,70,49+,Two year,Fiber optic,Credit card (automatic),115.15,8250.0,No,0.0448,Low,61.9
1752-OZXFY,Male,0,Yes,No,60,49+,One year,DSL,Mailed check,59.8,3561.15,No,0.0358,Low,25.69
9066-QRSDU,Female,0,Yes,No,69,49+,One year,No,Electronic check,26.3,1763.55,No,0.0142,Low,4.48
9112-WSNPU,Female,1,No,No,35,25-48,Month-to-month,Fiber optic,Electronic check,70.55,2419.0,No,0.3608,Medium,305.45
9867-NNXLC,Female,0,No,No,22,13-24,Month-to-month,No,Mailed check,20.05,470.2,No,0.1153,Low,27.74
5321-NTRKC,Male,0,Yes,Yes,66,49+,Two year,DSL,Bank transfer (automatic),79.85,5234.95,No,0.0209,Low,20.03
1363-TXLSL,Male,1,Yes,No,1,0-12,Month-to-month,Fiber optic,Electronic check,70.3,70.3,Yes,0.7372,High,621.9
9507-EXLTT,Female,0,Yes,No,1,0-12,Month-to-month,Fiber optic,Bank transfer (automatic),79.35,79.35,Yes,0.676,High,643.69
3161-GETRM,Male,0,Yes,Yes,34,25-48,Month-to-month,Fiber optic,Credit card (automatic),90.05,3097.0,No,0.4357,Medium,470.82
0402-OAMEN,Female,0,Yes,Yes,72,49+,Two year,No,Bank transfer (automatic),24.45,1709.1,No,0.0025,Low,0.73
6933-VLYFX,Male,0,Yes,Yes,31,25-48,One year,DSL,Electronic check,59.95,1848.8,No,0.1052,Low,75.68
6754-WKSHP,Male,0,No,Yes,30,25-48,One year,No,Bank transfer (automatic),25.35,723.3,No,0.0304,Low,9.25
9846-GKXAS,Female,0,No,No,9,0-12,Month-to-month,Fiber optic,Bank transfer (automatic),90.8,809.75,Yes,0.6577,High,716.63
6017-PPLPX,Male,0,Yes,Yes,20,13-24,Month-to-month,Fiber optic,Electronic check,70.45,1470.95,Yes,0.5042,High,426.25
4976-LNFVV,Male,1,Yes,No,19,13-24,Month-to-month,DSL,Credit card (automatic),34.3,577.15,No,0.3547,Medium,145.99
5055-MGMGF,Female,0,Yes,No,65,49+,Month-to-month,Fiber optic,Electronic check,105.05,6914.95,No,0.3678,Medium,463.65
4641-FROLU,Female,0,Yes,Yes,30,25-48,Two year,No,Mailed check,19.3,602.9,No,0.0129,Low,2.99
2862-JVEOY,Male,0,No,No,6,0-12,One year,No,Mailed check,19.15,124.4,No,0.0883,Low,20.29
2969-QWUBZ,Female,0,No,No,2,0-12,Month-to-month,DSL,Electronic check,51.4,96.8,No,0.6051,High,373.23
9822-BIIGN,Male,0,Yes,Yes,53,49+,Month-to-month,DSL,Electronic check,71.85,3827.9,No,0.068,Low,58.63
2077-MPJQO,Male,1,Yes,No,7,0-12,Month-to-month,Fiber optic,Electronic check,75.4,533.05,No,0.7532,High,681.5
1534-OULXE,Female,0,Yes,Yes,61,49+,One year,DSL,Bank transfer (automatic),49.7,2961.4,No,0.0176,Low,10.5
7136-RVDTZ,Male,1,No,No,70,49+,One year,DSL,Electronic check,45.25,3264.45,Yes,0.0966,Low,52.45
2971-SGAFL,Female,0,No,No,13,13-24,Month-to-month,DSL,Electronic check,78.75,995.35,No,0.4895,Medium,462.58
1480-IVEVR,Male,1,Yes,No,35,25-48,One year,Fiber optic,Bank transfer (automatic),81.6,2815.25,No,0.2802,Low,274.37
2905-KFQUV,Female,0,Yes,No,2,0-12,Month-to-month,Fiber optic,Credit card (automatic),70.4,154.8,No,0.6026,High,509.08
4581-SSPWD,Female,0,No,No,3,0-12,Month-to-month,Fiber optic,Electronic check,75.8,246.3,Yes,0.7412,High,674.2
3370-HXOPH,Female,0,No,No,3,0-12,Month-to-month,Fiber optic,Electronic check,76.1,257.6,No,0.6628,High,605.27
9391-YZEJW,Female,0,No,No,62,49+,One year,Fiber optic,Bank transfer (automatic),94.0,5757.2,No,0.2207,Low,248.95
9958-MEKUC,Male,0,Yes,Yes,72,49+,Two year,Fiber optic,Credit card (automatic),103.95,7517.7,No,0.0206,Low,25.7
0281-CNTZX,Male,0,Yes,No,63,49+,Two year,No,Bank transfer (automatic),19.95,1234.8,No,0.0048,Low,1.15
6927-WTFIV,Male,1,No,No,20,13-24,Month-to-month,Fiber optic,Credit card (automatic),71.3,1389.2,Yes,0.3858,Medium,330.09
4118-CEVPF,Female,1,No,No,35,25-48,One year,Fiber optic,Bank transfer (automatic),110.8,3836.3,No,0.2473,Low,328.81
3398-ZOUAA,Male,1,Yes,No,21,13-24,Month-to-month,Fiber optic,Electronic check,69.1,1474.75,Yes,0.5935,High,492.13
9114-VEPUF,Male,0,Yes,No,62,49+,One year,Fiber optic,Electronic check,96.1,6001.45,No,0.1152,Low,132.85
7876-BEUTG,Female,0,No,No,15,13-24,Month-to-month,DSL,Mailed check,48.8,720.1,No,0.3798,Medium,222.41
2338-BQEZT,Female,0,No,No,55,49+,Month-to-month,DSL,Credit card (automatic),50.55,2832.75,No,0.0522,Low,31.66
9873-MNDKV,Female,0,No,No,11,0-12,Month-to-month,DSL,Mailed check,44.65,472.25,No,0.3418,Medium,183.14
0378-NHQXU,Female,0,Yes,Yes,17,13-24,Month-to-month,Fiber optic,Electronic check,88.25,1460.65,Yes,0.5758,High,609.77
8241-JUIQO,Female,0,No,No,61,49+,One year,No,Bank transfer (automatic),19.45,1336.35,No,0.0071,Low,1.66
2194-IIQOF,Female,0,Yes,No,71,49+,Two year,DSL,Credit card (automatic),89.3,6388.65,No,0.0116,Low,12.43
4512-ZUIYL,Female,0,No,No,2,0-12,Month-to-month,Fiber optic,Bank transfer (automatic),70.0,153.05,Yes,0.5169,High,434.2
9631-RXVJM,Male,0,No,No,35,25-48,Two year,No,Mailed check,19.25,677.9,No,0.0129,Low,2.98
9584-EXCDZ,Female,0,No,No,17,13-24,Month-to-month,Fiber optic,Bank transfer (automatic),70.5,1165.6,No,0.3836,Medium,324.53
7969-AULMZ,Female,0,No,No,21,13-24,Month-to-month,Fiber optic,Electronic check,97.35,2119.5,Yes,0.7242,High,846.01
5093-FEGLU,Female,0,Yes,No,47,25-48,Two year,No,Bank transfer (automatic),19.65,921.55,No,0.0068,Low,1.6
2621-UDNLU,Female,0,Yes,No,3,0-12,Month-to-month,No,Mailed check,20.85,72.0,No,0.1759,Low,44.01
7526-IVLYU,Male,0,No,No,3,0-12,Month-to-month,No,Mailed check,19.65,68.35,No,0.2427,Low,57.23
2428-HYUNX,Male,1,Yes,No,44,25-48,Two year,No,Credit card (automatic),19.35,847.25,No,0.013,Low,3.02
9214-EKVXR,Female,0,No,No,1,0-12,Month-to-month,DSL,Mailed check,44.0,44.0,No,0.443,Medium,233.9
3410-MHHUM,Female,0,Yes,Yes,44,25-48,One year,Fiber optic,Electronic check,94.4,4295.35,No,0.2091,Low,236.87
0568-ONFPC,Male,0,Yes,Yes,5,0-12,Month-to-month,No,Bank transfer (automatic),25.9,135.0,Yes,0.2213,Low,68.78
0733-VUNUW,Male,0,No,No,24,13-24,Month-to-month,DSL,Bank transfer (automatic),55.65,1400.55,Yes,0.2098,Low,140.1
4550-EVXNY,Female,0,No,Yes,1,0-12,Month-to-month,Fiber optic,Electronic check,69.65,69.65,Yes,0.6541,High,546.7
2122-YWVYA,Female,0,No,No,18,13-24,Month-to-month,Fiber optic,Electronic check,75.4,1380.4,No,0.4639,Medium,419.74
2968-SSGAA,Female,0,No,No,10,0-12,Month-to-month,Fiber optic,Electronic check,100.6,1060.2,Yes,0.7846,High,947.17
2296-DKZFP,Female,0,Yes,No,65,49+,Two year,DSL,Bank transfer (automatic),71.0,4386.2,No,0.0086,Low,7.33
4844-JJWUY,Female,1,No,No,1,0-12,Month-to-month,Fiber optic,Electronic check,86.0,86.0,Yes,0.7337,High,757.18
6777-TGHTM,Female,0,No,No,53,49+,One year,Fiber optic,Credit card (automatic),106.95,5785.5,Yes,0.1993,Low,255.78
8909-BOLNL,Male,0,No,No,3,0-12,One year,No,Mailed check,21.2,52.05,No,0.0943,Low,23.99
6603-YRDCJ,Male,0,Yes,No,33,25-48,Two year,DSL,Mailed check,61.05,2018.4,No,0.0227,Low,16.63
3538-WZPHD,Male,0,No,No,3,0-12,Month-to-month,DSL,Electronic check,29.6,79.45,Yes,0.593,High,210.63
3229-USWAR,Female,0,No,No,34,25-48,One year,DSL,Bank transfer (automatic),79.95,2727.3,No,0.0766,Low,73.49
2138-VFAPZ,Female,0,Yes,Yes,14,13-24,Two year,No,Mailed check,19.7,263.65,No,0.0374,Low,8.84
6131-JLWZM,Female,0,No,No,13,13-24,Month-to-month,No,Mailed check,20.3,275.4,No,0.163,Low,39.71
4785-QRJHC,Male,1,Yes,No,46,25-48,One year,DSL,Bank transfer (automatic),59.9,2816.65,Yes,0.1119,Low,80.43
0269-XFESX,Male,0,Yes,Yes,23,13-24,One year,No,Mailed check,24.35,538.5,No,0.0464,Low,13.56
1709-EJDOX,Female,0,Yes,Yes,47,25-48,Two year,No,Mailed check,19.75,948.9,No,0.0059,Low,1.4
4316-XCSLJ,Male,0,No,Yes,17,13-24,Month-to-month,DSL,Mailed check,50.3,846.8,No,0.1791,Low,108.1
8610-WFCJF,Female,0,Yes,Yes,49,49+,Month-to-month,Fiber optic,Electronic check,95.6,4783.5,Yes,0.5016,High,575.44
9693-XMUOB,Male,1,Yes,No,59,49+,Month-to-month,DSL,Electronic check,50.25,2997.45,No,0.2324,Low,140.14
0383-CLDDA,Female,0,No,No,69,49+,Two year,DSL,Credit card (automatic),85.35,5897.4,No,0.0186,Low,19.05
4905-JEFDW,Male,0,No,No,11,0-12,One year,DSL,Electronic check,41.6,470.6,Yes,0.4149,Medium,207.12
2709-UQGNP,Male,0,No,No,10,0-12,Month-to-month,DSL,Mailed check,51.65,524.5,No,0.2577,Low,159.72
3549-ZTMNH,Male,0,Yes,Yes,12,0-12,Two year,No,Bank transfer (automatic),24.0,269.65,No,0.0525,Low,15.12
7881-INRLC,Male,0,No,No,45,25-48,Month-to-month,Fiber optic,Credit card (automatic),100.85,4740.0,Yes,0.4561,Medium,551.97
8033-ATFAS,Female,0,Yes,Yes,39,25-48,Month-to-month,DSL,Mailed check,59.85,2341.5,No,0.158,Low,113.48
1635-NZATJ,Male,1,Yes,No,71,49+,Two year,No,Credit card (automatic),25.45,1789.65,No,0.0037,Low,1.13
0562-HKHML,Male,0,Yes,Yes,71,49+,Two year,No,Credit card (automatic),23.9,1626.4,No,0.0026,Low,0.75
8277-RVRSV,Female,0,Yes,Yes,33,25-48,One year,No,Credit card (automatic),24.15,800.3,No,0.0268,Low,7.77
9943-VSZUV,Male,1,No,No,67,49+,Month-to-month,Fiber optic,Mailed check,75.7,5060.85,No,0.2279,Low,207.02
0117-LFRMW,Male,0,Yes,Yes,37,25-48,Month-to-month,DSL,Bank transfer (automatic),40.2,1448.8,Yes,0.078,Low,37.63
6172-FECYY,Male,0,Yes,Yes,49,49+,Month-to-month,Fiber optic,Electronic check,84.5,4254.85,Yes,0.3431,Medium,347.9
7054-ENNGU,Female,0,Yes,No,9,0-12,Month-to-month,DSL,Mailed check,50.85,466.6,No,0.2462,Low,150.23
1455-HFBXA,Male,0,Yes,No,52,49+,Two year,Fiber optic,Credit card (automatic),91.6,4627.8,No,0.046,Low,50.56
9402-CXWPL,Female,0,No,No,70,49+,One year,Fiber optic,Electronic check,98.9,6838.6,No,0.1705,Low,202.35
1628-BIZYP,Male,0,No,No,1,0-12,Month-to-month,Fiber optic,Electronic check,85.0,85.0,No,0.7156,High,729.91
1965-AKTSX,Female,1,No,No,14,13-24,Month-to-month,Fiber optic,Electronic check,78.95,1101.85,Yes,0.6713,High,635.99
0082-LDZUE,Male,0,No,No,1,0-12,Month-to-month,DSL,Mailed check,44.3,44.3,No,0.4463,Medium,237.25
4786-UKSNZ,Male,0,No,No,1,0-12,Month-to-month,No,Mailed check,20.2,20.2,Yes,0.1923,Low,46.61
5343-SGUBI,Female,0,No,No,52,49+,One year,Fiber optic,Mailed check,80.2,4297.6,No,0.1586,Low,152.64
0856-NAOES,Male,0,No,No,6,0-12,Month-to-month,DSL,Mailed check,60.9,414.1,No,0.3493,Medium,255.27
1976-AZZPJ,Male,0,Yes,No,7,0-12,Month-to-month,DSL,Mailed check,34.2,256.6,No,0.2987,Low,122.59
7248-VZQLC,Female,1,No,No,47,25-48,Month-to-month,Fiber optic,Bank transfer (automatic),85.2,3969.35,Yes,0.3181,Medium,325.23
6156-UZDLF,Female,0,No,No,26,25-48,One year,Fiber optic,Credit card (automatic),87.15,2274.1,No,0.1265,Low,132.29
3099-OONVS,Male,0,Yes,Yes,25,25-48,Month-to-month,DSL,Electronic check,54.3,1296.8,No,0.099,Low,64.51
9500-WBGRP,Male,0,No,No,69,49+,Two year,No,Mailed check,19.1,1268.85,No,0.0039,Low,0.89
5183-KLYEM,Female,0,No,No,72,49+,Two year,Fiber optic,Credit card (automatic),112.75,8192.6,No,0.0524,Low,70.9
5144-PQCDZ,Male,0,No,No,4,0-12,Month-to-month,No,Mailed check,19.95,59.25,No,0.2316,Low,55.45
8514-VZHEB,Male,0,Yes,Yes,59,49+,Two year,No,Mailed check,19.5,1147.85,No,0.0035,Low,0.82
6625-IUTTT,Male,0,No,No,67,49+,Two year,DSL,Bank transfer (automatic),65.55,4361.55,No,0.0093,Low,7.32
9355-NPPFS,Female,1,No,No,26,25-48,Month-to-month,Fiber optic,Electronic check,78.8,2006.1,No,0.6067,High,573.7
0068-FIGTF,Female,0,No,No,27,25-48,One year,DSL,Mailed check,78.2,2078.95,No,0.0931,Low,87.37
5965-GGPRW,Male,0,Yes,Yes,72,49+,Two year,Fiber optic,Bank transfer (automatic),105.25,7609.75,No,0.0442,Low,55.82
8035-PWSEV,Female,0,No,No,6,0-12,Month-to-month,Fiber optic,Electronic check,89.25,487.05,No,0.6284,High,673.02
2236-HILPA,Male,0,Yes,Yes,62,49+,Two year,No,Credit card (automatic),20.65,1218.45,No,0.0026,Low,0.64
1840-BIUOG,Male,0,No,No,20,13-24,One year,DSL,Electronic check,68.7,1416.2,No,0.2166,Low,178.57
1356-MKYSK,Male,0,No,No,6,0-12,Month-to-month,DSL,Credit card (automatic),78.65,483.3,No,0.2273,Low,214.53
6080-LNESI,Male,0,No,No,51,49+,Two year,No,Mailed check,24.75,1234.6,No,0.0086,Low,2.55
1830-IPXVJ,Female,0,Yes,Yes,61,49+,Two year,No,Credit card (automatic),19.75,1311.6,No,0.0029,Low,0.69
5828-DWPIL,Male,1,Yes,No,62,49+,Month-to-month,Fiber optic,Electronic check,89.1,5618.3,No,0.2479,Low,265.05
8398-TBIYD,Female,0,No,No,72,49+,Two year,Fiber optic,Bank transfer (automatic),84.7,6185.15,No,0.0266,Low,27.04
0011-IGKFF,Male,1,Yes,No,13,13-24,Month-to-month,Fiber optic,Electronic check,98.0,1237.85,Yes,0.7283,High,856.48
4192-GORJT,Male,0,Yes,No,5,0-12,Month-to-month,Fiber optic,Electronic check,94.45,498.1,Yes,0.7706,High,873.4
6496-SLWHQ,Male,1,No,No,3,0-12,Month-to-month,Fiber optic,Electronic check,105.0,294.45,Yes,0.8143,High,1026.02
9912-GVSEQ,Female,1,Yes,No,26,25-48,Month-to-month,Fiber optic,Electronic check,93.85,2381.55,Yes,0.6466,High,728.2
2931-FSOHN,Male,1,No,No,13,13-24,Month-to-month,DSL,Electronic check,59.9,788.35,No,0.4562,Medium,327.92
9418-RUKPH,Female,0,Yes,Yes,38,25-48,Two year,No,Mailed check,19.95,756.4,No,0.0127,Low,3.04
5383-MMTWC,Female,1,Yes,No,8,0-12,Month-to-month,Fiber optic,Electronic check,84.0,613.4,Yes,0.7901,High,796.42
9971-ZWPBF,Male,1,Yes,Yes,34,25-48,Month-to-month,Fiber optic,Electronic check,108.9,3625.2,No,0.5312,High,694.17
4712-AUQZO,Male,0,No,No,18,13-24,Month-to-month,DSL,Mailed check,33.6,550.35,No,0.2301,Low,92.78
9711-FJTBX,Male,0,Yes,Yes,56,49+,One year,Fiber optic,Mailed check,85.85,4793.8,No,0.0654,Low,67.38
2908-ZTPNF,Female,0,No,No,36,25-48,Month-to-month,DSL,Bank transfer (automatic),34.85,1267.2,No,0.1414,Low,59.13
7240-ETPTR,Female,0,Yes,No,9,0-12,Month-to-month,DSL,Electronic check,48.75,442.2,Yes,0.6818,High,398.85
2202-CUYXZ,Male,0,No,No,1,0-12,Month-to-month,Fiber optic,Electronic check,84.85,84.85,Yes,0.7435,High,757.03
5995-OIGLP,Male,0,No,No,12,0-12,Month-to-month,DSL,Mailed check,56.65,654.85,Yes,0.1332,Low,90.55
8421-WZOOW,Female,1,Yes,Yes,57,49+,Month-to-month,Fiber optic,Credit card (automatic),95.3,5567.45,No,0.1706,Low,195.1
6261-RCVNS,Female,0,No,No,42,25-48,One year,DSL,Credit card (automatic),73.9,3160.55,Yes,0.0275,Low,24.39
7951-QKZPL,Female,0,Yes,Yes,33,25-48,Two year,No,Mailed check,24.5,740.3,Yes,0.0218,Low,6.41
1414-YADCW,Male,0,Yes,No,70,49+,Two year,Fiber optic,Bank transfer (automatic),84.6,5706.2,No,0.0122,Low,12.39
8756-RDDLT,Female,0,No,No,68,49+,Month-to-month,DSL,Electronic check,44.95,3085.35,No,0.0589,Low,31.77
2862-PFNIK,Male,0,No,Yes,1,0-12,Month-to-month,DSL,Electronic check,24.7,24.7,No,0.6018,High,178.37
5816-QVHRX,Female,0,No,No,37,25-48,Month-to-month,Fiber optic,Credit card (automatic),100.3,3541.4,No,0.3508,Medium,422.22
4430-YHXGG,Female,0,No,Yes,4,0-12,Month-to-month,No,Mailed check,25.45,84.2,No,0.2364,Low,72.2
6888-SBYAI,Male,0,No,No,1,0-12,Month-to-month,DSL,Mailed check,50.7,50.7,No,0.3357,Medium,204.24
7395-XWZOY,Male,0,No,No,20,13-24,Month-to-month,DSL,Credit card (automatic),55.0,1165.55,No,0.2176,Low,143.62
7169-YWAMK,Male,0,Yes,Yes,72,49+,Two year,DSL,Bank transfer (automatic),68.4,4855.35,No,0.0043,Low,3.53
3640-PHQXK,Female,0,No,No,31,25-48,Month-to-month,Fiber optic,Electronic check,89.9,2806.9,Yes,0.6057,High,653.43
6877-LGWXO,Male,1,Yes,No,18,13-24,Month-to-month,Fiber optic,Electronic check,78.55,1422.65,Yes,0.5953,High,561.13
6859-RKMZJ,Male,0,Yes,No,11,0-12,Month-to-month,DSL,Bank transfer (automatic),55.05,608.15,No,0.3899,Medium,257.57
2729-VNVAP,Female,0,Yes,Yes,33,25-48,Two year,No,Credit card (automatic),19.8,641.35,No,0.0099,Low,2.35
2957-JIRMN,Female,1,No,No,62,49+,One year,Fiber optic,Electronic check,84.45,4959.15,No,0.1794,Low,181.8
2049-BAFNW,Female,0,No,No,1,0-12,Month-to-month,DSL,Mailed check,35.9,35.9,No,0.3755,Medium,161.77
3842-QTGDL,Male,0,Yes,No,16,13-24,Month-to-month,Fiber optic,Bank transfer (automatic),80.75,1321.3,No,0.2777,Low,269.09
7163-OCEQI,Male,0,Yes,Yes,22,13-24,One year,DSL,Mailed check,78.65,1663.75,No,0.1852,Low,174.79
9782-LGXMC,Female,0,Yes,Yes,49,49+,Month-to-month,DSL,Bank transfer (automatic),61.75,3024.15,No,0.028,Low,20.75
5975-BAICR,Male,0,Yes,Yes,36,25-48,One year,DSL,Credit card (automatic),63.7,2188.5,No,0.0608,Low,46.48
8019-ENHXU,Male,0,Yes,No,42,25-48,Month-to-month,Fiber optic,Electronic check,99.45,4138.05,Yes,0.4212,Medium,502.66
5167-GBFRE,Male,1,No,No,4,0-12,Month-to-month,DSL,Bank transfer (automatic),25.2,102.5,Yes,0.5624,High,170.07
9033-EOXWV,Female,0,No,No,12,0-12,One year,DSL,Mailed check,74.05,872.65,Yes,0.2115,Low,187.94
4673-KKSLS,Female,0,No,No,31,25-48,Month-to-month,Fiber optic,Electronic check,87.6,2724.25,No,0.2062,Low,216.76
4853-OITSN,Male,0,Yes,No,5,0-12,Month-to-month,Fiber optic,Electronic check,89.15,413.25,No,0.7068,High,756.13
9800-OUIGR,Male,0,Yes,Yes,66,49+,Two year,No,Credit card (automatic),20.0,1374.2,No,0.0023,Low,0.55
1324-NLTJE,Female,1,No,No,15,13-24,Month-to-month,DSL,Credit card (automatic),55.0,757.1,Yes,0.2267,Low,149.62
2324-EFHVG,Male,0,No,No,64,49+,Two year,Fiber optic,Bank transfer (automatic),104.4,6692.65,No,0.1162,Low,145.58
7094-MSZAO,Male,0,Yes,Yes,10,0-12,Month-to-month,No,Credit card (automatic),20.05,218.5,No,0.1441,Low,34.67
1522-VVDMG,Male,0,Yes,Yes,7,0-12,Month-to-month,Fiber optic,Electronic check,89.75,608.8,Yes,0.542,High,583.73
6907-CQGPN,Male,0,No,No,29,25-48,Month-to-month,DSL,Electronic check,34.3,1004.75,No,0.1887,Low,77.67
0780-XNZFN,Male,0,No,No,57,49+,Two year,No,Bank transfer (automatic),20.65,1125.6,No,0.0042,Low,1.04
0239-OXEXL,Female,0,No,No,46,25-48,Month-to-month,Fiber optic,Mailed check,84.25,3847.6,No,0.1777,Low,179.65
2675-IJRGJ,Male,0,No,No,53,49+,Two year,No,Bank transfer (automatic),19.65,978.0,No,0.0051,Low,1.2
7049-GKVZY,Female,0,No,No,17,13-24,One year,DSL,Credit card (automatic),79.85,1387.35,No,0.0778,Low,74.55
8577-QSOCG,Female,0,Yes,Yes,38,25-48,Two year,No,Mailed check,20.2,746.05,No,0.0126,Low,3.05
3721-CNZHX,Male,0,No,No,15,13-24,One year,No,Mailed check,19.8,304.6,No,0.0592,Low,14.07
0212-ISBBF,Female,0,No,No,22,13-24,Month-to-month,DSL,Electronic check,50.35,1098.85,No,0.5122,High,309.47
9185-TQCVP,Male,0,Yes,No,14,13-24,Month-to-month,Fiber optic,Electronic check,85.15,1139.2,Yes,0.7283,High,744.18
3585-YNADK,Female,0,Yes,No,57,49+,One year,DSL,Bank transfer (automatic),74.6,4368.95,No,0.0354,Low,31.69
5271-DBYSJ,Male,1,No,No,11,0-12,Month-to-month,Fiber optic,Credit card (automatic),79.15,827.7,No,0.6269,High,595.43
1099-GODLO,Female,0,Yes,Yes,1,0-12,Two year,No,Mailed check,20.35,20.35,No,0.0457,Low,11.16
6828-HMKWP,Male,0,Yes,Yes,12,0-12,Two year,No,Bank transfer (automatic),21.05,262.05,No,0.0263,Low,6.64
5567-WSELE,Male,1,Yes,No,3,0-12,Month-to-month,Fiber optic,Electronic check,94.6,279.55,Yes,0.8491,High,963.9
1472-TNCWL,Male,0,No,Yes,36,25-48,Month-to-month,Fiber optic,Electronic check,94.7,3512.5,No,0.4848,Medium,550.93
8063-RJYNF,Male,0,No,No,16,13-24,Month-to-month,Fiber optic,Electronic check,94.25,1483.25,Yes,0.6178,High,698.73
0687-ZVTHB,Male,0,Yes,Yes,65,49+,One year,DSL,Credit card (automatic),72.45,4653.85,Yes,0.0205,Low,17.82
2080-GKCWQ,Male,0,No,No,2,0-12,Month-to-month,Fiber optic,Electronic check,74.95,151.75,No,0.5736,High,515.9
9661-ACXBS,Female,0,No,No,42,25-48,Month-to-month,Fiber optic,Electronic check,105.2,4400.75,Yes,0.5056,High,638.27
2193-SFWQW,Male,0,Yes,Yes,72,49+,Two year,Fiber optic,Bank transfer (automatic),111.95,8033.1,No,0.0205,Low,27.54
5656-JAMLX,Male,0,No,No,62,49+,Two year,No,Bank transfer (automatic),19.85,1253.65,No,0.0035,Low,0.83
3462-BJQQA,Female,0,No,No,6,0-12,Month-to-month,Fiber optic,Electronic check,89.75,552.65,No,0.7402,High,797.2
0442-TDYUO,Male,0,Yes,No,48,25-48,Two year,No,Mailed check,20.05,1036.0,No,0.0105,Low,2.53
6733-LRIZX,Male,0,No,No,35,25-48,Two year,Fiber optic,Electronic check,108.95,4025.5,No,0.1986,Low,259.65
9503-XJUME,Male,0,No,Yes,52,49+,One year,No,Credit card (automatic),19.65,928.4,No,0.008,Low,1.89
4367-NHWMM,Female,0,No,No,1,0-12,Month-to-month,DSL,Mailed check,24.9,24.9,No,0.5755,High,171.96
3727-RJMEO,Male,0,Yes,No,6,0-12,Month-to-month,Fiber optic,Electronic check,82.85,460.25,Yes,0.7868,High,782.24
3779-OSWCF,Female,0,Yes,No,71,49+,Two year,DSL,Credit card (automatic),93.2,6506.15,No,0.0106,Low,11.86
6736-DHUQI,Female,0,Yes,Yes,67,49+,One year,Fiber optic,Bank transfer (automatic),84.8,5598.3,No,0.0287,Low,29.21
3915-ODIYG,Male,1,No,No,60,49+,One year,DSL,Electronic check,71.75,4374.55,No,0.067,Low,57.69
1360-RCYRT,Male,0,Yes,Yes,23,13-24,Month-to-month,DSL,Bank transfer (automatic),30.35,678.75,No,0.2138,Low,77.87
2724-FJDYW,Male,0,No,Yes,39,25-48,One year,DSL,Bank transfer (automatic),54.85,2191.7,No,0.0799,Low,52.59
4451-RWASJ,Male,0,Yes,Yes,15,13-24,One year,No,Mailed check,19.5,239.75,No,0.0687,Low,16.08
6646-VRFOL,Male,1,Yes,No,53,49+,Month-to-month,Fiber optic,Electronic check,103.85,5485.5,Yes,0.5473,High,682.05
3460-TJBWI,Male,0,Yes,Yes,24,13-24,Two year,No,Mailed check,24.2,609.05,No,0.0236,Low,6.85
5917-HBSDW,Female,0,Yes,Yes,37,25-48,Month-to-month,No,Electronic check,19.35,683.75,No,0.0478,Low,11.1
5685-IIXLY,Female,0,Yes,Yes,5,0-12,Month-to-month,Fiber optic,Electronic check,83.6,404.2,Yes,0.6478,High,649.87
5671-UUNXD,Female,1,Yes,No,50,49+,One year,Fiber optic,Electronic check,100.65,5189.75,No,0.3406,Medium,411.38
0956-ACVZC,Female,0,No,No,54,49+,One year,Fiber optic,Credit card (automatic),94.1,5060.9,No,0.2015,Low,227.53
2325-NBPZG,Female,0,No,No,3,0-12,Month-to-month,Fiber optic,Electronic check,74.55,233.65,No,0.5933,High,530.77
4250-ZBWLV,Male,0,No,No,68,49+,One year,Fiber optic,Electronic check,108.45,7176.55,Yes,0.1439,Low,187.27
4482-FTFFX,Male,0,No,No,5,0-12,Month-to-month,DSL,Electronic check,56.15,291.45,No,0.2898,Low,195.27
8859-DZTGQ,Male,0,No,No,33,25-48,Two year,No,Mailed check,20.35,689.75,No,0.0138,Low,3.37
0440-MOGPM,Female,0,No,No,41,25-48,One year,DSL,Electronic check,80.55,3263.9,No,0.19,Low,183.65
0020-JDNXP,Female,0,Yes,Yes,34,25-48,One year,DSL,Mailed check,61.25,1993.2,No,0.0674,Low,49.54
3752-CQSJI,Female,0,Yes,Yes,13,13-24,Month-to-month,No,Mailed check,20.45,254.5,No,0.1358,Low,33.33
5025-GOOKI,Female,0,No,No,20,13-24,Month-to-month,No,Credit card (automatic),18.9,347.65,No,0.1152,Low,26.13
4698-KVLLG,Female,1,No,No,51,49+,Two year,No,Credit card (automatic),19.6,967.9,No,0.0062,Low,1.46
5095-AESKG,Female,0,Yes,No,3,0-12,Month-to-month,Fiber optic,Credit card (automatic),91.5,242.95,Yes,0.6639,High,728.96
2887-JPYLU,Female,0,No,Yes,41,25-48,Month-to-month,DSL,Bank transfer (automatic),45.2,1841.9,No,0.0726,Low,39.38
4770-QAZXN,Female,0,No,No,13,13-24,Month-to-month,No,Credit card (automatic),19.45,232.1,No,0.1092,Low,25.49
4896-CPRPF,Male,0,Yes,Yes,35,25-48,Two year,No,Bank transfer (automatic),25.45,809.25,No,0.0128,Low,3.91
1871-MOWRM,Male,0,Yes,No,12,0-12,Month-to-month,Fiber optic,Bank transfer (automatic),80.85,866.45,Yes,0.2581,Low,250.41
9714-EDSUC,Male,0,No,No,4,0-12,Month-to-month,Fiber optic,Mailed check,94.9,360.55,No,0.4332,Medium,493.33
2027-OAQQC,Female,0,No,No,43,25-48,Month-to-month,DSL,Bank transfer (automatic),49.05,2076.2,Yes,0.27,Low,158.92
0282-NVSJS,Female,1,Yes,Yes,12,0-12,Month-to-month,DSL,Mailed check,29.3,355.9,No,0.3565,Medium,125.35
9090-SGQXL,Male,1,Yes,No,68,49+,Month-to-month,Fiber optic,Electronic check,105.3,7299.65,Yes,0.4502,Medium,568.87
6595-YGXIT,Male,1,No,No,25,25-48,Month-to-month,Fiber optic,Electronic check,88.95,2291.2,Yes,0.6622,High,706.83
7353-YOWFP,Female,0,No,No,7,0-12,One year,No,Mailed check,20.25,129.15,No,0.0802,Low,19.49
9835-ZIITK,Male,1,Yes,No,66,49+,One year,Fiber optic,Electronic check,110.85,7491.75,Yes,0.2406,Low,320.05
8008-ESFLK,Female,0,Yes,No,53,49+,One year,Fiber optic,Electronic check,110.5,5835.5,No,0.1087,Low,144.14
7537-CBQUZ,Male,1,No,No,63,49+,Month-to-month,Fiber optic,Bank transfer (automatic),109.4,7031.45,No,0.3074,Medium,403.55
1555-DJEQW,Female,0,Yes,Yes,70,49+,Two year,Fiber optic,Bank transfer (automatic),114.2,7723.9,Yes,0.0424,Low,58.1
5649-TJHOV,Male,1,Yes,No,27,25-48,Month-to-month,DSL,Bank transfer (automatic),36.5,1032.0,Yes,0.2966,Low,129.91
0519-XUZJU,Female,0,No,No,1,0-12,Month-to-month,Fiber optic,Mailed check,70.75,70.75,Yes,0.5383,High,457.02
3363-EWLGO,Female,0,No,No,5,0-12,Month-to-month,No,Mailed check,19.95,109.6,No,0.1637,Low,39.19
4750-UKWJK,Female,1,Yes,No,37,25-48,One year,No,Mailed check,19.6,727.8,No,0.0259,Low,6.09
6338-AVWCY,Male,0,No,No,3,0-12,Month-to-month,DSL,Mailed check,40.15,130.75,Yes,0.6042,High,291.1
1689-YQBYY,Female,0,No,Yes,12,0-12,Month-to-month,Fiber optic,Electronic check,76.6,893.0,No,0.6212,High,571.01
4487-ZYJZK,Female,0,Yes,Yes,38,25-48,One year,No,Credit card (automatic),19.6,763.1,No,0.0155,Low,3.65
2959-FENLU,Female,0,No,No,9,0-12,Month-to-month,Fiber optic,Credit card (automatic),85.3,781.4,No,0.5908,High,604.74
0708-LGSMF,Male,0,Yes,No,13,13-24,Month-to-month,DSL,Electronic check,65.85,902.25,No,0.4343,Medium,343.18
9253-QXKBE,Male,1,Yes,No,29,25-48,Month-to-month,Fiber optic,Electronic check,94.45,2653.65,Yes,0.723,High,819.45
7634-HLQJR,Female,0,Yes,Yes,47,25-48,Two year,No,Credit card (automatic),20.05,1016.7,No,0.0053,Low,1.28
0487-RPVUM,Male,0,Yes,No,61,49+,Month-to-month,Fiber optic,Bank transfer (automatic),99.4,5943.65,No,0.1339,Low,159.72
4079-ULGFR,Male,0,No,No,16,13-24,Month-to-month,No,Mailed check,20.0,275.7,No,0.1066,Low,25.58
2516-XSJKX,Female,0,Yes,Yes,41,25-48,Two year,DSL,Electronic check,78.45,3126.45,No,0.0241,Low,22.69
0057-QBUQH,Female,0,No,Yes,43,25-48,Two year,No,Electronic check,25.1,1070.15,No,0.0186,Low,5.6
9445-SZLCH,Female,0,Yes,Yes,36,25-48,Month-to-month,Fiber optic,Bank transfer (automatic),97.35,3457.9,Yes,0.3737,Medium,436.56
6599-SFQVE,Female,0,No,No,6,0-12,Month-to-month,DSL,Electronic check,55.0,340.4,No,0.521,High,343.86
8331-ZXFOE,Female,0,No,No,58,49+,One year,DSL,Credit card (automatic),71.1,4299.2,No,0.023,Low,19.62
4003-FUSHP,Male,0,No,No,19,13-24,Month-to-month,DSL,Credit card (automatic),61.55,1093.2,No,0.229,Low,169.14
0356-ERHVT,Male,0,Yes,No,11,0-12,Month-to-month,DSL,Bank transfer (automatic),45.9,521.9,No,0.3284,Medium,180.88
7325-ENZFI,Female,0,No,No,39,25-48,One year,DSL,Bank transfer (automatic),40.3,1630.4,No,0.0468,Low,22.63
4884-ZTHVF,Female,1,No,No,8,0-12,Month-to-month,Fiber optic,Electronic check,87.1,713.6,No,0.6834,High,714.29
3920-HIHMQ,Female,0,No,Yes,26,25-48,Month-to-month,DSL,Mailed check,49.5,1265.65,No,0.2371,Low,140.84
3055-OYMSE,Female,1,No,No,53,49+,Month-to-month,Fiber optic,Credit card (automatic),73.8,4003.85,No,0.2159,Low,191.2
0613-WUXUM,Female,0,Yes,Yes,70,49+,Two year,No,Mailed check,19.2,1401.4,No,0.003,Low,0.69
7568-PODML,Male,0,No,No,1,0-12,Month-to-month,DSL,Mailed check,45.3,45.3,Yes,0.682,High,370.74
4458-KVRBJ,Male,0,No,No,59,49+,Two year,No,Mailed check,25.0,1510.5,No,0.0061,Low,1.83
5349-IECLD,Male,0,No,No,2,0-12,Month-to-month,Fiber optic,Electronic check,94.95,178.1,Yes,0.7075,High,806.13
1397-XKKWR,Male,0,No,No,7,0-12,One year,DSL,Mailed check,35.3,264.8,No,0.1864,Low,78.96
3945-GFWQL,Female,0,No,Yes,12,0-12,Month-to-month,DSL,Electronic check,44.55,480.6,Yes,0.3496,Medium,186.9
8097-OMULG,Male,0,Yes,Yes,59,49+,One year,DSL,Credit card (automatic),76.75,4541.9,No,0.0272,Low,25.05
6013-BHCAW,Male,0,Yes,Yes,61,49+,Two year,DSL,Bank transfer (automatic),81.0,4976.15,No,0.0289,Low,28.09
0401-WDBXM,Male,0,Yes,Yes,72,49+,Two year,Fiber optic,Bank transfer (automatic),105.55,7542.25,No,0.0614,Low,77.77
3387-PLKUI,Female,0,Yes,Yes,13,13-24,Month-to-month,No,Mailed check,18.8,251.25,No,0.1024,Low,23.1
6096-EGVTU,Female,0,Yes,Yes,64,49+,One year,No,Mailed check,24.9,1595.5,No,0.0075,Low,2.24
3797-VTIDR,Male,0,Yes,No,1,0-12,Month-to-month,DSL,Electronic check,23.45,23.45,Yes,0.668,High,187.98
5081-NWSUP,Female,0,No,No,10,0-12,One year,DSL,Mailed check,64.9,685.55,No,0.1226,Low,95.48
2580-ATZSQ,Female,0,Yes,Yes,65,49+,One year,DSL,Bank transfer (automatic),61.35,3874.1,No,0.0094,Low,6.92
8085-MSNLK,Female,0,Yes,No,62,49+,Two year,Fiber optic,Mailed check,113.95,6891.4,No,0.0492,Low,67.28
9691-HKOVS,Female,0,Yes,No,55,49+,One year,DSL,Electronic check,90.15,4916.95,No,0.0726,Low,78.54
9881-VCZEP,Female,0,Yes,No,25,25-48,Month-to-month,DSL,Electronic check,54.1,1373.0,No,0.2544,Low,165.16
9526-BIHHD,Male,0,No,No,1,0-12,Month-to-month,DSL,Mailed check,29.7,29.7,Yes,0.3865,Medium,137.75
8757-TFHHJ,Male,0,No,No,1,0-12,Month-to-month,DSL,Credit card (automatic),49.8,49.8,No,0.3178,Medium,189.92
4523-WXCEF,Female,0,Yes,No,59,49+,Month-to-month,Fiber optic,Electronic check,101.1,6039.9,Yes,0.3657,Medium,443.67
1468-DEFNC,Male,1,Yes,Yes,64,49+,Two year,No,Bank transfer (automatic),24.4,1548.65,No,0.0061,Low,1.79
5119-KEPFY,Male,0,Yes,No,36,25-48,Month-to-month,Fiber optic,Bank transfer (automatic),95.0,3440.25,No,0.5599,High,638.29
8364-TRMMK,Female,0,No,No,3,0-12,Month-to-month,DSL,Mailed check,50.65,151.3,Yes,0.4823,Medium,293.14
0916-KNFAJ,Male,0,Yes,No,61,49+,Two year,DSL,Mailed check,69.9,4226.7,No,0.0261,Low,21.89
8319-QBEHW,Male,0,No,Yes,26,25-48,One year,DSL,Bank transfer (automatic),39.95,1023.75,No,0.1584,Low,75.94
3063-QFSZL,Female,0,No,No,1,0-12,Month-to-month,DSL,Electronic check,55.4,55.4,Yes,0.5645,High,375.28
8775-LHDJH,Female,1,Yes,No,1,0-12,Month-to-month,Fiber optic,Electronic check,90.6,90.6,Yes,0.7914,High,860.41
9625-QNLUX,Male,0,Yes,Yes,68,49+,Two year,Fiber optic,Credit card (automatic),103.25,7074.4,No,0.045,Low,55.76
3097-NQYSN,Male,1,Yes,No,2,0-12,Month-to-month,Fiber optic,Mailed check,86.85,156.35,Yes,0.7601,High,792.18
4024-CSNBY,Female,0,Yes,No,72,49+,Two year,Fiber optic,Bank transfer (automatic),94.25,6849.75,No,0.0257,Low,29.07
7110-BDTWG,Female,0,Yes,No,71,49+,Two year,DSL,Electronic check,47.05,3263.6,No,0.0221,Low,12.48
7493-GVFIO,Male,0,No,No,57,49+,Two year,No,Credit card (automatic),20.55,1252.85,No,0.0042,Low,1.04
0690-SRQID,Male,0,No,No,4,0-12,Month-to-month,No,Mailed check,19.65,67.55,No,0.2336,Low,55.08
9605-WGJVW,Female,1,No,No,1,0-12,Month-to-month,Fiber optic,Electronic check,70.2,70.2,No,0.7292,High,614.28
9114-DPSIA,Male,0,Yes,Yes,72,49+,Two year,DSL,Credit card (automatic),81.0,5750.0,No,0.0059,Low,5.73
4700-UBQMV,Male,0,Yes,Yes,21,13-24,One year,DSL,Bank transfer (automatic),75.9,1549.75,No,0.1661,Low,151.28
7711-GQBZC,Female,0,Yes,Yes,71,49+,Two year,No,Bank transfer (automatic),24.7,1810.55,No,0.0027,Low,0.8
3565-UNOCC,Female,1,Yes,No,29,25-48,Month-to-month,Fiber optic,Bank transfer (automatic),99.05,2952.85,Yes,0.6439,High,765.34
4627-MIHJH,Female,1,No,No,69,49+,Two year,Fiber optic,Credit card (automatic),110.25,7467.55,No,0.0459,Low,60.73
9795-NREXC,Female,0,Yes,No,64,49+,Two year,DSL,Credit card (automatic),85.0,5484.4,No,0.0225,Low,22.95
8573-CGOCC,Male,0,No,No,16,13-24,Month-to-month,No,Credit card (automatic),19.75,294.9,No,0.0977,Low,23.15
7356-AYNJP,Female,0,No,No,4,0-12,One year,No,Electronic check,23.9,97.5,No,0.1594,Low,45.72
9249-FXSCK,Female,0,No,No,52,49+,One year,Fiber optic,Credit card (automatic),111.25,5916.45,Yes,0.1419,Low,189.44
5493-SDRDQ,Male,0,No,No,2,0-12,Month-to-month,DSL,Mailed check,55.1,113.35,Yes,0.3226,Medium,213.3
6286-SUUWT,Male,0,No,No,1,0-12,Month-to-month,No,Mailed check,19.95,19.95,No,0.1935,Low,46.32
4819-HJPIW,Male,0,No,No,18,13-24,Month-to-month,DSL,Mailed check,25.15,476.8,No,0.309,Medium,93.26
8654-DHAOW,Female,0,No,No,2,0-12,Month-to-month,DSL,Mailed check,54.15,101.65,No,0.3695,Medium,240.1
5438-QMDDL,Female,0,Yes,No,19,13-24,Month-to-month,DSL,Mailed check,59.8,1130.85,No,0.2998,Low,215.14
9812-GHVRI,Female,0,No,No,40,25-48,Month-to-month,Fiber optic,Bank transfer (automatic),83.85,3532.25,No,0.368,Medium,370.28
5553-AOINX,Female,1,Yes,Yes,66,49+,One year,Fiber optic,Electronic check,104.9,6891.45,No,0.244,Low,307.15
1228-ZLNBX,Male,0,No,No,21,13-24,Month-to-month,Fiber optic,Mailed check,75.3,1570.7,No,0.4516,Medium,408.07
4226-KKDON,Male,0,No,No,8,0-12,Month-to-month,DSL,Electronic check,66.65,520.95,No,0.3647,Medium,291.69
3831-YCPUO,Female,0,Yes,Yes,72,49+,Two year,Fiber optic,Credit card (automatic),109.5,7854.9,No,0.0289,Low,37.97
7445-WMRBW,Female,0,No,No,48,25-48,One year,DSL,Bank transfer (automatic),73.85,3581.4,No,0.0655,Low,58.05
3308-DGHKL,Male,0,No,No,69,49+,Two year,No,Bank transfer (automatic),19.3,1447.9,No,0.0037,Low,0.86
9924-JPRMC,Male,0,No,No,72,49+,Two year,Fiber optic,Electronic check,118.2,8547.15,No,0.0728,Low,103.26
0080-EMYVY,Female,0,No,No,14,13-24,One year,DSL,Credit card (automatic),51.45,727.85,No,0.1031,Low,63.65
6218-KNUBD,Male,0,No,No,6,0-12,Month-to-month,DSL,Electronic check,59.45,357.6,No,0.3963,Medium,282.72
7337-CINUD,Female,0,Yes,Yes,8,0-12,Two year,No,Bank transfer (automatic),19.5,159.35,No,0.032,Low,7.49
7609-NRNCA,Female,0,No,No,17,13-24,One year,No,Mailed check,19.55,280.85,No,0.0528,Low,12.39
0623-EJQEG,Male,0,No,No,65,49+,One year,Fiber optic,Electronic check,93.55,6069.25,No,0.09,Low,101.03
7153-CHRBV,Female,0,Yes,Yes,57,49+,One year,DSL,Mailed check,59.3,3274.35,No,0.0167,Low,11.88
0871-URUWO,Male,0,Yes,No,13,13-24,Month-to-month,Fiber optic,Credit card (automatic),102.25,1359.0,Yes,0.6873,High,843.32
9190-MFJLN,Male,1,No,No,19,13-24,Month-to-month,Fiber optic,Credit card (automatic),95.9,1777.9,Yes,0.6126,High,704.98
6198-PNNSZ,Female,0,Yes,No,56,49+,One year,Fiber optic,Bank transfer (automatic),109.8,6109.65,No,0.1304,Low,171.82
3317-VLGQT,Female,0,Yes,No,14,13-24,Month-to-month,Fiber optic,Electronic check,78.1,1122.4,No,0.6765,High,634.02
4132-POCZS,Male,0,Yes,No,52,49+,Month-to-month,DSL,Electronic check,39.9,2020.9,No,0.1591,Low,76.18
5614-DNZCE,Female,0,No,No,58,49+,Two year,DSL,Credit card (automatic),64.9,3795.45,No,0.0083,Low,6.46
1095-JUDTC,Female,1,No,No,47,25-48,Month-to-month,Fiber optic,Electronic check,95.05,4504.55,Yes,0.4099,Medium,467.53
3896-RCYYE,Female,0,No,No,67,49+,Month-to-month,DSL,Credit card (automatic),53.4,3579.15,No,0.0954,Low,61.13
9638-JIQYA,Male,0,No,No,2,0-12,Month-to-month,DSL,Credit card (automatic),24.9,49.7,No,0.5432,High,162.31
3258-SANFR,Male,1,No,No,6,0-12,Month-to-month,DSL,Credit card (automatic),44.7,276.5,No,0.3181,Medium,170.63
3726-TBHQT,Male,0,Yes,Yes,71,49+,Two year,Fiber optic,Bank transfer (automatic),114.0,8175.9,No,0.0457,Low,62.52
3190-ITQXP,Female,0,Yes,Yes,46,25-48,Two year,No,Bank transfer (automatic),20.25,890.35,No,0.0056,Low,1.36
0870-VEMYL,Female,0,No,No,5,0-12,Month-to-month,DSL,Credit card (automatic),53.85,259.8,Yes,0.1604,Low,103.65
4833-QTJNO,Male,1,Yes,No,67,49+,Month-to-month,Fiber optic,Bank transfer (automatic),83.85,5588.8,No,0.1117,Low,112.39
3039-MJSLN,Male,0,No,Yes,3,0-12,Month-to-month,No,Bank transfer (automatic),20.2,50.6,No,0.138,Low,33.45
0178-CIIKR,Female,0,No,No,3,0-12,Month-to-month,No,Mailed check,19.95,58.0,No,0.1763,Low,42.21
5385-SUIRI,Male,1,Yes,No,52,49+,Month-to-month,Fiber optic,Electronic check,104.2,5568.35,Yes,0.5002,High,625.45
3982-XWFZQ,Female,0,Yes,No,42,25-48,Month-to-month,DSL,Electronic check,50.25,2203.65,Yes,0.2261,Low,136.34
5774-QPLTF,Male,0,Yes,Yes,50,49+,One year,No,Mailed check,20.35,938.95,No,0.0143,Low,3.49
2322-VCZHZ,Male,1,Yes,No,23,13-24,Month-to-month,Fiber optic,Electronic check,90.0,2024.1,No,0.4982,Medium,538.06
5010-IPEAQ,Female,0,Yes,Yes,67,49+,Two year,DSL,Credit card (automatic),54.2,3623.95,No,0.0065,Low,4.23
4009-ALQFH,Female,0,No,No,25,25-48,Month-to-month,Fiber optic,Electronic check,99.5,2369.05,Yes,0.5996,High,715.92
6383-ZTSIW,Female,1,Yes,No,39,25-48,One year,Fiber optic,Mailed check,99.1,3877.95,No,0.1755,Low,208.7
8990-YOZLV,Female,0,No,No,69,49+,Two year,DSL,Mailed check,66.9,4577.9,No,0.0083,Low,6.66
3069-SSVSN,Female,0,No,No,1,0-12,One year,DSL,Mailed check,25.85,25.85,No,0.3105,Medium,96.32
5222-IMUKT,Male,0,No,No,32,25-48,Month-to-month,Fiber optic,Electronic check,91.05,2871.5,No,0.4971,Medium,543.13
3627-FCRDW,Female,0,No,No,9,0-12,Month-to-month,Fiber optic,Electronic check,71.0,672.55,Yes,0.5463,High,465.45
7562-GSUHK,Female,0,No,No,16,13-24,Month-to-month,Fiber optic,Credit card (automatic),93.2,1573.7,Yes,0.4818,Medium,538.85
6685-XSHHU,Male,0,Yes,Yes,60,49+,Two year,No,Bank transfer (automatic),20.95,1270.55,No,0.0044,Low,1.11
8901-UPRHR,Female,0,Yes,Yes,72,49+,Two year,Fiber optic,Bank transfer (automatic),109.2,7711.45,No,0.0576,Low,75.48
4903-UYAVB,Male,0,Yes,No,5,0-12,Month-to-month,No,Mailed check,19.35,126.05,Yes,0.173,Low,40.17
0118-JPNOY,Female,1,No,No,26,25-48,Month-to-month,Fiber optic,Credit card (automatic),85.8,2193.65,No,0.3952,Medium,406.9
6776-TLWOI,Male,0,No,No,3,0-12,Month-to-month,No,Mailed check,19.85,64.55,Yes,0.1802,Low,42.92
3845-FXCYS,Male,0,No,No,2,0-12,Month-to-month,No,Electronic check,19.65,31.2,No,0.3124,Medium,73.66
5857-XRECV,Female,0,No,Yes,2,0-12,One year,No,Bank transfer (automatic),20.5,38.25,No,0.0745,Low,18.33
0725-CXOTM,Female,0,No,No,36,25-48,One year,DSL,Credit card (automatic),89.65,3348.1,No,0.0878,Low,94.46
4343-EJVQB,Male,0,No,No,7,0-12,Month-to-month,Fiber optic,Mailed check,74.35,533.6,No,0.4002,Medium,357.06
9000-PLFUZ,Female,1,Yes,No,60,49+,Two year,DSL,Credit card (automatic),49.45,2907.55,No,0.0452,Low,26.82
3427-GGZZI,Female,0,Yes,No,19,13-24,Month-to-month,Fiber optic,Electronic check,89.1,1620.8,No,0.6626,High,708.45
7779-ORAEL,Male,1,Yes,No,45,25-48,Two year,DSL,Credit card (automatic),75.15,3480.35,No,0.0241,Low,21.73
0644-OQMDK,Male,1,No,No,4,0-12,Month-to-month,Fiber optic,Electronic check,70.65,293.85,No,0.7106,High,602.45
4077-CROMM,Female,0,Yes,Yes,31,25-48,Month-to-month,Fiber optic,Electronic check,104.2,3243.45,Yes,0.548,High,685.22
3154-CFSZG,Male,0,Yes,Yes,47,25-48,Month-to-month,Fiber optic,Electronic check,90.05,4137.2,No,0.2069,Low,223.58
2868-MZAGQ,Male,0,No,No,1,0-12,Month-to-month,Fiber optic,Electronic check,79.25,79.25,Yes,0.7544,High,717.43
4847-QNOKA,Female,0,No,No,1,0-12,Month-to-month,DSL,Bank transfer (automatic),44.9,44.9,Yes,0.4175,Medium,224.95
2220-IAHLS,Female,0,No,No,1,0-12,Month-to-month,No,Credit card (automatic),19.4,19.4,No,0.1763,Low,41.04
1658-XUHBX,Female,1,Yes,Yes,59,49+,Month-to-month,Fiber optic,Credit card (automatic),88.75,5348.65,No,0.2999,Low,319.39
6379-RXJRQ,Male,0,Yes,No,10,0-12,Month-to-month,Fiber optic,Electronic check,70.1,659.65,Yes,0.6397,High,538.12
2378-HTWFW,Male,1,No,No,35,25-48,Month-to-month,Fiber optic,Credit card (automatic),91.0,3180.5,No,0.3261,Medium,356.1
8650-RHRKE,Male,0,No,No,4,0-12,Month-to-month,DSL,Electronic check,29.65,118.5,Yes,0.6154,High,218.96
4377-VDHYI,Male,0,Yes,Yes,32,25-48,One year,Fiber optic,Electronic check,90.8,3023.85,No,0.2088,Low,227.51
0475-RIJEP,Male,0,No,No,43,25-48,Month-to-month,Fiber optic,Electronic check,77.85,3365.85,Yes,0.4201,Medium,392.46
1260-TTRXI,Male,0,No,No,4,0-12,Month-to-month,DSL,Electronic check,54.3,195.3,Yes,0.4565,Medium,297.46
3719-TDVQB,Female,1,Yes,No,54,49+,Two year,No,Mailed check,18.95,1031.1,No,0.0091,Low,2.07
6328-ZPBGN,Female,1,No,No,11,0-12,Month-to-month,Fiber optic,Bank transfer (automatic),95.15,997.65,Yes,0.7394,High,844.25
0201-MIBOL,Female,1,No,No,66,49+,Two year,Fiber optic,Bank transfer (automatic),102.4,6471.85,No,0.0866,Low,106.41
4937-QPZPO,Male,0,Yes,Yes,61,49+,One year,Fiber optic,Electronic check,99.9,6241.35,No,0.275,Low,329.67
2925-VDZHY,Male,0,Yes,Yes,72,49+,Two year,DSL,Credit card (automatic),88.7,6501.35,No,0.0094,Low,10.01
6981-TDRFT,Male,0,Yes,Yes,44,25-48,One year,DSL,Electronic check,54.3,2317.1,No,0.1331,Low,86.73
3413-CSSTH,Male,0,No,No,41,25-48,Month-to-month,DSL,Bank transfer (automatic),55.7,2237.55,No,0.1666,Low,111.36
8033-VCZGH,Male,0,Yes,No,50,49+,One year,Fiber optic,Electronic check,103.95,5231.3,No,0.3071,Medium,383.08
4789-KWMXN,Male,0,Yes,No,47,25-48,One year,Fiber optic,Credit card (automatic),110.85,5275.8,Yes,0.1825,Low,242.76
0224-NIJLP,Male,0,Yes,Yes,8,0-12,Two year,No,Mailed check,20.15,165.5,No,0.0346,Low,8.37
7542-CYDDM,Male,0,No,No,18,13-24,Month-to-month,No,Mailed check,20.05,358.5,No,0.0989,Low,23.8
4718-WXBGI,Male,0,Yes,Yes,72,49+,Two year,DSL,Credit card (automatic),91.95,6614.9,No,0.0126,Low,13.9
2867-UIMSS,Male,0,No,No,1,0-12,Month-to-month,Fiber optic,Electronic check,80.5,80.5,Yes,0.6713,High,648.48
8495-PRWFH,Female,1,No,No,42,25-48,Month-to-month,DSL,Electronic check,55.65,2421.75,No,0.185,Low,123.54
0439-IFYUN,Female,1,No,No,18,13-24,Month-to-month,Fiber optic,Electronic check,74.7,1294.6,No,0.5618,High,503.6
5716-LIBJC,Female,0,No,Yes,13,13-24,One year,Fiber optic,Credit card (automatic),104.15,1299.1,No,0.4297,Medium,537.04
2868-LLSKM,Female,0,Yes,Yes,68,49+,One year,Fiber optic,Bank transfer (automatic),83.65,5733.4,No,0.0596,Low,59.83
8111-RKSPX,Male,0,No,No,4,0-12,Month-to-month,Fiber optic,Bank transfer (automatic),72.2,305.55,Yes,0.6822,High,591.06
2988-QRAJY,Male,0,No,No,69,49+,Two year,Fiber optic,Credit card (automatic),110.05,7430.75,No,0.0697,Low,92.05
1585-MQSSU,Male,0,No,No,17,13-24,Month-to-month,DSL,Mailed check,51.5,900.5,Yes,0.1626,Low,100.49
0071-NDAFP,Male,0,Yes,Yes,25,25-48,Two year,No,Credit card (automatic),25.5,630.6,No,0.0196,Low,6.0
2856-NNASM,Male,1,No,No,43,25-48,Month-to-month,Fiber optic,Mailed check,89.55,3856.75,Yes,0.4776,Medium,513.23
7328-ZJAJO,Female,0,Yes,Yes,59,49+,Two year,No,Credit card (automatic),19.5,1222.65,No,0.0031,Low,0.73
6458-CYIDZ,Female,1,No,No,5,0-12,Month-to-month,Fiber optic,Electronic check,80.7,374.8,No,0.4673,Medium,452.53
8559-CIZFV,Male,0,Yes,Yes,21,13-24,One year,DSL,Mailed check,77.5,1625.0,Yes,0.0623,Low,57.94
1090-PYKCI,Female,0,Yes,Yes,69,49+,One year,Fiber optic,Credit card (automatic),105.1,7234.8,No,0.0579,Low,73.02
3058-WQDRE,Male,0,No,No,13,13-24,Month-to-month,DSL,Bank transfer (automatic),25.15,331.85,No,0.4274,Medium,128.99
7547-EKNFS,Male,0,Yes,No,42,25-48,Month-to-month,Fiber optic,Bank transfer (automatic),95.25,3959.35,Yes,0.4031,Medium,460.74
2279-AXJJK,Male,0,Yes,No,52,49+,Month-to-month,Fiber optic,Credit card (automatic),95.65,5088.4,No,0.2655,Low,304.74
6769-DYBQN,Male,1,No,No,46,25-48,Month-to-month,Fiber optic,Electronic check,85.0,3969.4,Yes,0.2809,Low,286.52
0909-SELIE,Male,0,Yes,No,61,49+,Two year,DSL,Bank transfer (automatic),80.8,4860.85,No,0.0158,Low,15.32
3417-TSCIC,Male,0,No,No,29,25-48,One year,DSL,Mailed check,24.85,788.05,No,0.1663,Low,49.59
1042-HFUCW,Female,0,No,Yes,25,25-48,One year,DSL,Credit card (automatic),54.75,1266.35,No,0.0588,Low,38.63
4439-JMPMT,Female,0,Yes,Yes,5,0-12,Month-to-month,Fiber optic,Electronic check,85.75,470.95,Yes,0.5898,High,606.9
6537-OTKMY,Male,0,No,No,15,13-24,One year,DSL,Electronic check,50.75,688.2,No,0.3501,Medium,213.21
8999-EXMNO,Female,0,Yes,Yes,19,13-24,Two year,No,Mailed check,20.15,387.7,No,0.0207,Low,5.01
6725-TPKJO,Male,0,No,No,44,25-48,Two year,No,Mailed check,20.05,845.25,No,0.0083,Low,2.0
2446-BEGGB,Female,1,No,No,6,0-12,Month-to-month,Fiber optic,Electronic check,98.25,560.6,Yes,0.8115,High,956.76
7162-WPHPM,Male,0,Yes,Yes,58,49+,Two year,DSL,Credit card (automatic),71.6,4230.25,No,0.0067,Low,5.76
1599-MMYRQ,Male,0,Yes,Yes,62,49+,One year,Fiber optic,Credit card (automatic),81.45,4983.05,No,0.0449,Low,43.89
8821-KVZKQ,Female,0,Yes,Yes,70,49+,One year,DSL,Bank transfer (automatic),58.4,4113.15,No,0.0344,Low,24.11
1496-GGSUK,Female,1,No,No,1,0-12,Month-to-month,DSL,Mailed check,25.7,25.7,Yes,0.6044,High,186.4
6434-TTGJP,Male,0,Yes,Yes,10,0-12,Two year,DSL,Credit card (automatic),53.7,521.0,No,0.0558,Low,35.96
0042-JVWOJ,Male,0,No,No,26,25-48,One year,No,Bank transfer (automatic),19.6,471.85,No,0.0482,Low,11.34
0130-SXOUN,Male,0,No,No,66,49+,Month-to-month,Fiber optic,Credit card (automatic),89.4,5976.9,No,0.1821,Low,195.36
2575-GFSOE,Female,0,Yes,Yes,7,0-12,Month-to-month,Fiber optic,Electronic check,69.0,506.9,Yes,0.6167,High,510.63
2330-PQGDQ,Male,0,Yes,Yes,51,49+,One year,Fiber optic,Bank transfer (automatic),84.2,4299.75,No,0.0697,Low,70.42
1452-UZOSF,Male,0,Yes,Yes,72,49+,Two year,Fiber optic,Credit card (automatic),106.1,7548.6,No,0.028,Low,35.65
2097-YVPKN,Male,0,No,No,65,49+,Two year,No,Mailed check,25.75,1654.75,No,0.0045,Low,1.39
2842-JTCCU,Male,0,No,No,2,0-12,Month-to-month,DSL,Bank transfer (automatic),46.05,80.35,Yes,0.319,Medium,176.28
8597-CTXVJ,Male,0,No,Yes,70,49+,One year,DSL,Bank transfer (automatic),64.95,4551.5,No,0.0085,Low,6.62
6631-HMANX,Male,0,Yes,No,72,49+,Two year,DSL,Credit card (automatic),85.45,6227.5,No,0.0229,Low,23.48
9962-BFPDU,Female,0,Yes,Yes,1,0-12,Month-to-month,No,Mailed check,20.05,20.05,No,0.1601,Low,38.52
3296-SILRA,Female,1,Yes,No,1,0-12,Month-to-month,Fiber optic,Mailed check,76.4,76.4,Yes,0.6207,High,569.06
9681-OXGVC,Female,0,No,No,5,0-12,Month-to-month,Fiber optic,Electronic check,100.5,514.0,Yes,0.806,High,972.04
6394-HHHZM,Male,0,No,No,3,0-12,Month-to-month,No,Mailed check,20.7,57.5,No,0.1762,Low,43.77
5995-LFTLE,Male,0,No,No,58,49+,Two year,No,Credit card (automatic),25.3,1474.35,No,0.0081,Low,2.46
5180-UCIIQ,Male,1,Yes,Yes,22,13-24,Month-to-month,DSL,Mailed check,40.05,880.2,Yes,0.2356,Low,113.23
1932-UEDCX,Male,1,Yes,No,33,25-48,Month-to-month,Fiber optic,Bank transfer (automatic),100.6,3270.25,No,0.5747,High,693.78
7153-OANIO,Male,0,No,No,1,0-12,Month-to-month,Fiber optic,Electronic check,69.95,69.95,Yes,0.624,High,523.79
5188-HGMLP,Male,1,Yes,No,54,49+,Month-to-month,Fiber optic,Bank transfer (automatic),74.0,3919.15,No,0.232,Low,206.02
0665-XHDJU,Male,0,Yes,No,72,49+,Two year,Fiber optic,Electronic check,99.4,7285.7,No,0.1357,Low,161.86
6521-YYTYI,Male,0,No,Yes,1,0-12,Month-to-month,Fiber optic,Electronic check,93.3,93.3,Yes,0.8076,High,904.19
8878-HMWBV,Male,0,No,No,3,0-12,Month-to-month,DSL,Electronic check,49.15,169.05,Yes,0.4954,Medium,292.19
8265-HKSOW,Female,0,Yes,Yes,72,49+,Two year,Fiber optic,Credit card (automatic),107.45,7658.3,No,0.0188,Low,24.24
3544-FBCAS,Female,0,Yes,Yes,72,49+,Two year,DSL,Credit card (automatic),83.6,5959.3,No,0.017,Low,17.05
5331-RGMTT,Male,1,Yes,No,54,49+,Month-to-month,Fiber optic,Credit card (automatic),99.05,5295.7,No,0.4634,Medium,550.8
4759-PXTAN,Female,0,Yes,No,59,49+,One year,DSL,Electronic check,80.1,4693.2,No,0.0886,Low,85.16
7054-DMVAS,Male,0,No,No,54,49+,Two year,DSL,Bank transfer (automatic),65.3,3512.9,No,0.0187,Low,14.65
3428-MMGUB,Male,0,No,No,60,49+,Two year,Fiber optic,Electronic check,89.55,5231.2,No,0.1392,Low,149.58
6549-BTYPG,Female,0,Yes,No,60,49+,Two year,DSL,Credit card (automatic),60.8,3603.45,No,0.0206,Low,15.03
7823-JSOAG,Male,0,No,No,3,0-12,Month-to-month,Fiber optic,Electronic check,74.5,217.45,No,0.6765,High,604.79
3705-RHRFR,Female,0,Yes,No,69,49+,Two year,Fiber optic,Bank transfer (automatic),99.15,6875.35,No,0.0569,Low,67.7
9374-YOLBJ,Female,0,Yes,Yes,1,0-12,Month-to-month,No,Electronic check,19.25,19.25,No,0.2098,Low,48.46
9074-KGVOX,Male,0,Yes,Yes,50,49+,Month-to-month,DSL,Credit card (automatic),39.45,2021.35,No,0.1005,Low,47.58
6128-DAFVY,Female,0,No,No,56,49+,Month-to-month,DSL,Credit card (automatic),44.85,2564.95,No,0.1745,Low,93.92
9933-QRGTX,Female,0,Yes,No,60,49+,Two year,Fiber optic,Electronic check,97.2,5611.75,No,0.0769,Low,89.7
4476-OSWTN,Male,1,Yes,No,69,49+,One year,Fiber optic,Mailed check,110.55,7610.1,No,0.1396,Low,185.19
3751-KTZEL,Female,0,No,No,1,0-12,Month-to-month,DSL,Mailed check,35.05,35.05,Yes,0.5384,High,226.45
1977-STDKI,Female,1,No,No,1,0-12,Month-to-month,Fiber optic,Electronic check,73.0,73.0,Yes,0.7069,High,619.24
5066-GFJMM,Female,0,Yes,No,3,0-12,Month-to-month,No,Mailed check,19.9,45.75,No,0.2403,Low,57.38
2661-GKBTK,Male,0,Yes,Yes,60,49+,Two year,DSL,Bank transfer (automatic),76.95,4543.95,No,0.0123,Low,11.36
0458-HEUZG,Female,0,No,No,13,13-24,Two year,DSL,Mailed check,35.4,450.4,No,0.0851,Low,36.15
7268-WNTCP,Male,0,Yes,Yes,62,49+,Two year,No,Bank transfer (automatic),20.45,1297.35,No,0.0028,Low,0.69
0824-VWDPO,Female,0,No,No,45,25-48,One year,Fiber optic,Bank transfer (automatic),96.75,4442.75,No,0.1211,Low,140.6
8409-WQJUX,Female,0,No,No,25,25-48,One year,DSL,Electronic check,54.2,1423.15,No,0.2134,Low,138.8
2578-JQPHZ,Male,0,No,No,44,25-48,Two year,Fiber optic,Bank transfer (automatic),100.1,4378.35,No,0.0819,Low,98.38
3278-FSIXX,Female,0,No,No,2,0-12,Month-to-month,DSL,Mailed check,45.25,74.2,No,0.423,Medium,229.69
5813-UECBU,Male,1,No,No,33,25-48,Month-to-month,Fiber optic,Credit card (automatic),83.85,2716.3,Yes,0.4233,Medium,425.92
0328-GRPMV,Female,0,No,No,1,0-12,Month-to-month,Fiber optic,Electronic check,70.1,70.1,Yes,0.7006,High,589.34
9746-UGFAC,Female,0,No,No,22,13-24,One year,No,Bank transfer (automatic),20.85,450.65,No,0.0385,Low,9.63
2946-KIQSP,Female,0,No,No,35,25-48,Month-to-month,DSL,Mailed check,33.45,1175.85,No,0.1798,Low,72.17
0625-AFOHS,Female,0,Yes,Yes,29,25-48,Two year,No,Mailed check,20.2,558.8,No,0.0131,Low,3.18
6726-WEXXK,Male,1,Yes,No,27,25-48,One year,Fiber optic,Electronic check,85.9,2220.1,No,0.3328,Medium,343.05
4636-OLWOE,Male,0,No,Yes,54,49+,One year,DSL,Electronic check,61.0,3283.05,No,0.0317,Low,23.2
4342-HENTK,Female,1,No,No,2,0-12,Month-to-month,Fiber optic,Electronic check,70.65,142.35,Yes,0.7197,High,610.16
4685-ERGHK,Male,0,No,No,57,49+,One year,Fiber optic,Electronic check,86.9,4939.25,No,0.2499,Low,260.6
0885-HMGPY,Male,0,No,No,62,49+,Two year,DSL,Bank transfer (automatic),69.4,4237.5,No,0.0074,Low,6.16
5003-OKNNK,Female,0,Yes,Yes,15,13-24,One year,No,Credit card (automatic),20.35,335.95,No,0.0426,Low,10.4
4195-SMMNX,Male,0,No,No,2,0-12,Month-to-month,No,Mailed check,20.35,33.2,Yes,0.1844,Low,45.03
7208-PSIHR,Female,0,Yes,No,70,49+,Two year,Fiber optic,Bank transfer (automatic),104.3,7188.5,No,0.0823,Low,103.01
4012-ZTHBR,Female,0,Yes,Yes,21,13-24,Month-to-month,DSL,Electronic check,44.95,926.25,No,0.2762,Low,148.98
0489-WMEMG,Female,0,No,Yes,23,13-24,One year,DSL,Electronic check,49.45,1119.35,No,0.1087,Low,64.5
7435-ZNUYY,Male,0,No,No,6,0-12,One year,No,Mailed check,20.6,116.6,No,0.0847,Low,20.94
1354-YZFNB,Male,0,Yes,Yes,4,0-12,Two year,No,Credit card (automatic),19.55,68.8,No,0.0377,Low,8.84
6956-SMUCM,Female,0,No,No,3,0-12,Month-to-month,Fiber optic,Credit card (automatic),99.0,287.4,Yes,0.5972,High,709.47
2985-FMWYF,Female,0,No,No,23,13-24,Month-to-month,Fiber optic,Electronic check,93.5,2341.55,No,0.7374,High,827.36
2812-ENYMO,Male,0,No,No,26,25-48,One year,DSL,Credit card (automatic),54.55,1362.85,No,0.1037,Low,67.88
2717-HVIZY,Female,0,No,Yes,8,0-12,Month-to-month,No,Mailed check,20.05,163.6,No,0.1193,Low,28.7
3223-WZWJM,Male,0,No,No,26,25-48,Month-to-month,Fiber optic,Electronic check,83.95,2254.2,Yes,0.6566,High,661.46
3422-GALYP,Male,0,No,No,2,0-12,Month-to-month,Fiber optic,Electronic check,79.45,145.15,No,0.7242,High,690.45
9053-JZFKV,Male,0,No,No,67,49+,Two year,Fiber optic,Credit card (automatic),116.2,7752.3,Yes,0.0393,Low,54.8
2530-ENDWQ,Female,0,Yes,No,71,49+,Two year,Fiber optic,Bank transfer (automatic),93.7,6585.35,Yes,0.1029,Low,115.7
2890-WFBHU,Female,0,No,No,59,49+,One year,DSL,Credit card (automatic),79.85,4786.1,No,0.0219,Low,20.98
0327-WFZSY,Male,0,Yes,Yes,39,25-48,One year,Fiber optic,Electronic check,100.0,3835.55,No,0.3147,Medium,377.64
7977-HXJKU,Male,0,No,Yes,21,13-24,Two year,No,Mailed check,19.6,397.0,No,0.0191,Low,4.49
6615-ZGEDR,Male,0,No,No,1,0-12,Month-to-month,No,Mailed check,19.7,19.7,Yes,0.1947,Low,46.03
7033-CLAMM,Female,0,Yes,Yes,48,25-48,Two year,No,Bank transfer (automatic),20.2,1027.25,No,0.0052,Low,1.26
4023-RTIQM,Female,1,Yes,No,31,25-48,One year,DSL,Credit card (automatic),50.4,1580.1,No,0.1258,Low,76.08
0864-FVJNJ,Female,0,Yes,Yes,64,49+,One year,Fiber optic,Electronic check,113.35,7222.75,No,0.0979,Low,133.16
7356-IWLFW,Male,0,Yes,Yes,46,25-48,Month-to-month,Fiber optic,Bank transfer (automatic),80.0,3769.7,No,0.2619,Low,251.42
9541-PWTWO,Female,0,No,No,52,49+,Two year,DSL,Bank transfer (automatic),80.95,4233.95,No,0.0454,Low,44.1
3967-VQOGC,Female,0,Yes,Yes,67,49+,Two year,No,Mailed check,24.9,1680.25,No,0.0049,Low,1.46
7872-RDDLZ,Female,1,No,No,67,49+,Month-to-month,DSL,Electronic check,54.9,3725.5,No,0.0717,Low,47.24
9250-WYPLL,Female,0,No,No,5,0-12,Month-to-month,Fiber optic,Electronic check,75.55,413.65,Yes,0.6518,High,590.92
6308-CQRBU,Female,0,Yes,No,71,49+,Two year,Fiber optic,Electronic check,109.25,7707.7,No,0.0753,Low,98.72
2754-XBHTB,Female,0,No,No,9,0-12,Month-to-month,Fiber optic,Bank transfer (automatic),77.65,714.15,Yes,0.6239,High,581.35
1597-LHYNC,Female,1,No,No,26,25-48,Month-to-month,Fiber optic,Electronic check,95.0,2497.2,Yes,0.5472,High,623.81
0186-CAERR,Male,0,No,No,71,49+,One year,Fiber optic,Bank transfer (automatic),116.3,8309.55,No,0.0993,Low,138.58
3043-SUDUA,Female,0,No,No,32,25-48,Month-to-month,No,Bank transfer (automatic),19.9,601.55,No,0.0495,Low,11.82
5442-BHQNG,Female,0,No,No,2,0-12,Month-to-month,Fiber optic,Electronic check,70.35,139.25,No,0.6076,High,512.94
2169-RRLFW,Female,0,Yes,No,71,49+,Two year,No,Credit card (automatic),25.6,1888.25,No,0.0032,Low,0.98
5872-OEQNH,Female,0,No,No,60,49+,One year,DSL,Electronic check,44.45,2773.9,No,0.0646,Low,34.46
3162-KKZXO,Female,1,No,No,55,49+,One year,Fiber optic,Electronic check,100.15,5409.75,No,0.3689,Medium,443.34
7055-VKGDA,Male,0,No,No,54,49+,One year,Fiber optic,Credit card (automatic),105.4,5643.4,Yes,0.0999,Low,126.35
0754-UKWQP,Male,0,No,No,2,0-12,Month-to-month,Fiber optic,Electronic check,95.85,197.7,Yes,0.7739,High,890.14
8873-GLDMH,Female,0,No,No,6,0-12,Month-to-month,Fiber optic,Mailed check,73.85,401.3,No,0.6658,High,590.03
5696-JVVQY,Female,0,Yes,Yes,48,25-48,Two year,DSL,Credit card (automatic),70.1,3238.4,No,0.0177,Low,14.89
8946-BFWSG,Male,0,Yes,Yes,63,49+,Two year,No,Mailed check,25.25,1573.05,No,0.0041,Low,1.24
7493-TPUWZ,Male,0,No,No,1,0-12,Month-to-month,Fiber optic,Electronic check,79.15,79.15,Yes,0.733,High,696.2
0547-HURJB,Male,0,No,Yes,12,0-12,Month-to-month,No,Credit card (automatic),21.05,235.8,No,0.091,Low,22.99
8904-OPDCK,Male,1,Yes,No,54,49+,Month-to-month,DSL,Bank transfer (automatic),24.95,1364.75,No,0.1244,Low,37.25
8845-LWKGE,Female,0,Yes,Yes,30,25-48,One year,DSL,Electronic check,64.5,1985.15,No,0.1131,Low,87.54
1577-HKTFG,Female,0,Yes,No,30,25-48,Month-to-month,No,Bank transfer (automatic),19.65,655.85,Yes,0.0567,Low,13.37
8752-STIVR,Female,0,No,No,4,0-12,Month-to-month,Fiber optic,Electronic check,79.0,303.15,Yes,0.7325,High,694.41
0691-NIKRI,Female,0,No,No,40,25-48,One year,Fiber optic,Credit card (automatic),105.95,4335.2,No,0.2727,Low,346.71
5022-JNQEQ,Female,0,Yes,Yes,9,0-12,Month-to-month,Fiber optic,Electronic check,75.85,647.5,No,0.4941,Medium,449.73
4558-FANTW,Female,0,Yes,Yes,17,13-24,Month-to-month,Fiber optic,Electronic check,91.85,1574.45,Yes,0.3055,Medium,336.72
3249-VHRIP,Female,0,No,No,62,49+,Two year,DSL,Credit card (automatic),43.6,2748.7,No,0.0269,Low,14.07
3736-BLEPA,Male,0,No,No,28,25-48,One year,Fiber optic,Bank transfer (automatic),91.25,2483.65,No,0.1989,Low,217.8
4701-LKOZD,Female,0,No,No,70,49+,Two year,DSL,Credit card (automatic),89.75,6367.2,No,0.0117,Low,12.6
6603-QWSPR,Female,0,No,No,46,25-48,Two year,Fiber optic,Bank transfer (automatic),104.4,4904.2,No,0.0991,Low,124.15
9921-QFQUL,Female,0,Yes,No,23,13-24,Month-to-month,Fiber optic,Mailed check,90.15,2044.95,No,0.4992,Medium,540.03
1929-ZCBHE,Male,0,Yes,Yes,47,25-48,One year,DSL,Electronic check,40.3,1794.8,No,0.0319,Low,15.43
4378-MYPGO,Male,0,Yes,Yes,68,49+,Two year,Fiber optic,Bank transfer (automatic),105.25,7173.15,No,0.0447,Low,56.46
8651-ENBZX,Female,1,No,No,60,49+,One year,Fiber optic,Electronic check,106.0,6441.4,Yes,0.2778,Low,353.36
4129-LYCOI,Female,0,No,Yes,67,49+,Two year,Fiber optic,Electronic check,104.0,7039.05,No,0.0922,Low,115.07
7798-JVXYM,Female,0,No,No,14,13-24,Month-to-month,DSL,Electronic check,69.65,921.4,No,0.4187,Medium,349.95
8647-SDTWQ,Male,0,Yes,Yes,57,49+,Month-to-month,Fiber optic,Electronic check,74.3,4018.35,No,0.2787,Low,248.49
2696-ECXKC,Female,0,Yes,Yes,55,49+,One year,Fiber optic,Mailed check,100.9,5448.6,No,0.1234,Low,149.41
2081-KJSQF,Male,0,No,No,1,0-12,Month-to-month,No,Mailed check,20.25,20.25,No,0.2561,Low,62.23
7623-TRNQN,Male,0,No,Yes,1,0-12,Month-to-month,DSL,Mailed check,49.9,49.9,Yes,0.303,Medium,181.44
3323-CPBWR,Male,0,No,No,23,13-24,Month-to-month,Fiber optic,Credit card (automatic),96.9,2085.45,No,0.4605,Medium,535.47
9330-IJWIO,Female,0,No,No,13,13-24,Month-to-month,Fiber optic,Electronic check,100.35,1358.85,Yes,0.6968,High,839.09
3384-CTMSF,Male,0,Yes,No,47,25-48,Month-to-month,Fiber optic,Electronic check,104.1,5135.15,No,0.565,High,705.8
0902-RFHOF,Male,0,No,No,38,25-48,One year,No,Mailed check,20.1,730.1,No,0.0211,Low,5.09
9286-DOJGF,Female,1,Yes,No,38,25-48,Month-to-month,Fiber optic,Bank transfer (automatic),74.95,2869.85,Yes,0.4233,Medium,380.72
6048-QBXKL,Female,1,No,No,2,0-12,Month-to-month,DSL,Credit card (automatic),56.55,118.25,No,0.4505,Medium,305.71
9661-MHUMO,Male,1,Yes,Yes,1,0-12,Month-to-month,DSL,Credit card (automatic),49.25,49.25,Yes,0.3194,Medium,188.77
7718-RXDGG,Male,0,Yes,No,15,13-24,Month-to-month,Fiber optic,Bank transfer (automatic),68.6,1108.6,No,0.5215,High,429.3
1025-FALIX,Female,0,No,No,26,25-48,Month-to-month,Fiber optic,Credit card (automatic),69.05,1815.65,No,0.4019,Medium,333.01
3451-VAWLI,Female,0,Yes,Yes,35,25-48,Two year,No,Credit card (automatic),19.7,730.4,No,0.0092,Low,2.17
3407-QGWLG,Male,0,No,Yes,3,0-12,Month-to-month,No,Mailed check,20.05,75.45,No,0.2019,Low,48.58
1842-EZJMK,Male,0,Yes,Yes,50,49+,Month-to-month,Fiber optic,Electronic check,103.7,5071.05,Yes,0.3056,Medium,380.29
2347-WKKAE,Male,0,Yes,No,42,25-48,Month-to-month,Fiber optic,Electronic check,94.4,4014.6,No,0.4456,Medium,504.78
8735-DCXNF,Male,0,Yes,No,10,0-12,Month-to-month,DSL,Credit card (automatic),54.95,568.85,No,0.189,Low,124.63
3214-IYUUQ,Female,0,Yes,No,61,49+,One year,Fiber optic,Bank transfer (automatic),93.7,5860.7,No,0.0469,Low,52.73
1936-UAFEH,Female,0,No,No,68,49+,Two year,Fiber optic,Credit card (automatic),110.25,7279.35,No,0.0354,Low,46.83
3587-PMCOY,Male,0,No,No,10,0-12,One year,Fiber optic,Electronic check,98.9,1064.95,No,0.4886,Medium,579.87
8079-XRJRS,Male,0,Yes,No,65,49+,One year,Fiber optic,Electronic check,89.75,5769.6,Yes,0.0784,Low,84.44
1027-LKKQQ,Female,0,Yes,Yes,72,49+,Two year,DSL,Bank transfer (automatic),80.45,5886.85,No,0.0102,Low,9.85
7148-XZPHA,Male,0,Yes,Yes,55,49+,Month-to-month,Fiber optic,Electronic check,79.4,4238.45,No,0.1181,Low,112.53
8073-IJDCM,Female,0,No,No,1,0-12,Month-to-month,No,Mailed check,20.3,20.3,Yes,0.2516,Low,61.29
5309-TAIKL,Female,0,No,No,7,0-12,Month-to-month,DSL,Bank transfer (automatic),62.8,418.3,No,0.2593,Low,195.41
6856-RAURS,Female,0,No,No,2,0-12,Month-to-month,Fiber optic,Mailed check,74.9,136.05,No,0.6897,High,619.9
8778-LMWTJ,Female,0,No,No,9,0-12,Month-to-month,Fiber optic,Electronic check,74.85,708.2,No,0.5433,High,487.99
9717-IOAAF,Male,0,No,Yes,27,25-48,Two year,No,Credit card (automatic),25.85,788.55,No,0.0255,Low,7.91
8884-ADFVN,Male,1,Yes,No,7,0-12,Month-to-month,Fiber optic,Electronic check,101.95,700.85,Yes,0.8189,High,1001.84
2845-KDHVX,Female,0,Yes,No,64,49+,Two year,DSL,Mailed check,68.3,4378.8,No,0.016,Low,13.11
0848-SOMKO,Male,0,No,No,70,49+,Two year,DSL,Bank transfer (automatic),48.4,3442.8,No,0.0084,Low,4.88
2720-WGKHP,Male,1,No,No,2,0-12,Month-to-month,Fiber optic,Electronic check,94.0,181.7,Yes,0.8523,High,961.39
6734-FQAJX,Male,1,No,No,67,49+,Two year,Fiber optic,Electronic check,105.05,7171.7,No,0.0687,Low,86.6
2869-ADAWR,Female,0,No,No,45,25-48,Month-to-month,Fiber optic,Credit card (automatic),89.3,4016.85,Yes,0.3691,Medium,395.53
1535-VTJOQ,Female,0,No,No,24,13-24,Two year,No,Credit card (automatic),25.15,553.0,No,0.0244,Low,7.36
6368-TZZDT,Male,0,Yes,Yes,4,0-12,Two year,No,Credit card (automatic),19.5,96.85,No,0.038,Low,8.89
0943-ZQPXH,Male,0,Yes,Yes,44,25-48,Month-to-month,Fiber optic,Bank transfer (automatic),92.95,4122.9,No,0.3781,Medium,421.73
1293-BSEUN,Female,0,Yes,Yes,72,49+,Two year,No,Mailed check,20.7,1482.3,No,0.0027,Low,0.67
9894-EZEWG,Female,0,No,No,1,0-12,Month-to-month,Fiber optic,Credit card (automatic),74.3,74.3,Yes,0.5701,High,508.3
1302-TPUBN,Male,0,No,No,66,49+,Two year,No,Bank transfer (automatic),19.35,1240.8,No,0.0029,Low,0.67
7851-FLGGQ,Male,0,No,No,1,0-12,Month-to-month,DSL,Mailed check,44.65,44.65,Yes,0.5023,High,269.13
0637-UBJRP,Male,0,Yes,Yes,13,13-24,Month-to-month,Fiber optic,Electronic check,84.05,1095.3,Yes,0.4386,Medium,442.37
0940-OUQEC,Male,0,No,No,10,0-12,Month-to-month,Fiber optic,Bank transfer (automatic),80.7,788.8,Yes,0.5711,High,553.05
2378-VTKDH,Male,1,Yes,No,65,49+,Month-to-month,Fiber optic,Electronic check,104.35,6578.55,No,0.4545,Medium,569.12
0927-CNGRH,Male,0,No,Yes,1,0-12,Month-to-month,No,Mailed check,19.55,19.55,No,0.1622,Low,38.05
8608-OZTLB,Male,0,Yes,Yes,38,25-48,One year,DSL,Electronic check,74.05,2802.3,No,0.0386,Low,34.3
2335-GSODA,Male,0,No,Yes,23,13-24,Two year,DSL,Mailed check,40.1,857.75,No,0.0321,Low,15.45
1952-DVVSW,Female,0,Yes,No,10,0-12,One year,No,Mailed check,20.1,184.4,No,0.0723,Low,17.44
0702-PGIBZ,Male,0,No,Yes,4,0-12,Month-to-month,Fiber optic,Electronic check,101.7,364.55,Yes,0.7433,High,907.12
6656-GULJQ,Male,0,Yes,Yes,72,49+,Two year,DSL,Credit card (automatic),83.55,6093.3,No,0.0148,Low,14.84
9853-JFZDU,Female,0,Yes,No,35,25-48,Month-to-month,DSL,Electronic check,56.85,1861.1,No,0.0988,Low,67.4
1963-VAUKV,Female,0,No,No,1,0-12,Month-to-month,No,Mailed check,20.4,20.4,Yes,0.188,Low,46.02
3777-XROBG,Female,0,Yes,Yes,58,49+,Two year,No,Credit card (automatic),19.55,1079.65,No,0.0032,Low,0.75
6994-FGRHH,Male,0,Yes,Yes,70,49+,One year,Fiber optic,Electronic check,106.15,7475.1,No,0.1173,Low,149.42
4000-VGMQP,Male,0,Yes,Yes,38,25-48,One year,DSL,Credit card (automatic),78.95,2862.55,No,0.0904,Low,85.64
3999-WRNGR,Female,0,Yes,Yes,60,49+,Month-to-month,DSL,Electronic check,49.75,3069.45,No,0.1672,Low,99.82
3466-RITXD,Male,0,No,No,26,25-48,Month-to-month,Fiber optic,Credit card (automatic),92.4,2349.8,No,0.4253,Medium,471.57
2680-XKKNJ,Female,0,No,No,8,0-12,One year,DSL,Bank transfer (automatic),58.2,469.25,No,0.0699,Low,48.82
3058-HJCUY,Male,0,Yes,Yes,41,25-48,One year,Fiber optic,Electronic check,102.6,4213.35,Yes,0.3265,Medium,401.99
2974-GGUXS,Female,1,Yes,No,36,25-48,Month-to-month,Fiber optic,Credit card (automatic),91.95,3301.05,No,0.4601,Medium,507.67
7994-XIRTR,Male,1,No,No,54,49+,One year,DSL,Bank transfer (automatic),65.25,3529.95,No,0.0347,Low,27.17
3259-FDWOY,Male,0,Yes,Yes,71,49+,Two year,Fiber optic,Bank transfer (automatic),106.0,7723.7,Yes,0.083,Low,105.58
2101-RANCD,Female,0,No,No,55,49+,Month-to-month,Fiber optic,Electronic check,73.1,4144.9,No,0.3537,Medium,310.27
7921-BEPCI,Female,0,No,No,72,49+,Two year,DSL,Bank transfer (automatic),59.75,4265.0,No,0.0066,Low,4.73
0807-ZABDG,Female,0,No,Yes,3,0-12,Month-to-month,DSL,Mailed check,55.1,154.65,Yes,0.2036,Low,134.62
8510-TMWYB,Female,0,Yes,Yes,54,49+,Two year,DSL,Bank transfer (automatic),59.8,3246.45,No,0.0222,Low,15.93
3258-ZKPAI,Male,0,Yes,Yes,72,49+,Two year,Fiber optic,Bank transfer (automatic),116.6,8337.45,No,0.0418,Low,58.49
1428-IEDPR,Male,0,No,No,52,49+,Two year,Fiber optic,Electronic check,109.3,5731.4,No,0.1328,Low,174.18
5298-GSTLM,Female,1,No,No,60,49+,One year,Fiber optic,Bank transfer (automatic),101.4,6176.6,No,0.1944,Low,236.55
4450-YOOHP,Female,0,No,No,39,25-48,Month-to-month,DSL,Credit card (automatic),50.65,1905.4,No,0.2865,Low,174.13
6728-CZFEI,Female,0,No,No,15,13-24,One year,DSL,Mailed check,56.15,931.9,No,0.1611,Low,108.55
5748-RNCJT,Male,0,No,No,69,49+,Two year,Fiber optic,Bank transfer (automatic),106.5,7348.8,Yes,0.0838,Low,107.1
3653-NCRDJ,Male,0,Yes,Yes,43,25-48,One year,No,Mailed check,19.2,776.25,No,0.0201,Low,4.63
6121-TNHBO,Female,1,No,No,63,49+,One year,DSL,Bank transfer (automatic),83.0,5243.05,No,0.0215,Low,21.41
5119-NZPTV,Male,1,Yes,No,2,0-12,Month-to-month,Fiber optic,Electronic check,70.1,141.65,No,0.6532,High,549.47
6519-ZHPXP,Female,0,Yes,Yes,72,49+,Two year,Fiber optic,Bank transfer (automatic),108.3,7679.65,No,0.0297,Low,38.6
7739-LAXOG,Female,0,Yes,Yes,32,25-48,Month-to-month,Fiber optic,Bank transfer (automatic),91.05,2954.5,Yes,0.4474,Medium,488.83
3472-QPRCH,Male,0,Yes,Yes,40,25-48,Two year,No,Credit card (automatic),25.25,1006.9,No,0.0102,Low,3.09
8224-UAXBZ,Female,0,Yes,No,58,49+,One year,DSL,Electronic check,45.35,2540.1,No,0.0591,Low,32.16
9610-WCESF,Male,0,No,No,67,49+,Two year,DSL,Electronic check,43.9,3097.2,No,0.0136,Low,7.16
9776-CLUJA,Female,1,Yes,No,51,49+,Month-to-month,Fiber optic,Electronic check,77.5,3807.35,Yes,0.3275,Medium,304.58
2486-WYVVE,Male,0,Yes,No,31,25-48,One year,DSL,Mailed check,79.3,2484.0,No,0.1761,Low,167.58
3865-ZYKAD,Male,1,Yes,No,69,49+,Month-to-month,Fiber optic,Credit card (automatic),84.9,5785.65,No,0.1391,Low,141.72
1422-DGUBX,Male,0,Yes,No,32,25-48,One year,Fiber optic,Electronic check,79.25,2619.15,No,0.2979,Low,283.3
2999-AANRQ,Female,0,No,No,21,13-24,Two year,DSL,Credit card (automatic),71.05,1524.85,No,0.0274,Low,23.36
8668-KNZTI,Male,0,No,No,52,49+,One year,DSL,Electronic check,53.75,2790.65,No,0.0329,Low,21.22
0480-KYJVA,Female,0,Yes,Yes,72,49+,Two year,No,Credit card (automatic),24.25,1784.5,No,0.0025,Low,0.73
6034-ZRYCV,Female,0,Yes,No,72,49+,Two year,DSL,Electronic check,54.2,3937.45,Yes,0.0398,Low,25.89
9746-YKGXB,Male,0,Yes,Yes,52,49+,One year,DSL,Bank transfer (automatic),44.25,2276.1,No,0.0352,Low,18.69
3926-YZVVX,Female,0,No,No,41,25-48,One year,DSL,Bank transfer (automatic),50.05,2029.05,No,0.0339,Low,20.36
6000-UKLWI,Male,0,No,No,41,25-48,Two year,No,Mailed check,20.15,802.35,No,0.0095,Low,2.3
2079-FBMZK,Female,0,No,No,6,0-12,Month-to-month,Fiber optic,Mailed check,69.25,418.4,Yes,0.5978,High,496.77
6332-FBZRI,Male,0,Yes,Yes,67,49+,One year,DSL,Credit card (automatic),69.35,4653.25,No,0.0141,Low,11.73
2096-XOTMO,Female,0,Yes,Yes,16,13-24,Month-to-month,No,Mailed check,19.35,275.9,No,0.0884,Low,20.53
3266-FTKHB,Male,0,No,No,17,13-24,Two year,No,Mailed check,19.15,343.45,No,0.0291,Low,6.69
8221-EQDGL,Male,0,Yes,No,35,25-48,Month-to-month,DSL,Mailed check,61.0,2130.45,No,0.0758,Low,55.49
2346-LOCWC,Female,0,Yes,Yes,58,49+,Two year,No,Credit card (automatic),20.5,1191.4,No,0.0032,Low,0.79
6608-QQLVK,Male,0,No,No,1,0-12,Month-to-month,DSL,Electronic check,50.5,50.5,Yes,0.5036,High,305.18
0298-XACET,Male,0,Yes,Yes,52,49+,Two year,DSL,Mailed check,50.2,2554.0,No,0.0181,Low,10.9
7560-QJAVJ,Female,0,No,No,70,49+,Two year,DSL,Bank transfer (automatic),79.6,5589.45,No,0.0092,Low,8.79
2995-YWTCD,Female,0,Yes,Yes,19,13-24,Two year,No,Bank transfer (automatic),24.9,467.7,No,0.0373,Low,11.15
3551-HUAZH,Male,1,No,No,1,0-12,Month-to-month,Fiber optic,Electronic check,74.4,74.4,Yes,0.7897,High,705.04
9137-UIYPG,Female,0,Yes,Yes,35,25-48,Month-to-month,Fiber optic,Electronic check,106.9,3756.45,No,0.335,Medium,429.74
2809-ZMYOQ,Female,0,No,No,32,25-48,Month-to-month,Fiber optic,Electronic check,101.35,3334.9,No,0.6628,High,806.1
5084-OOVCJ,Female,0,Yes,Yes,17,13-24,Month-to-month,DSL,Credit card (automatic),55.35,920.5,No,0.1203,Low,79.9
0254-WWRKD,Female,0,Yes,Yes,67,49+,One year,DSL,Credit card (automatic),50.55,3431.75,No,0.0121,Low,7.34
7727-SHVZV,Female,0,No,No,9,0-12,Month-to-month,No,Bank transfer (automatic),19.5,150.35,No,0.1317,Low,30.82
6302-JGYRJ,Male,0,No,Yes,31,25-48,One year,DSL,Mailed check,79.45,2587.7,Yes,0.1291,Low,123.08
5339-PXDVH,Male,0,No,No,4,0-12,Month-to-month,Fiber optic,Electronic check,90.65,367.95,No,0.6184,High,672.7
2205-LPVGL,Male,1,Yes,Yes,58,49+,One year,Fiber optic,Bank transfer (automatic),89.85,5125.75,No,0.0637,Low,68.68
8782-NUUOL,Male,0,No,No,60,49+,One year,DSL,Mailed check,79.0,4801.1,No,0.0273,Low,25.88
3685-YLCMQ,Male,0,No,No,58,49+,One year,Fiber optic,Electronic check,104.65,6219.6,Yes,0.272,Low,341.58
7601-WFVZV,Male,0,No,No,1,0-12,Month-to-month,No,Mailed check,19.55,19.55,No,0.1954,Low,45.84
4609-KNNWG,Female,0,Yes,Yes,27,25-48,Two year,No,Mailed check,19.9,550.1,No,0.0146,Low,3.49
4868-AADLV,Male,1,Yes,Yes,66,49+,One year,Fiber optic,Electronic check,116.25,7862.25,No,0.1506,Low,210.09
9529-OFXHY,Male,0,No,No,15,13-24,Month-to-month,Fiber optic,Bank transfer (automatic),87.75,1242.2,No,0.5502,High,579.36
8634-MPHTR,Male,1,Yes,No,47,25-48,Month-to-month,Fiber optic,Electronic check,100.05,4871.05,Yes,0.6212,High,745.81
2669-QVCRG,Female,0,No,No,41,25-48,Month-to-month,Fiber optic,Credit card (automatic),81.3,3190.65,No,0.2589,Low,252.58
2478-EEWWM,Male,0,Yes,No,59,49+,Month-to-month,DSL,Electronic check,44.3,2666.75,No,0.2304,Low,122.48
9174-IHETN,Female,0,No,Yes,50,49+,Two year,Fiber optic,Credit card (automatic),70.35,3533.6,No,0.0382,Low,32.25
2233-TXSIU,Male,0,Yes,Yes,17,13-24,One year,DSL,Credit card (automatic),44.45,792.15,No,0.1275,Low,68.01
9644-UMGQA,Male,0,Yes,Yes,6,0-12,Month-to-month,DSL,Electronic check,49.15,295.65,No,0.3253,Medium,191.86
3256-EZDBI,Male,1,Yes,No,51,49+,Month-to-month,DSL,Credit card (automatic),29.45,1459.35,No,0.122,Low,43.11
8761-NSOBC,Male,0,No,No,44,25-48,Month-to-month,Fiber optic,Electronic check,100.55,4398.15,Yes,0.3085,Medium,372.24
0419-YAAPX,Male,0,Yes,No,49,49+,Month-to-month,Fiber optic,Credit card (automatic),85.3,4297.95,No,0.2799,Low,286.51
8413-VONUO,Male,0,No,No,2,0-12,Month-to-month,Fiber optic,Electronic check,95.65,167.3,Yes,0.6732,High,772.7
0872-CASZJ,Male,0,Yes,No,59,49+,One year,DSL,Mailed check,69.1,4096.9,No,0.0396,Low,32.84
4726-DLWQN,Male,1,No,No,50,49+,Month-to-month,DSL,Bank transfer (automatic),70.35,3454.6,No,0.1219,Low,102.91
8164-OCKUJ,Female,0,Yes,Yes,59,49+,Two year,No,Mailed check,20.6,1286.0,No,0.0034,Low,0.84
3094-JOJAI,Male,0,No,No,18,13-24,Month-to-month,Fiber optic,Mailed check,74.15,1387.0,No,0.4876,Medium,433.87
9494-MRNYX,Male,0,No,No,10,0-12,Month-to-month,Fiber optic,Electronic check,75.05,786.3,No,0.6217,High,559.9
2599-CZABP,Male,0,Yes,No,14,13-24,One year,DSL,Electronic check,44.6,641.25,No,0.184,Low,98.48
7945-PRBVF,Male,0,No,No,35,25-48,Two year,No,Bank transfer (automatic),21.45,705.45,No,0.0112,Low,2.88
4544-RXFMG,Male,0,Yes,Yes,8,0-12,One year,DSL,Mailed check,43.45,345.5,No,0.2007,Low,104.64
0859-YGKFW,Male,0,Yes,Yes,18,13-24,One year,No,Bank transfer (automatic),20.05,345.9,No,0.0393,Low,9.46
1150-FTQGN,Female,0,Yes,Yes,60,49+,One year,Fiber optic,Bank transfer (automatic),94.15,5811.8,No,0.0722,Low,81.57
9223-UCPVT,Female,0,No,No,1,0-12,Month-to-month,Fiber optic,Electronic check,94.4,94.4,Yes,0.7128,High,807.46
7196-LIWRH,Female,0,No,No,6,0-12,Two year,No,Mailed check,19.55,124.45,No,0.0458,Low,10.74
5448-VWNAM,Female,0,No,Yes,19,13-24,Month-to-month,DSL,Mailed check,75.9,1375.6,No,0.1695,Low,154.38
1177-XZBJL,Male,0,Yes,Yes,53,49+,One year,DSL,Bank transfer (automatic),64.15,3491.55,No,0.0163,Low,12.55
3518-FSTWG,Male,1,Yes,No,72,49+,Two year,Fiber optic,Bank transfer (automatic),109.55,7920.7,No,0.0817,Low,107.4
9330-VOFSZ,Female,0,Yes,No,60,49+,Two year,Fiber optic,Credit card (automatic),110.8,6640.7,No,0.0922,Low,122.59
4351-QLCSU,Female,0,No,No,1,0-12,Month-to-month,DSL,Credit card (automatic),55.0,55.0,Yes,0.4642,Medium,306.37
0939-EREMR,Female,0,No,Yes,13,13-24,Month-to-month,DSL,Mailed check,53.45,718.1,No,0.1577,Low,101.15
9389-ACWBI,Female,0,Yes,Yes,5,0-12,Month-to-month,Fiber optic,Credit card (automatic),69.95,320.4,No,0.4304,Medium,361.28
5419-JPRRN,Male,0,No,No,1,0-12,Month-to-month,Fiber optic,Electronic check,101.45,101.45,Yes,0.8213,High,999.85
3644-QXEHN,Male,0,Yes,Yes,13,13-24,Month-to-month,Fiber optic,Electronic check,97.0,1334.45,No,0.5801,High,675.24
2911-IJORQ,Male,0,No,No,37,25-48,One year,DSL,Bank transfer (automatic),90.6,3358.65,No,0.084,Low,91.32
5921-NGYRH,Male,0,Yes,No,64,49+,Month-to-month,Fiber optic,Mailed check,73.55,4764.0,No,0.1298,Low,114.56
2100-BDNSN,Female,0,Yes,No,5,0-12,Month-to-month,DSL,Bank transfer (automatic),67.95,350.3,Yes,0.3402,Medium,277.4
5998-DZLYR,Female,0,Yes,No,61,49+,Two year,Fiber optic,Bank transfer (automatic),94.35,5703.0,No,0.0657,Low,74.39
0488-GSLFR,Female,0,No,No,1,0-12,Month-to-month,Fiber optic,Electronic check,69.5,69.5,Yes,0.7044,High,587.47
9318-NKNFC,Male,0,No,No,1,0-12,Month-to-month,No,Mailed check,18.85,18.85,Yes,0.2643,Low,59.78
3985-HOYPM,Male,0,No,No,26,25-48,One year,No,Mailed check,19.4,525.55,No,0.037,Low,8.61
9728-FTTVZ,Female,0,No,No,1,0-12,Month-to-month,Fiber optic,Electronic check,69.2,69.2,Yes,0.7063,High,586.51
9548-LERKT,Male,0,Yes,No,24,13-24,Two year,No,Mailed check,19.75,483.15,No,0.0214,Low,5.07
6576-FBXOJ,Male,0,Yes,No,17,13-24,One year,DSL,Electronic check,54.6,934.8,No,0.2729,Low,178.8
4310-KEDTB,Female,0,No,Yes,26,25-48,Month-to-month,DSL,Mailed check,29.8,786.5,No,0.2599,Low,92.94
7254-IQWOZ,Male,0,No,No,1,0-12,Month-to-month,Fiber optic,Electronic check,69.65,69.65,Yes,0.708,High,591.75
2474-BRUCM,Male,1,Yes,No,40,25-48,Month-to-month,Fiber optic,Electronic check,101.85,4086.3,Yes,0.4651,Medium,568.45
4062-HBMOS,Male,0,No,No,52,49+,Month-to-month,Fiber optic,Electronic check,103.05,5364.8,No,0.518,High,640.56
0742-NXBGR,Female,0,No,No,1,0-12,Month-to-month,Fiber optic,Electronic check,82.3,82.3,Yes,0.638,High,630.09
2676-ISHSF,Male,0,No,No,1,0-12,Month-to-month,No,Mailed check,20.3,20.3,No,0.1919,Low,46.75
9236-NDUCW,Female,0,No,No,21,13-24,Two year,DSL,Mailed check,35.1,770.4,No,0.0439,Low,18.49
4753-PADAS,Female,0,Yes,No,67,49+,One year,Fiber optic,Bank transfer (automatic),105.7,6816.95,No,0.179,Low,227.04
6103-QCKFX,Female,0,Yes,Yes,44,25-48,Month-to-month,DSL,Bank transfer (automatic),56.25,2419.55,No,0.033,Low,22.28
7781-EWARA,Male,0,Yes,Yes,70,49+,One year,DSL,Electronic check,60.35,4138.7,No,0.0338,Low,24.48
6110-OHIHY,Male,0,No,No,3,0-12,Month-to-month,Fiber optic,Electronic check,79.25,267.6,Yes,0.6668,High,634.13
7018-FPXHH,Male,0,Yes,Yes,56,49+,Two year,DSL,Bank transfer (automatic),59.8,3457.45,No,0.0107,Low,7.68
5889-LFOLL,Female,0,No,No,13,13-24,Month-to-month,Fiber optic,Electronic check,84.6,1115.2,Yes,0.7318,High,742.92
5708-EVONK,Female,0,Yes,Yes,58,49+,Month-to-month,Fiber optic,Bank transfer (automatic),93.4,5435.6,Yes,0.1913,Low,214.41
8708-XPXHZ,Female,0,Yes,Yes,42,25-48,Month-to-month,Fiber optic,Electronic check,94.2,4186.3,Yes,0.5662,High,640.03
0616-ATFGB,Male,1,Yes,No,1,0-12,Month-to-month,DSL,Electronic check,25.05,25.05,Yes,0.6044,High,181.68
0572-ZJKLT,Female,0,Yes,Yes,46,25-48,Two year,Fiber optic,Mailed check,99.65,4630.2,No,0.0493,Low,58.95
5135-RDDQL,Female,0,Yes,Yes,63,49+,Two year,DSL,Bank transfer (automatic),50.65,3221.25,No,0.0085,Low,5.17
1353-LJWEM,Male,0,No,No,11,0-12,Month-to-month,DSL,Electronic check,60.9,688.5,No,0.2873,Low,209.96
1794-SWWKL,Male,0,Yes,Yes,15,13-24,Month-to-month,DSL,Bank transfer (automatic),59.65,867.1,No,0.2392,Low,171.22
6166-YIPFO,Male,0,Yes,No,72,49+,Two year,DSL,Electronic check,64.7,4746.05,No,0.022,Low,17.08
7016-BPGEU,Female,0,No,No,29,25-48,Month-to-month,DSL,Credit card (automatic),25.1,712.85,Yes,0.2565,Low,77.26
6876-ADESB,Male,0,No,Yes,1,0-12,Month-to-month,DSL,Electronic check,48.95,48.95,Yes,0.3693,Medium,216.93
9332-GYWLO,Female,0,Yes,Yes,6,0-12,Month-to-month,DSL,Electronic check,54.85,355.1,No,0.3816,Medium,251.17
1963-SVUCV,Male,0,No,No,1,0-12,Month-to-month,DSL,Electronic check,45.3,45.3,Yes,0.4232,Medium,230.05
4184-VODJZ,Male,0,Yes,Yes,63,49+,One year,Fiber optic,Electronic check,91.35,5764.7,No,0.1707,Low,187.12
0220-EBGCE,Male,0,No,No,2,0-12,Month-to-month,Fiber optic,Electronic check,85.85,167.3,Yes,0.7314,High,753.49
1092-WPIVQ,Female,0,Yes,Yes,18,13-24,Two year,No,Mailed check,25.1,428.45,No,0.029,Low,8.73
7233-IOQNP,Female,0,Yes,No,43,25-48,Month-to-month,DSL,Bank transfer (automatic),34.0,1505.35,No,0.0646,Low,26.36
2834-JKOOW,Female,0,No,No,15,13-24,One year,DSL,Mailed check,45.9,693.45,No,0.0854,Low,47.04
2754-VDLTR,Male,0,No,Yes,10,0-12,Month-to-month,Fiber optic,Electronic check,95.2,930.4,Yes,0.6775,High,773.98
2400-FEQME,Male,0,Yes,Yes,55,49+,Two year,No,Mailed check,20.5,1177.95,No,0.0042,Low,1.03
3190-XFANI,Male,0,No,Yes,49,49+,One year,Fiber optic,Bank transfer (automatic),100.6,5069.65,Yes,0.1996,Low,240.96
7551-DACSP,Male,0,Yes,Yes,6,0-12,Month-to-month,DSL,Mailed check,55.3,324.25,Yes,0.2977,Low,197.55
4957-SREEC,Male,0,Yes,Yes,70,49+,Two year,No,Credit card (automatic),20.35,1458.1,No,0.0019,Low,0.46
7235-NXZCP,Male,1,No,No,2,0-12,Month-to-month,Fiber optic,Mailed check,74.85,156.4,Yes,0.7252,High,651.37
0230-UBYPQ,Male,1,Yes,No,63,49+,One year,DSL,Bank transfer (automatic),36.1,2298.9,No,0.0163,Low,7.06
4923-ADWXJ,Female,0,No,No,25,25-48,Month-to-month,DSL,Bank transfer (automatic),65.8,1679.65,No,0.1781,Low,140.63
1763-KUAAW,Female,1,No,No,18,13-24,One year,No,Bank transfer (automatic),20.35,369.6,No,0.0534,Low,13.04
1104-TNLZA,Male,1,Yes,No,28,25-48,Month-to-month,Fiber optic,Electronic check,105.8,2998.0,No,0.6213,High,788.8
5195-KPUNQ,Female,1,No,No,53,49+,One year,Fiber optic,Mailed check,96.75,5206.55,No,0.0928,Low,107.74
0520-FDVVT,Male,0,No,No,35,25-48,One year,Fiber optic,Bank transfer (automatic),102.35,3626.1,Yes,0.2754,Low,338.25
3439-GVUSX,Male,0,No,No,1,0-12,Month-to-month,DSL,Mailed check,24.4,24.4,No,0.4929,Medium,144.32
1444-VVSGW,Male,0,Yes,No,70,49+,One year,Fiber optic,Credit card (automatic),115.65,7968.85,Yes,0.0697,Low,96.73
5712-PTIWW,Male,0,No,No,2,0-12,Month-to-month,Fiber optic,Electronic check,79.85,152.45,Yes,0.6067,High,581.34
5949-HGVJL,Female,0,Yes,No,26,25-48,Month-to-month,DSL,Electronic check,73.05,1959.5,No,0.3089,Medium,270.78
5203-XEHAX,Female,0,No,No,34,25-48,One year,DSL,Electronic check,64.35,2053.05,No,0.0694,Low,53.59
1635-HDGFT,Female,0,No,Yes,19,13-24,Two year,No,Mailed check,20.5,398.55,No,0.0201,Low,4.94
3315-TOTBP,Male,0,No,No,15,13-24,Month-to-month,Fiber optic,Mailed check,76.0,1130.85,Yes,0.5884,High,536.62
8050-XGRVL,Female,0,Yes,Yes,62,49+,One year,DSL,Credit card (automatic),54.75,3425.35,No,0.012,Low,7.88
6661-HBGWL,Female,1,No,No,42,25-48,Month-to-month,Fiber optic,Bank transfer (automatic),104.75,4323.45,Yes,0.5066,High,636.8
1518-VOWAV,Female,0,No,No,9,0-12,Month-to-month,DSL,Electronic check,74.65,703.55,Yes,0.412,Medium,369.07
9828-QHFBK,Male,0,No,No,24,13-24,Month-to-month,DSL,Electronic check,51.15,1275.7,No,0.2191,Low,134.48
3908-MKIMJ,Male,1,Yes,No,68,49+,Two year,DSL,Electronic check,41.95,2965.75,No,0.0182,Low,9.16
5012-YSPJJ,Male,0,Yes,Yes,31,25-48,Month-to-month,DSL,Mailed check,54.35,1647.0,No,0.0866,Low,56.48
5909-ECHUI,Female,0,No,No,1,0-12,Month-to-month,DSL,Electronic check,56.25,56.25,Yes,0.5581,High,376.72
1309-BXVOQ,Male,0,Yes,No,21,13-24,Month-to-month,Fiber optic,Electronic check,106.1,2249.95,Yes,0.6598,High,840.06
6728-VOIFY,Female,0,Yes,No,63,49+,One year,Fiber optic,Electronic check,96.0,6109.75,No,0.2058,Low,237.08
9317-WZPGV,Female,1,No,No,2,0-12,Month-to-month,Fiber optic,Bank transfer (automatic),79.75,159.4,Yes,0.6926,High,662.82
4891-NLUBA,Female,0,Yes,Yes,61,49+,Two year,DSL,Bank transfer (automatic),61.45,3751.15,No,0.0236,Low,17.4
2856-HYAPG,Female,0,No,No,1,0-12,Month-to-month,Fiber optic,Electronic check,68.65,68.65,Yes,0.628,High,517.35
8969-PRHFK,Male,0,No,No,18,13-24,One year,No,Mailed check,19.65,411.25,No,0.0527,Low,12.43
0661-KQHNK,Female,0,Yes,Yes,6,0-12,One year,No,Credit card (automatic),19.0,105.5,No,0.0648,Low,14.77
8709-KRDVL,Female,0,No,No,33,25-48,Month-to-month,Fiber optic,Electronic check,100.0,3320.6,No,0.6287,High,754.44
4488-PSYCG,Male,0,No,No,16,13-24,Month-to-month,No,Bank transfer (automatic),20.25,327.45,Yes,0.0998,Low,24.25
1427-VERSM,Female,0,Yes,No,56,49+,Month-to-month,Fiber optic,Electronic check,98.7,5669.5,No,0.3633,Medium,430.29
9801-NOSHQ,Male,0,No,Yes,23,13-24,One year,No,Mailed check,19.8,465.45,No,0.0336,Low,7.98
6339-YPSAH,Male,0,No,No,9,0-12,Month-to-month,Fiber optic,Electronic check,73.8,704.3,No,0.6482,High,574.05
3621-CEOVK,Female,1,Yes,No,14,13-24,Month-to-month,Fiber optic,Electronic check,100.2,1369.8,Yes,0.7689,High,924.53
6906-ANDWJ,Male,0,Yes,Yes,15,13-24,Month-to-month,Fiber optic,Bank transfer (automatic),74.9,1107.25,Yes,0.526,High,472.77
2159-TURXX,Male,0,No,No,5,0-12,Month-to-month,No,Credit card (automatic),20.05,95.55,No,0.1514,Low,36.43
1548-FEHVL,Male,0,Yes,No,61,49+,Month-to-month,Fiber optic,Electronic check,106.2,6375.2,No,0.3517,Medium,448.21
3795-CAWEX,Male,0,Yes,Yes,70,49+,Two year,Fiber optic,Credit card (automatic),116.55,8152.3,No,0.043,Low,60.14
6215-NQCPY,Male,0,No,No,15,13-24,Month-to-month,Fiber optic,Electronic check,99.7,1566.75,No,0.6943,High,830.66
5647-URDKA,Male,0,Yes,Yes,8,0-12,Two year,No,Mailed check,19.7,130.25,No,0.0348,Low,8.23
2229-DPMBI,Female,0,Yes,Yes,8,0-12,Two year,No,Mailed check,19.5,162.15,No,0.0345,Low,8.07
9626-WEQRM,Female,0,No,No,4,0-12,Month-to-month,DSL,Mailed check,29.15,110.05,No,0.4428,Medium,154.89
2188-SXWVT,Female,0,No,No,34,25-48,One year,DSL,Mailed check,55.0,1885.15,No,0.0399,Low,26.33
6258-PVZWJ,Male,0,Yes,No,68,49+,Two year,DSL,Credit card (automatic),90.8,6302.85,No,0.0185,Low,20.16
1094-BKOSX,Female,0,Yes,Yes,45,25-48,One year,DSL,Bank transfer (automatic),51.0,2264.5,No,0.0405,Low,24.79
6969-MVBAI,Female,1,No,No,9,0-12,Month-to-month,Fiber optic,Electronic check,90.1,816.8,No,0.7729,High,835.66
2978-XXSOG,Female,0,No,No,22,13-24,Month-to-month,DSL,Mailed check,59.05,1253.5,No,0.1782,Low,126.27
2342-CKIAO,Female,0,No,No,2,0-12,Month-to-month,No,Mailed check,20.3,41.2,No,0.1816,Low,44.24
6953-PBDIN,Male,0,Yes,No,70,49+,Two year,DSL,Bank transfer (automatic),72.95,5265.55,No,0.0127,Low,11.12
3898-BSJYF,Female,0,No,Yes,10,0-12,One year,DSL,Credit card (automatic),73.55,693.3,No,0.0942,Low,83.14
3938-YFPXD,Male,0,No,No,72,49+,Two year,DSL,Credit card (automatic),84.3,5997.1,No,0.012,Low,12.14
7696-AMHOD,Female,0,Yes,Yes,49,49+,One year,DSL,Credit card (automatic),78.0,3824.2,No,0.0441,Low,41.28
2453-SAFNS,Female,1,No,No,54,49+,One year,DSL,Mailed check,72.1,3886.05,No,0.0432,Low,37.38
9558-IHEZX,Female,0,No,No,71,49+,Two year,Fiber optic,Credit card (automatic),106.75,7283.25,No,0.0662,Low,84.8
9617-UDPEU,Female,0,No,No,22,13-24,One year,No,Mailed check,19.25,412.55,No,0.0613,Low,14.16
6340-DACFT,Female,0,Yes,Yes,50,49+,Two year,No,Credit card (automatic),20.55,1070.25,No,0.0046,Low,1.13
4955-VCWBI,Female,0,Yes,Yes,43,25-48,One year,No,Mailed check,20.0,817.95,No,0.0135,Low,3.24
6813-GZQCG,Female,0,Yes,Yes,45,25-48,Two year,No,Credit card (automatic),24.65,1171.3,No,0.0118,Low,3.49
7426-GSWPO,Male,1,No,No,64,49+,Month-to-month,Fiber optic,Bank transfer (automatic),103.5,6548.65,No,0.2885,Low,358.32
3389-KTRXV,Female,0,Yes,Yes,23,13-24,Two year,No,Mailed check,23.85,625.65,No,0.0246,Low,7.04
3118-UHVVQ,Female,0,Yes,No,68,49+,Two year,No,Credit card (automatic),25.8,1911.5,No,0.0037,Low,1.15
1031-IIDEO,Female,0,No,No,1,0-12,Month-to-month,Fiber optic,Electronic check,70.85,70.85,Yes,0.6958,High,591.57
5832-XKAES,Male,0,No,No,2,0-12,Month-to-month,Fiber optic,Credit card (automatic),69.8,134.7,Yes,0.606,High,507.59
3205-MXZRA,Male,0,No,No,26,25-48,One year,DSL,Credit card (automatic),59.45,1507.0,No,0.0771,Low,55.0
4701-AHWMW,Male,0,Yes,No,55,49+,Month-to-month,DSL,Bank transfer (automatic),54.55,2978.3,Yes,0.1493,Low,97.73
8317-BVKSO,Male,0,No,No,14,13-24,Month-to-month,No,Electronic check,20.05,299.3,No,0.2067,Low,49.73
5702-KVQRD,Male,0,Yes,No,71,49+,Two year,DSL,Electronic check,82.55,5832.65,No,0.0185,Low,18.33
0083-PIVIK,Male,0,No,No,64,49+,One year,DSL,Electronic check,81.25,5567.55,No,0.0299,Low,29.15
9210-IAHGH,Female,0,No,No,7,0-12,Month-to-month,DSL,Credit card (automatic),70.75,450.8,Yes,0.3703,Medium,314.38
6169-PGNCD,Female,0,No,No,57,49+,Two year,DSL,Credit card (automatic),74.3,4166.35,No,0.0121,Low,10.79
0023-XUOPT,Female,0,Yes,No,13,13-24,Month-to-month,Fiber optic,Electronic check,94.1,1215.6,Yes,0.6164,High,696.04
4592-IWTJI,Female,0,Yes,Yes,3,0-12,Month-to-month,DSL,Credit card (automatic),29.7,91.7,Yes,0.2923,Low,104.18
4909-JOUPP,Male,1,Yes,No,72,49+,Two year,Fiber optic,Credit card (automatic),109.7,7898.45,No,0.0585,Low,77.01
4657-FWVFY,Female,0,Yes,Yes,40,25-48,Month-to-month,Fiber optic,Credit card (automatic),96.35,3915.4,No,0.3508,Medium,405.59
2257-BOVXD,Male,0,Yes,No,14,13-24,Month-to-month,DSL,Credit card (automatic),66.6,979.5,No,0.3356,Medium,268.21
7729-JTEEC,Male,0,Yes,Yes,2,0-12,Month-to-month,DSL,Electronic check,44.5,90.05,No,0.4601,Medium,245.69
7632-MNYOY,Male,1,No,No,66,49+,One year,Fiber optic,Credit card (automatic),110.9,7432.05,Yes,0.1222,Low,162.62
6518-LGAOV,Female,0,Yes,No,38,25-48,Month-to-month,Fiber optic,Electronic check,105.0,4026.4,Yes,0.5546,High,698.8
7242-QZLXF,Male,0,No,Yes,1,0-12,Month-to-month,DSL,Electronic check,25.3,25.3,Yes,0.5974,High,181.37
4576-CSAJH,Male,0,No,No,22,13-24,One year,DSL,Credit card (automatic),55.15,1193.05,Yes,0.083,Low,54.93
1000-AJSLD,Male,0,No,No,1,0-12,Month-to-month,No,Mailed check,20.1,20.1,Yes,0.257,Low,61.99
9696-RMYBA,Male,0,No,No,5,0-12,Month-to-month,Fiber optic,Mailed check,80.1,398.55,No,0.6593,High,633.72
8690-UPCZI,Male,0,Yes,Yes,29,25-48,One year,DSL,Bank transfer (automatic),69.05,1958.45,No,0.0556,Low,46.07
1062-LHZOD,Male,0,Yes,Yes,1,0-12,Month-to-month,Fiber optic,Mailed check,69.9,69.9,Yes,0.5907,High,495.48
9770-LXDBK,Female,0,No,No,3,0-12,Month-to-month,No,Mailed check,20.4,63.15,No,0.1745,Low,42.72
4086-WITJG,Male,0,Yes,Yes,71,49+,Two year,No,Credit card (automatic),19.7,1301.1,No,0.0018,Low,0.43
8344-WFMFH,Male,0,No,Yes,9,0-12,Month-to-month,DSL,Electronic check,50.1,484.05,No,0.345,Medium,207.41
9600-NAXZN,Male,0,No,No,43,25-48,Month-to-month,Fiber optic,Electronic check,101.4,4528.0,Yes,0.5684,High,691.63
8822-KNBHV,Female,0,No,No,48,25-48,One year,DSL,Credit card (automatic),83.45,3887.85,No,0.0803,Low,80.41
8404-FYDIB,Male,0,No,No,26,25-48,Month-to-month,Fiber optic,Credit card (automatic),86.65,2208.75,No,0.3352,Medium,348.54
2791-SFVEW,Female,0,No,No,9,0-12,Month-to-month,No,Bank transfer (automatic),20.15,238.15,No,0.1317,Low,31.85
6457-USBER,Male,0,No,No,1,0-12,Month-to-month,Fiber optic,Electronic check,80.8,80.8,Yes,0.7456,High,722.93
6762-NSODU,Female,0,Yes,Yes,46,25-48,Two year,No,Credit card (automatic),19.4,958.15,No,0.0056,Low,1.3
4662-EKDPQ,Male,0,No,No,2,0-12,Month-to-month,DSL,Bank transfer (automatic),62.05,118.3,Yes,0.4319,Medium,321.59
9248-OJYKK,Male,1,No,No,1,0-12,Month-to-month,Fiber optic,Electronic check,76.45,76.45,Yes,0.7792,High,714.84
9888-ZCUMM,Male,0,Yes,Yes,64,49+,Two year,DSL,Bank transfer (automatic),60.05,3845.45,No,0.0174,Low,12.54
3398-FSHON,Female,1,No,No,12,0-12,Month-to-month,Fiber optic,Electronic check,91.3,1094.5,Yes,0.7238,High,793.0
3319-DWOEP,Male,1,Yes,No,6,0-12,Month-to-month,Fiber optic,Electronic check,95.75,573.75,Yes,0.7828,High,899.44
1074-WVEVG,Female,0,Yes,No,59,49+,One year,No,Mailed check,20.35,1267.0,No,0.0083,Low,2.03
9979-RGMZT,Female,0,No,No,7,0-12,One year,Fiber optic,Mailed check,94.05,633.45,No,0.4908,Medium,553.92
6437-UDQJM,Female,1,Yes,No,72,49+,Two year,DSL,Credit card (automatic),84.1,6129.65,No,0.025,Low,25.23
1226-IENZN,Male,1,No,No,16,13-24,Month-to-month,Fiber optic,Electronic check,78.75,1218.25,No,0.6863,High,648.55
2108-GLPQB,Male,0,Yes,No,25,25-48,Month-to-month,DSL,Credit card (automatic),55.55,1405.3,No,0.2029,Low,135.25
9259-PACGQ,Female,0,Yes,No,34,25-48,Month-to-month,DSL,Electronic check,62.65,2274.9,Yes,0.1111,Low,83.52
4415-IJZTP,Female,0,No,No,1,0-12,Month-to-month,Fiber optic,Electronic check,74.5,74.5,Yes,0.7603,High,679.71
1465-VINDH,Female,0,Yes,Yes,10,0-12,Month-to-month,Fiber optic,Credit card (automatic),102.1,1068.85,Yes,0.6465,High,792.09
5474-LAMUQ,Male,0,Yes,No,24,13-24,One year,No,Mailed check,20.1,533.9,No,0.0409,Low,9.87
3468-DRVQJ,Female,0,Yes,Yes,10,0-12,One year,DSL,Electronic check,70.3,676.15,No,0.1615,Low,136.24
1122-YJBCS,Male,0,Yes,No,69,49+,One year,DSL,Credit card (automatic),53.65,3804.4,No,0.0153,Low,9.85
4990-ALDGW,Male,0,No,No,57,49+,Two year,No,Mailed check,20.75,1118.8,No,0.0045,Low,1.12
4816-OKWNX,Male,0,Yes,Yes,50,49+,One year,Fiber optic,Bank transfer (automatic),103.4,5236.4,No,0.1399,Low,173.59
3315-IKYZQ,Male,0,Yes,Yes,28,25-48,One year,DSL,Mailed check,50.8,1386.8,No,0.0661,Low,40.29
2810-FTLEM,Female,0,No,No,16,13-24,Month-to-month,DSL,Electronic check,50.15,762.25,Yes,0.2737,Low,164.71
4747-LCAQL,Male,0,No,No,25,25-48,Month-to-month,DSL,Mailed check,79.0,1902.0,No,0.1782,Low,168.93
3411-WLRSQ,Female,1,Yes,No,3,0-12,Month-to-month,Fiber optic,Bank transfer (automatic),74.6,239.05,No,0.6003,High,537.39
0898-XCGTF,Male,0,Yes,No,61,49+,One year,Fiber optic,Bank transfer (automatic),96.5,5673.7,No,0.2205,Low,255.34
8006-PYCSW,Female,0,No,No,2,0-12,Month-to-month,No,Mailed check,20.1,39.8,No,0.1824,Low,43.99
8249-THVEC,Male,0,Yes,Yes,51,49+,One year,No,Mailed check,19.4,997.75,No,0.0098,Low,2.28
8722-PRFDV,Female,0,Yes,Yes,71,49+,Two year,DSL,Credit card (automatic),77.55,5574.35,No,0.0091,Low,8.47
2164-SOQXL,Female,0,Yes,Yes,20,13-24,Month-to-month,No,Mailed check,20.05,406.05,No,0.074,Low,17.8
4020-KIUDI,Male,0,Yes,Yes,6,0-12,Month-to-month,No,Credit card (automatic),19.85,138.85,No,0.1232,Low,29.35
5850-BDWCY,Female,0,No,No,6,0-12,Month-to-month,No,Mailed check,20.2,123.65,No,0.1564,Low,37.91
2038-YSEZE,Female,0,No,No,29,25-48,Month-to-month,DSL,Mailed check,67.45,1801.1,No,0.0824,Low,66.69
0827-ITJPH,Male,0,No,No,36,25-48,Two year,No,Credit card (automatic),18.55,689.0,No,0.0162,Low,3.61
8799-OXZMD,Female,0,No,No,28,25-48,Month-to-month,DSL,Mailed check,29.75,790.7,No,0.2853,Low,101.85
1925-TIBLE,Female,0,Yes,No,7,0-12,Month-to-month,Fiber optic,Electronic check,86.5,582.5,Yes,0.7594,High,788.26
1705-GUHPV,Female,0,No,No,63,49+,Two year,No,Mailed check,24.2,1618.2,No,0.0051,Low,1.48
4779-ZGICK,Male,0,Yes,Yes,48,25-48,Two year,No,Mailed check,23.55,1173.35,No,0.0083,Low,2.35
0048-PIHNL,Female,0,Yes,No,49,49+,One year,No,Bank transfer (automatic),20.45,900.9,No,0.0117,Low,2.87
0818-OCPZO,Male,1,No,No,27,25-48,Month-to-month,Fiber optic,Electronic check,81.45,2122.05,Yes,0.5587,High,546.07
3967-KXAPS,Male,0,Yes,No,72,49+,Two year,DSL,Credit card (automatic),92.3,6719.9,No,0.0111,Low,12.29
1447-GIQMR,Male,0,Yes,No,1,0-12,Month-to-month,Fiber optic,Electronic check,69.15,69.15,Yes,0.7156,High,593.8
3704-IEAXF,Female,0,Yes,Yes,72,49+,Two year,DSL,Credit card (automatic),53.65,3784.0,No,0.0105,Low,6.76
6810-VCAEX,Female,0,No,No,47,25-48,One year,DSL,Credit card (automatic),39.65,1798.65,No,0.0227,Low,10.8
0674-EYYZV,Female,0,No,No,1,0-12,Month-to-month,DSL,Electronic check,54.65,54.65,No,0.5701,High,373.87
4480-MBMLB,Female,0,No,No,36,25-48,One year,Fiber optic,Bank transfer (automatic),104.8,3886.45,No,0.3501,Medium,440.29
1395-OFUWC,Male,0,Yes,Yes,43,25-48,Month-to-month,DSL,Credit card (automatic),29.3,1224.05,No,0.0863,Low,30.34
0822-QGCXA,Female,1,Yes,No,27,25-48,Month-to-month,DSL,Electronic check,83.85,2310.2,No,0.3135,Medium,315.44
0872-NXJYS,Female,0,No,No,9,0-12,Month-to-month,Fiber optic,Electronic check,79.55,723.4,Yes,0.6971,High,665.45
2832-KJCRD,Female,0,No,No,38,25-48,Month-to-month,Fiber optic,Electronic check,103.65,3988.5,No,0.5573,High,693.17
3588-WSTTJ,Female,1,No,No,35,25-48,Month-to-month,Fiber optic,Electronic check,99.05,3554.6,No,0.5996,High,712.68
4075-WKNIU,Female,0,Yes,Yes,0,0-12,Two year,DSL,Mailed check,73.35,0.0,No,0.0996,Low,87.67
5090-EMGTC,Female,0,Yes,No,59,49+,Two year,Fiber optic,Mailed check,100.05,6034.85,No,0.0768,Low,92.21
2346-CZYIL,Male,0,No,No,27,25-48,Two year,No,Credit card (automatic),20.35,531.6,No,0.0161,Low,3.93
3798-EPWRR,Female,1,No,No,2,0-12,Month-to-month,DSL,Electronic check,43.95,85.1,No,0.453,Medium,238.91
6258-NGCNG,Male,0,No,No,7,0-12,Month-to-month,No,Mailed check,23.5,173.0,No,0.2033,Low,57.33
4186-ZBUEW,Female,0,No,No,36,25-48,One year,DSL,Mailed check,70.7,2511.95,No,0.0968,Low,82.13
5274-XHAKY,Female,0,Yes,Yes,41,25-48,Month-to-month,Fiber optic,Bank transfer (automatic),94.3,3893.6,No,0.2767,Low,313.11
1442-BQPVU,Female,0,No,No,13,13-24,Month-to-month,DSL,Electronic check,29.15,357.15,No,0.391,Medium,136.77
3978-YNKDD,Male,0,No,Yes,19,13-24,Two year,No,Credit card (automatic),20.85,467.5,No,0.0186,Low,4.65
4940-KHCWD,Female,0,Yes,No,60,49+,Two year,DSL,Bank transfer (automatic),37.7,2288.7,No,0.0077,Low,3.48
9412-ARGBX,Female,0,No,Yes,48,25-48,Two year,Fiber optic,Mailed check,95.5,4627.85,Yes,0.0587,Low,67.27
1389-CXMLU,Male,1,No,No,3,0-12,Month-to-month,Fiber optic,Electronic check,91.05,289.1,Yes,0.7371,High,805.36
9589-ABEPT,Male,0,Yes,No,69,49+,Two year,Fiber optic,Mailed check,92.45,6460.55,No,0.0613,Low,68.01
9388-ZEYVT,Male,0,No,No,43,25-48,One year,DSL,Electronic check,44.15,1931.3,No,0.0916,Low,48.53
0305-SQECB,Female,0,No,Yes,11,0-12,One year,DSL,Mailed check,36.05,402.6,No,0.1327,Low,57.41
7605-SNLQG,Female,0,Yes,No,45,25-48,Month-to-month,DSL,Credit card (automatic),50.25,2221.55,No,0.1073,Low,64.7
4670-TABXH,Male,0,Yes,No,72,49+,Two year,Fiber optic,Credit card (automatic),109.75,7758.9,No,0.0701,Low,92.32
5561-NWEVX,Female,1,Yes,No,2,0-12,Month-to-month,Fiber optic,Electronic check,79.2,172.85,Yes,0.7087,High,673.55
0064-SUDOG,Female,0,Yes,Yes,12,0-12,Two year,No,Bank transfer (automatic),20.3,224.5,No,0.0261,Low,6.36
8561-NMTBD,Female,0,Yes,Yes,67,49+,One year,Fiber optic,Credit card (automatic),112.35,7388.45,No,0.1114,Low,150.19
5161-XEUVX,Male,0,Yes,No,37,25-48,Two year,Fiber optic,Mailed check,94.3,3460.95,No,0.1106,Low,125.15
8292-FRFZQ,Female,0,No,No,39,25-48,One year,DSL,Bank transfer (automatic),41.15,1700.9,No,0.0324,Low,16.0
8591-NXRCV,Female,0,No,No,41,25-48,Month-to-month,DSL,Bank transfer (automatic),74.65,3090.65,No,0.1208,Low,108.21
7895-VONWT,Female,0,No,No,25,25-48,Month-to-month,DSL,Electronic check,48.25,1293.8,No,0.5356,High,310.11
4526-RMTLL,Male,0,Yes,Yes,8,0-12,Two year,DSL,Credit card (automatic),76.15,645.8,No,0.0663,Low,60.58
6253-GNHWH,Female,0,Yes,Yes,71,49+,Two year,DSL,Mailed check,71.1,5224.95,No,0.0048,Low,4.1
4566-NECEV,Male,0,No,No,5,0-12,Month-to-month,Fiber optic,Electronic check,96.55,500.1,No,0.655,High,758.88
8080-POTJR,Female,0,No,No,30,25-48,One year,DSL,Credit card (automatic),79.3,2427.1,No,0.1532,Low,145.79
6906-MPARY,Male,0,No,No,40,25-48,One year,Fiber optic,Credit card (automatic),89.6,3488.15,No,0.1478,Low,158.91
3662-FXJFO,Female,0,No,No,54,49+,Two year,No,Mailed check,20.5,1035.7,No,0.0073,Low,1.8
8107-RZLNV,Male,0,Yes,No,72,49+,Two year,Fiber optic,Bank transfer (automatic),106.3,7565.35,No,0.0936,Low,119.4
0516-OOHAR,Male,0,Yes,Yes,28,25-48,One year,Fiber optic,Bank transfer (automatic),100.35,2799.0,No,0.2116,Low,254.81
2027-CWDNU,Male,0,Yes,Yes,18,13-24,Month-to-month,Fiber optic,Electronic check,85.6,1601.5,No,0.4976,Medium,511.13
2737-WFVYW,Female,0,No,No,2,0-12,Month-to-month,DSL,Electronic check,45.25,85.5,Yes,0.7326,High,397.8
9912-OMZDS,Female,0,Yes,Yes,59,49+,One year,Fiber optic,Electronic check,106.15,6256.2,No,0.249,Low,317.18
3733-ZEECP,Male,0,Yes,Yes,22,13-24,Month-to-month,DSL,Electronic check,51.1,1232.9,No,0.209,Low,128.16
7878-RTCZG,Female,0,No,No,1,0-12,Month-to-month,No,Mailed check,19.9,19.9,No,0.1903,Low,45.44
2452-MRMZF,Female,1,Yes,No,72,49+,Two year,No,Credit card (automatic),25.7,1937.4,No,0.0051,Low,1.57
2272-QAGFO,Female,1,No,No,14,13-24,Month-to-month,Fiber optic,Electronic check,74.3,1096.25,Yes,0.7068,High,630.18
7103-IPXPJ,Male,0,Yes,No,50,49+,One year,Fiber optic,Electronic check,99.4,5059.75,No,0.2417,Low,288.3
4342-HFXWS,Female,0,Yes,Yes,48,25-48,One year,DSL,Bank transfer (automatic),69.7,3023.65,No,0.0195,Low,16.31
3545-CNWRG,Female,0,Yes,Yes,49,49+,Month-to-month,Fiber optic,Electronic check,98.35,4889.2,No,0.4802,Medium,566.73
1785-BPHTP,Male,0,Yes,Yes,28,25-48,Month-to-month,Fiber optic,Electronic check,85.45,2289.9,No,0.4036,Medium,413.85
4989-LIXVT,Male,1,No,No,68,49+,Month-to-month,Fiber optic,Electronic check,95.9,6503.2,No,0.3448,Medium,396.8
7315-WYOAW,Male,0,No,No,13,13-24,Month-to-month,Fiber optic,Electronic check,100.75,1313.25,No,0.6256,High,756.35
1173-XZPYF,Female,0,No,No,11,0-12,Month-to-month,Fiber optic,Electronic check,89.2,990.3,No,0.7403,High,792.42
9850-OWRHQ,Female,0,Yes,No,3,0-12,Month-to-month,Fiber optic,Credit card (automatic),74.1,228.0,Yes,0.6697,High,595.5
3768-NLUBH,Male,1,Yes,No,57,49+,Month-to-month,Fiber optic,Electronic check,100.6,5746.15,Yes,0.4506,Medium,543.96
8676-TRMJS,Male,0,No,No,3,0-12,Month-to-month,Fiber optic,Mailed check,75.0,209.1,Yes,0.602,High,541.8
2509-TFPJU,Male,0,Yes,No,72,49+,Two year,No,Credit card (automatic),25.75,1864.2,No,0.0031,Low,0.96
9530-GRMJG,Male,0,Yes,Yes,70,49+,Two year,DSL,Electronic check,84.1,5979.7,No,0.03,Low,30.28
6898-RBTLU,Female,0,Yes,Yes,49,49+,Two year,DSL,Bank transfer (automatic),79.3,3902.45,No,0.0258,Low,24.55
5481-NTDOH,Female,1,Yes,No,67,49+,One year,Fiber optic,Credit card (automatic),107.05,7142.5,No,0.1643,Low,211.06
2068-WWXQZ,Male,0,No,No,46,25-48,Two year,No,Bank transfer (automatic),20.05,902.0,No,0.0071,Low,1.71
7359-SSBJK,Female,1,No,No,64,49+,Two year,DSL,Credit card (automatic),70.2,4481.0,Yes,0.0107,Low,9.01
2061-VVFST,Female,0,Yes,No,37,25-48,Month-to-month,No,Bank transfer (automatic),19.5,805.2,No,0.0421,Low,9.85
0685-MLYYM,Female,1,No,No,2,0-12,Month-to-month,Fiber optic,Electronic check,70.75,154.85,Yes,0.6393,High,542.77
0749-IRGQE,Female,1,Yes,No,13,13-24,Month-to-month,DSL,Electronic check,45.3,528.45,No,0.586,High,318.55
2380-DAMQP,Female,0,Yes,No,72,49+,Two year,Fiber optic,Electronic check,115.15,8349.7,No,0.0538,Low,74.34
2256-YLYLP,Male,0,Yes,Yes,68,49+,Two year,DSL,Bank transfer (automatic),72.95,4953.25,No,0.0169,Low,14.79
1272-ILHFG,Male,0,Yes,Yes,15,13-24,One year,No,Mailed check,19.65,332.65,No,0.0493,Low,11.62
0164-XAIRP,Female,0,No,No,24,13-24,Two year,No,Bank transfer (automatic),19.55,470.2,No,0.0273,Low,6.4
5666-CYCYZ,Female,0,No,No,24,13-24,Month-to-month,Fiber optic,Electronic check,89.55,2259.35,No,0.5833,High,626.81
4011-ARPHK,Male,0,No,No,27,25-48,Month-to-month,DSL,Mailed check,50.35,1411.35,No,0.1147,Low,69.3
8182-PNAGI,Male,0,No,No,12,0-12,Month-to-month,DSL,Bank transfer (automatic),50.25,593.75,Yes,0.1831,Low,110.41
6365-HITVU,Female,0,Yes,Yes,71,49+,Two year,DSL,Credit card (automatic),87.25,6328.7,No,0.0063,Low,6.6
7558-IMLMT,Male,0,Yes,Yes,67,49+,Two year,No,Mailed check,20.8,1411.9,No,0.0034,Low,0.85
9488-FYQAU,Female,0,Yes,No,63,49+,Two year,Fiber optic,Bank transfer (automatic),109.25,6841.4,No,0.09,Low,117.99
3590-TCXTB,Male,0,No,No,1,0-12,Month-to-month,No,Mailed check,20.35,20.35,No,0.1916,Low,46.79
6994-KERXL,Male,0,No,No,4,0-12,Month-to-month,DSL,Electronic check,55.9,238.5,No,0.5391,High,361.63
7957-RYHQD,Female,1,No,No,40,25-48,Month-to-month,Fiber optic,Credit card (automatic),79.2,3233.85,Yes,0.2233,Low,212.22
2180-DXNEG,Female,0,No,No,12,0-12,Month-to-month,Fiber optic,Electronic check,96.0,1062.1,Yes,0.71,High,817.92
1960-UOTYM,Male,0,Yes,Yes,52,49+,Two year,DSL,Electronic check,79.2,4016.3,No,0.0236,Low,22.43
2740-JFBOK,Male,0,No,No,10,0-12,Month-to-month,No,Electronic check,24.0,226.55,No,0.3009,Medium,86.66
6500-JVEGC,Male,0,No,No,68,49+,One year,Fiber optic,Bank transfer (automatic),101.35,7110.75,No,0.0728,Low,88.54
5515-AKOAJ,Female,0,No,No,54,49+,Month-to-month,Fiber optic,Electronic check,100.1,5440.9,Yes,0.4376,Medium,525.65
8976-OQHGT,Female,0,Yes,Yes,4,0-12,Month-to-month,DSL,Mailed check,56.5,235.1,Yes,0.1766,Low,119.73
5245-VDBUR,Female,0,Yes,No,52,49+,One year,DSL,Mailed check,35.45,1958.95,No,0.0335,Low,14.25
6230-BSUXY,Female,1,No,No,1,0-12,Month-to-month,Fiber optic,Electronic check,85.0,85.0,Yes,0.7651,High,780.4
8469-SNFFH,Male,0,Yes,No,70,49+,One year,DSL,Bank transfer (automatic),79.4,5528.9,No,0.0164,Low,15.63
2144-ESWKO,Male,0,No,No,43,25-48,One year,DSL,Credit card (automatic),35.2,1463.7,No,0.0601,Low,25.39
1241-FPMOF,Male,0,No,No,52,49+,Two year,No,Mailed check,19.65,1025.05,No,0.0059,Low,1.39
9928-BZVLZ,Female,0,No,No,12,0-12,Two year,DSL,Mailed check,49.85,552.1,No,0.0766,Low,45.82
4114-QMKVN,Female,0,Yes,Yes,56,49+,One year,DSL,Bank transfer (automatic),68.75,3815.4,No,0.0268,Low,22.11
2775-SEFEE,Male,0,No,Yes,0,0-12,Two year,DSL,Bank transfer (automatic),61.9,0.0,No,0.078,Low,57.94
9003-CPATH,Male,0,No,No,42,25-48,Month-to-month,Fiber optic,Electronic check,79.9,3313.4,No,0.3589,Medium,344.11
1754-GKYPY,Male,1,Yes,No,22,13-24,Month-to-month,Fiber optic,Bank transfer (automatic),89.75,1938.9,No,0.6161,High,663.54
5294-CDGWY,Male,0,Yes,Yes,51,49+,One year,DSL,Electronic check,59.3,3014.65,Yes,0.0648,Low,46.11
7956-XQWGU,Male,0,No,No,27,25-48,Month-to-month,No,Credit card (automatic),19.4,460.25,No,0.0864,Low,20.11
1591-MQJTP,Male,1,Yes,No,51,49+,One year,Fiber optic,Bank transfer (automatic),93.65,4839.15,No,0.1969,Low,221.28
5295-PCJOO,Male,0,No,Yes,4,0-12,Month-to-month,DSL,Electronic check,49.4,184.4,Yes,0.3355,Medium,198.88
2369-FEVNO,Male,0,No,No,1,0-12,Month-to-month,No,Mailed check,19.9,19.9,No,0.2582,Low,61.66
9863-JZAIC,Male,0,No,No,35,25-48,Month-to-month,DSL,Mailed check,55.0,2010.55,Yes,0.1607,Low,106.06
7471-MQPOS,Male,1,Yes,Yes,71,49+,One year,DSL,Bank transfer (automatic),72.9,5139.65,No,0.0301,Low,26.33
7660-HDPJV,Female,0,No,No,1,0-12,Month-to-month,Fiber optic,Electronic check,69.2,69.2,Yes,0.7063,High,586.51
5115-SQAAU,Female,0,Yes,Yes,69,49+,Two year,No,Bank transfer (automatic),25.6,1673.4,No,0.004,Low,1.23
9845-QOMAD,Male,0,Yes,Yes,14,13-24,One year,No,Mailed check,19.75,309.35,No,0.0513,Low,12.16
7672-VFMXZ,Male,0,Yes,No,57,49+,Month-to-month,DSL,Electronic check,55.7,3171.6,No,0.0387,Low,25.87
9739-JLPQJ,Female,0,Yes,Yes,72,49+,Two year,Fiber optic,Credit card (automatic),117.5,8670.1,No,0.0291,Low,41.03
9916-AYHTC,Male,0,No,No,48,25-48,Two year,No,Credit card (automatic),19.85,916.0,No,0.0063,Low,1.5
3855-ONCAR,Female,0,Yes,Yes,4,0-12,Month-to-month,Fiber optic,Mailed check,78.9,299.75,No,0.622,High,588.91
1488-SYSFC,Male,0,Yes,Yes,31,25-48,Month-to-month,No,Electronic check,20.65,702.05,No,0.0885,Low,21.93
7931-PXHFC,Male,0,No,No,38,25-48,One year,DSL,Mailed check,62.3,2354.8,Yes,0.0838,Low,62.65
3990-QYKBE,Male,1,Yes,No,37,25-48,Month-to-month,Fiber optic,Electronic check,92.5,3473.4,Yes,0.6903,High,766.23
0970-QXPXW,Female,0,No,No,1,0-12,Month-to-month,No,Mailed check,19.65,19.65,No,0.1915,Low,45.16
3259-KNMRR,Male,1,No,No,57,49+,Two year,DSL,Bank transfer (automatic),79.75,4438.2,No,0.0546,Low,52.25
6120-RJKLU,Female,1,Yes,No,62,49+,Two year,DSL,Credit card (automatic),79.95,4819.75,No,0.0187,Low,17.94
9572-WUKSB,Male,0,Yes,No,3,0-12,Month-to-month,DSL,Electronic check,29.9,92.25,No,0.5489,High,196.95
5893-KCLGT,Female,0,No,Yes,72,49+,Two year,No,Mailed check,19.75,1567.0,No,0.0027,Low,0.64
0076-LVEPS,Male,0,No,Yes,29,25-48,Month-to-month,DSL,Mailed check,45.0,1242.45,No,0.1135,Low,61.29
3640-JQGJG,Male,0,Yes,Yes,13,13-24,Month-to-month,DSL,Bank transfer (automatic),44.8,559.2,No,0.2025,Low,108.86
4919-MOAVT,Male,0,No,Yes,3,0-12,Month-to-month,Fiber optic,Electronic check,69.65,220.1,Yes,0.5554,High,464.2
1596-OQSPS,Female,0,No,No,11,0-12,Month-to-month,DSL,Electronic check,51.1,531.15,No,0.2833,Low,173.72
9867-XOBQA,Female,0,No,Yes,21,13-24,Two year,DSL,Mailed check,53.15,1183.2,No,0.041,Low,26.15
9546-KDTRB,Female,0,No,No,19,13-24,Month-to-month,No,Bank transfer (automatic),24.7,465.85,No,0.1151,Low,34.12
3090-HAWSU,Male,0,No,No,61,49+,Two year,Fiber optic,Credit card (automatic),111.6,6876.05,Yes,0.072,Low,96.42
9820-RMCQV,Female,0,No,No,11,0-12,Month-to-month,DSL,Credit card (automatic),48.55,501.0,Yes,0.1795,Low,104.58
3174-RKMOW,Male,0,Yes,Yes,35,25-48,Month-to-month,Fiber optic,Electronic check,109.95,3782.4,No,0.4836,Medium,638.06
1760-CAZHT,Male,0,No,Yes,25,25-48,Month-to-month,No,Mailed check,20.8,460.2,No,0.058,Low,14.48
7839-QRKXN,Female,0,No,No,1,0-12,Month-to-month,No,Mailed check,20.2,20.2,Yes,0.2522,Low,61.13
8441-SHIPE,Female,0,No,No,67,49+,Two year,No,Bank transfer (automatic),25.6,1790.35,No,0.0056,Low,1.72
5204-QZXPU,Male,0,No,No,19,13-24,Month-to-month,DSL,Electronic check,39.65,733.35,Yes,0.5189,High,246.89
4597-ELFTS,Male,0,No,No,56,49+,One year,No,Electronic check,24.9,1334.0,Yes,0.0178,Low,5.32
1320-GVNHT,Male,0,Yes,Yes,72,49+,Two year,Fiber optic,Credit card (automatic),108.4,7767.25,No,0.0562,Low,73.1
1047-RNXZV,Male,0,No,No,43,25-48,Two year,No,Mailed check,19.55,876.15,No,0.0089,Low,2.09
3541-ZNUHK,Female,0,Yes,Yes,55,49+,Month-to-month,Fiber optic,Electronic check,85.1,4600.95,No,0.2028,Low,207.1
8450-JOVAH,Male,0,Yes,Yes,2,0-12,Month-to-month,DSL,Mailed check,56.7,113.55,Yes,0.2612,Low,177.72
8725-JEDFD,Male,0,No,No,27,25-48,Month-to-month,Fiber optic,Mailed check,69.05,1793.25,No,0.4201,Medium,348.09
7562-UXTPG,Female,0,No,No,13,13-24,Month-to-month,Fiber optic,Mailed check,70.15,886.7,No,0.5305,High,446.57
8071-SBTRN,Female,0,No,No,70,49+,Two year,Fiber optic,Mailed check,111.15,7737.55,No,0.0745,Low,99.37
1113-IUJYX,Female,0,Yes,No,14,13-24,One year,Fiber optic,Mailed check,105.95,1348.9,Yes,0.1926,Low,244.87
6668-CNMFP,Female,0,Yes,Yes,19,13-24,One year,Fiber optic,Bank transfer (automatic),89.35,1686.85,No,0.3044,Medium,326.38
5626-MGTUK,Female,0,No,No,20,13-24,Month-to-month,Fiber optic,Bank transfer (automatic),89.1,1879.25,No,0.5075,High,542.62
5681-LLOEI,Male,0,Yes,Yes,43,25-48,One year,Fiber optic,Credit card (automatic),91.25,4013.8,No,0.094,Low,102.93
8212-DJRCH,Male,0,Yes,Yes,5,0-12,Month-to-month,Fiber optic,Mailed check,90.35,434.5,No,0.4973,Medium,539.17
4323-OHFOW,Female,1,Yes,No,70,49+,One year,Fiber optic,Bank transfer (automatic),105.55,7195.35,No,0.1452,Low,183.91
4933-BSAIP,Female,0,Yes,No,40,25-48,Two year,No,Mailed check,19.1,780.1,No,0.0103,Low,2.36
2030-BTZRO,Male,0,Yes,Yes,6,0-12,Two year,No,Credit card (automatic),20.4,107.6,No,0.048,Low,11.75
1116-DXXDF,Male,0,No,No,39,25-48,Two year,Fiber optic,Electronic check,100.45,3801.7,No,0.1675,Low,201.9
9274-CNFMO,Male,1,Yes,No,4,0-12,Month-to-month,Fiber optic,Electronic check,74.95,308.7,Yes,0.7025,High,631.83
7758-XKCBS,Male,0,No,No,15,13-24,Month-to-month,DSL,Electronic check,29.7,438.25,Yes,0.4145,Medium,147.73
8992-JQYUN,Male,0,Yes,No,1,0-12,Month-to-month,DSL,Electronic check,50.35,50.35,Yes,0.7407,High,447.53
6563-VNPMN,Female,1,No,No,45,25-48,Month-to-month,Fiber optic,Bank transfer (automatic),85.7,3778.1,No,0.1464,Low,150.56
0617-AQNWT,Female,0,Yes,No,64,49+,Two year,DSL,Electronic check,47.85,3147.5,Yes,0.0158,Low,9.07
2267-WTPYD,Female,1,Yes,No,57,49+,Month-to-month,Fiber optic,Credit card (automatic),94.0,5438.95,No,0.258,Low,291.02
0270-THENM,Male,0,Yes,Yes,72,49+,Two year,DSL,Bank transfer (automatic),69.85,5102.35,No,0.0044,Low,3.69
2446-PLQVO,Male,0,No,No,1,0-12,Month-to-month,Fiber optic,Electronic check,70.3,70.3,Yes,0.7039,High,593.81
4707-MAXGU,Male,0,Yes,No,72,49+,Two year,No,Credit card (automatic),25.85,1872.2,No,0.0031,Low,0.96
2710-WYVXG,Female,0,No,No,3,0-12,Two year,DSL,Mailed check,71.1,213.35,No,0.0545,Low,46.5
3005-NFMTA,Male,1,No,No,55,49+,Month-to-month,Fiber optic,Electronic check,98.8,5617.75,Yes,0.4731,Medium,560.91
6300-BWMJX,Female,0,Yes,No,59,49+,Month-to-month,Fiber optic,Electronic check,93.35,5386.5,No,0.2549,Low,285.54
8784-CGILN,Female,0,No,No,18,13-24,Month-to-month,Fiber optic,Bank transfer (automatic),99.85,1776.95,Yes,0.5887,High,705.38
5389-FFVKB,Male,1,Yes,No,32,25-48,Month-to-month,Fiber optic,Credit card (automatic),80.3,2483.05,Yes,0.4557,Medium,439.11
7009-LGECI,Female,0,No,No,4,0-12,Month-to-month,DSL,Bank transfer (automatic),50.55,235.65,No,0.2919,Low,177.07
8444-WRIDW,Female,1,No,No,66,49+,Month-to-month,Fiber optic,Credit card (automatic),80.45,5224.35,Yes,0.1925,Low,185.84
5022-KVDQT,Male,0,No,No,27,25-48,Month-to-month,Fiber optic,Electronic check,81.3,2272.8,No,0.5665,High,552.68
7976-CICYS,Male,0,No,No,4,0-12,Month-to-month,No,Credit card (automatic),20.7,83.75,No,0.21,Low,52.16
1036-GUDCL,Male,0,Yes,Yes,60,49+,Month-to-month,DSL,Credit card (automatic),79.05,4663.4,No,0.0483,Low,45.82
2005-DWQZJ,Female,0,Yes,Yes,8,0-12,Two year,No,Mailed check,19.05,201.7,No,0.0352,Low,8.05
8148-WOCMK,Male,0,Yes,Yes,8,0-12,Two year,No,Credit card (automatic),19.6,125.0,No,0.0314,Low,7.39
7815-PDTHL,Male,0,No,No,35,25-48,Two year,No,Mailed check,20.2,684.4,No,0.018,Low,4.36
9451-LPGOO,Male,0,No,No,7,0-12,Month-to-month,Fiber optic,Electronic check,86.8,620.35,Yes,0.7593,High,790.89
9173-IVZVP,Female,0,Yes,Yes,53,49+,Two year,No,Mailed check,20.9,1146.05,No,0.0044,Low,1.1
9129-UXERG,Female,1,No,No,18,13-24,Month-to-month,Fiber optic,Credit card (automatic),103.6,1806.35,No,0.5836,High,725.53
3635-JBPSG,Female,0,No,No,15,13-24,Two year,DSL,Mailed check,38.8,603.0,No,0.1731,Low,80.6
7964-ZRKKG,Male,0,Yes,No,67,49+,One year,Fiber optic,Bank transfer (automatic),88.4,5798.3,No,0.1369,Low,145.22
5868-YWPDW,Male,1,Yes,No,6,0-12,Month-to-month,Fiber optic,Electronic check,84.2,519.15,Yes,0.7228,High,730.32
6229-LSCKB,Male,1,No,No,6,0-12,Month-to-month,Fiber optic,Electronic check,79.7,497.6,No,0.7493,High,716.63
2025-JKFWI,Male,0,No,No,13,13-24,Month-to-month,Fiber optic,Mailed check,99.0,1301.7,Yes,0.652,High,774.58
4078-SAYYN,Female,0,No,No,11,0-12,Month-to-month,Fiber optic,Electronic check,100.75,1129.75,Yes,0.7779,High,940.48
1724-IQWNM,Male,0,No,Yes,1,0-12,Month-to-month,No,Mailed check,19.3,19.3,No,0.2203,Low,51.02
8217-QYOHV,Male,0,No,No,5,0-12,Month-to-month,DSL,Mailed check,55.75,266.95,No,0.2297,Low,153.67
5546-QUERU,Male,0,No,No,13,13-24,One year,No,Mailed check,19.95,257.0,No,0.0902,Low,21.59
9940-HPQPG,Female,0,Yes,No,9,0-12,Month-to-month,Fiber optic,Bank transfer (automatic),91.75,865.8,Yes,0.374,Medium,411.77
6897-UUBNU,Male,0,No,No,29,25-48,Month-to-month,Fiber optic,Mailed check,89.65,2623.65,No,0.2782,Low,299.29
6127-IYJOZ,Male,1,No,No,1,0-12,Month-to-month,DSL,Mailed check,45.85,45.85,No,0.4702,Medium,258.7
6618-RYATB,Female,0,No,No,1,0-12,Month-to-month,Fiber optic,Mailed check,79.55,79.55,Yes,0.6912,High,659.82
8930-XOTDP,Female,0,Yes,Yes,18,13-24,Month-to-month,DSL,Mailed check,55.95,1082.8,No,0.2205,Low,148.04
5916-QEWPT,Female,0,Yes,No,2,0-12,Month-to-month,DSL,Credit card (automatic),69.0,147.8,No,0.423,Medium,350.24
5060-TQUQN,Male,0,Yes,Yes,30,25-48,Month-to-month,Fiber optic,Bank transfer (automatic),83.55,2570.2,No,0.3035,Medium,304.29
0531-XBKMM,Male,0,No,Yes,66,49+,Two year,DSL,Bank transfer (automatic),65.7,4378.9,No,0.005,Low,3.94
8465-SBRXP,Male,0,Yes,Yes,38,25-48,Two year,Fiber optic,Bank transfer (automatic),94.9,3616.25,No,0.1139,Low,129.71
2408-PSJVE,Male,0,Yes,Yes,44,25-48,Month-to-month,DSL,Mailed check,61.9,2924.05,No,0.0687,Low,51.03
9079-YEXQJ,Female,0,No,No,54,49+,Month-to-month,Fiber optic,Electronic check,111.1,6014.85,Yes,0.3228,Medium,430.36
9700-ZCLOT,Male,0,No,No,2,0-12,Month-to-month,No,Mailed check,20.0,32.7,No,0.186,Low,44.64
8738-JOKAR,Female,0,No,No,42,25-48,One year,DSL,Mailed check,67.7,2882.25,No,0.0443,Low,35.99
4534-WGCIR,Female,0,Yes,Yes,58,49+,Two year,No,Credit card (automatic),25.15,1509.9,No,0.0045,Low,1.36
1930-WNXSB,Male,0,Yes,Yes,58,49+,Month-to-month,Fiber optic,Electronic check,92.85,5305.05,No,0.335,Medium,373.26
2685-SREOM,Female,0,Yes,Yes,25,25-48,Month-to-month,Fiber optic,Electronic check,89.1,2368.4,Yes,0.6111,High,653.39
3508-CFVZL,Female,0,No,No,71,49+,Two year,Fiber optic,Mailed check,111.3,7985.9,No,0.0427,Low,57.03
0402-CQAJN,Female,0,No,No,37,25-48,Month-to-month,Fiber optic,Bank transfer (automatic),101.9,3545.35,Yes,0.5115,High,625.46
6692-UDPJC,Female,0,Yes,Yes,14,13-24,Month-to-month,Fiber optic,Electronic check,91.65,1301.0,Yes,0.5877,High,646.35
1273-MTETI,Female,1,No,No,4,0-12,Month-to-month,Fiber optic,Electronic check,88.85,372.45,Yes,0.8045,High,857.76
0657-DOGUM,Female,0,Yes,No,48,25-48,One year,DSL,Bank transfer (automatic),60.6,2985.25,No,0.0372,Low,27.05
5480-HPRRX,Female,1,No,No,3,0-12,Month-to-month,DSL,Electronic check,25.3,77.75,Yes,0.5704,High,173.17
8792-AOROI,Female,0,Yes,No,8,0-12,Two year,DSL,Mailed check,65.5,564.35,No,0.0569,Low,44.72
0295-PPHDO,Male,0,No,No,1,0-12,Month-to-month,Fiber optic,Electronic check,95.45,95.45,Yes,0.8314,High,952.29
5146-YYFRZ,Male,0,No,No,67,49+,Two year,No,Bank transfer (automatic),19.95,1311.75,No,0.0027,Low,0.65
1195-OIYEJ,Male,0,No,No,13,13-24,Month-to-month,Fiber optic,Electronic check,91.1,1135.7,Yes,0.7154,High,782.08
5906-CVLHP,Female,0,Yes,Yes,45,25-48,One year,DSL,Credit card (automatic),54.15,2319.8,Yes,0.0292,Low,18.97
3452-SRFEG,Male,0,No,No,49,49+,Month-to-month,Fiber optic,Bank transfer (automatic),74.6,3720.35,No,0.3093,Medium,276.89
4070-OKWVH,Female,0,Yes,No,52,49+,Month-to-month,Fiber optic,Bank transfer (automatic),94.6,5025.8,No,0.2635,Low,299.13
5297-MDOIR,Female,0,Yes,No,63,49+,One year,Fiber optic,Credit card (automatic),81.15,5224.5,No,0.0628,Low,61.15
6369-MCAKO,Female,0,Yes,Yes,68,49+,Two year,DSL,Bank transfer (automatic),89.05,6185.8,No,0.0154,Low,16.46
4926-UMJZD,Female,0,Yes,No,31,25-48,Month-to-month,DSL,Mailed check,49.2,1498.55,No,0.1457,Low,86.02
6848-HJTXY,Female,0,Yes,No,64,49+,Two year,No,Credit card (automatic),19.45,1208.6,No,0.003,Low,0.7
6341-AEVKX,Female,0,Yes,No,62,49+,One year,Fiber optic,Electronic check,104.3,6613.65,No,0.1422,Low,177.98
4501-EQDRN,Female,0,No,No,1,0-12,Month-to-month,Fiber optic,Bank transfer (automatic),69.7,69.7,Yes,0.5271,High,440.87
2990-HWIML,Female,0,No,No,6,0-12,Month-to-month,Fiber optic,Electronic check,89.5,573.3,Yes,0.7639,High,820.43
0682-USIXD,Female,0,Yes,No,21,13-24,Month-to-month,Fiber optic,Electronic check,86.05,1818.9,No,0.5198,High,536.75
6976-BWGLQ,Female,0,Yes,Yes,72,49+,Two year,No,Bank transfer (automatic),25.2,1787.35,No,0.0025,Low,0.76
7078-NVFAM,Female,0,Yes,Yes,32,25-48,Month-to-month,DSL,Electronic check,35.15,1051.05,No,0.1775,Low,74.87
8065-QBYTO,Female,1,No,No,71,49+,One year,Fiber optic,Credit card (automatic),99.65,7181.25,No,0.0759,Low,90.76
2133-TSRRM,Female,0,No,Yes,34,25-48,Month-to-month,Fiber optic,Bank transfer (automatic),105.35,3688.6,No,0.3073,Medium,388.49
7384-GHBPI,Male,0,Yes,No,3,0-12,Month-to-month,DSL,Electronic check,35.15,99.75,Yes,0.6869,High,289.73
7603-USHJS,Male,0,No,Yes,12,0-12,Month-to-month,Fiber optic,Credit card (automatic),73.75,871.4,Yes,0.5458,High,483.03
7234-FECYN,Female,1,No,No,8,0-12,Month-to-month,Fiber optic,Electronic check,101.35,780.5,Yes,0.7466,High,908.01
2511-ALLCS,Female,0,Yes,Yes,35,25-48,Two year,No,Bank transfer (automatic),24.3,821.6,No,0.013,Low,3.79
3191-CSNMG,Female,0,Yes,Yes,3,0-12,Month-to-month,Fiber optic,Electronic check,80.7,239.45,No,0.6871,High,665.39
7952-OBOYL,Male,0,No,No,3,0-12,Month-to-month,Fiber optic,Mailed check,89.85,244.45,No,0.5791,High,624.39
7470-DYNOE,Male,0,No,No,53,49+,One year,DSL,Electronic check,61.1,3357.9,No,0.0866,Low,63.5
7853-OETYL,Female,0,Yes,No,4,0-12,Month-to-month,DSL,Electronic check,29.05,129.6,No,0.5265,High,183.54
1545-ACTAS,Female,0,Yes,Yes,48,25-48,One year,Fiber optic,Bank transfer (automatic),99.7,4977.2,No,0.1531,Low,183.17
5876-HZVZM,Female,0,Yes,Yes,6,0-12,Month-to-month,DSL,Credit card (automatic),55.9,365.35,Yes,0.1477,Low,99.08
1400-MMYXY,Male,1,Yes,No,3,0-12,Month-to-month,Fiber optic,Electronic check,105.9,334.65,Yes,0.8148,High,1035.45
5126-RCXYW,Male,0,Yes,Yes,54,49+,Two year,DSL,Credit card (automatic),46.0,2424.05,No,0.0166,Low,9.16
3085-QUOZK,Female,0,No,No,1,0-12,Month-to-month,DSL,Mailed check,43.95,43.95,Yes,0.3549,Medium,187.17
2363-BJLSL,Male,0,No,No,62,49+,Month-to-month,DSL,Bank transfer (automatic),80.4,4981.15,No,0.0808,Low,77.96
1956-YIFGE,Male,0,Yes,Yes,22,13-24,One year,Fiber optic,Mailed check,100.05,2090.25,No,0.328,Medium,393.8
3926-CUQZX,Male,0,No,No,1,0-12,Month-to-month,DSL,Bank transfer (automatic),45.1,45.1,Yes,0.4214,Medium,228.06
7921-LMDFQ,Male,1,No,No,51,49+,One year,Fiber optic,Bank transfer (automatic),94.0,4905.75,No,0.2573,Low,290.23
2925-MXLSX,Female,0,No,No,30,25-48,One year,DSL,Credit card (automatic),68.95,2038.7,No,0.1467,Low,121.38
5820-PTRYM,Female,1,Yes,No,56,49+,One year,DSL,Credit card (automatic),68.45,4014.0,No,0.0303,Low,24.89
9609-BENEA,Male,0,Yes,No,35,25-48,One year,DSL,Electronic check,69.0,2441.7,No,0.1423,Low,117.82
6211-WHMYA,Female,1,No,No,64,49+,Month-to-month,DSL,Electronic check,43.85,2751.0,No,0.1092,Low,57.46
4459-BBGHE,Male,0,No,Yes,30,25-48,Month-to-month,DSL,Electronic check,44.5,1307.8,No,0.4238,Medium,226.31
9945-PSVIP,Female,0,Yes,Yes,25,25-48,Two year,No,Mailed check,18.7,383.65,No,0.0231,Low,5.18
1041-RXHRA,Female,0,No,No,41,25-48,Month-to-month,Fiber optic,Bank transfer (automatic),70.25,2868.05,Yes,0.2158,Low,181.92
1750-CSKKM,Male,0,No,Yes,9,0-12,Month-to-month,DSL,Electronic check,55.35,449.75,Yes,0.3482,Medium,231.27
9108-EJFJP,Female,0,Yes,No,1,0-12,Month-to-month,DSL,Mailed check,53.55,53.55,No,0.3112,Medium,199.98
0530-IJVDB,Male,0,No,Yes,70,49+,Two year,Fiber optic,Electronic check,114.6,7882.5,No,0.0624,Low,85.81
0508-SQWPL,Female,0,Yes,Yes,57,49+,Two year,No,Bank transfer (automatic),20.1,1087.7,No,0.0049,Low,1.18
2215-ZAFGX,Male,0,No,No,9,0-12,Month-to-month,Fiber optic,Electronic check,85.5,791.7,No,0.7553,High,774.94
8213-TAZPM,Female,0,Yes,Yes,69,49+,One year,Fiber optic,Bank transfer (automatic),108.75,7493.05,No,0.118,Low,153.99
7142-HVGBG,Male,1,Yes,No,43,25-48,Month-to-month,Fiber optic,Electronic check,103.0,4414.3,Yes,0.6172,High,762.86
1304-SEGFY,Female,0,Yes,No,72,49+,Two year,Fiber optic,Electronic check,97.85,6841.3,No,0.1431,Low,168.03
7242-EDTYC,Male,0,No,Yes,44,25-48,Two year,No,Bank transfer (automatic),19.55,819.95,No,0.0062,Low,1.45
2904-GGUAZ,Female,0,Yes,No,72,49+,Two year,Fiber optic,Bank transfer (automatic),84.05,6052.25,No,0.0325,Low,32.78
8267-ZNYVZ,Female,0,Yes,No,33,25-48,One year,Fiber optic,Electronic check,103.75,3361.05,Yes,0.2583,Low,321.58
5136-GFPMB,Male,0,No,No,54,49+,Month-to-month,Fiber optic,Credit card (automatic),89.4,4869.5,No,0.2667,Low,286.12
2595-KIWPV,Male,0,No,Yes,27,25-48,Two year,No,Credit card (automatic),19.7,509.3,No,0.0131,Low,3.1
5243-SAOTC,Male,0,No,No,54,49+,Month-to-month,Fiber optic,Bank transfer (automatic),79.85,4308.25,No,0.2482,Low,237.83
9398-MMQTO,Male,0,No,No,3,0-12,Month-to-month,Fiber optic,Credit card (automatic),74.45,221.1,No,0.4656,Medium,415.97
7619-PLRLP,Female,0,Yes,No,53,49+,One year,DSL,Bank transfer (automatic),74.1,3833.95,No,0.0369,Low,32.81
6457-GIRWB,Male,0,No,No,1,0-12,Month-to-month,Fiber optic,Electronic check,69.35,69.35,Yes,0.7099,High,590.78
6508-NJYRO,Male,0,Yes,No,15,13-24,One year,No,Mailed check,18.8,294.95,No,0.062,Low,13.99
1450-SKCVI,Female,0,No,No,56,49+,Month-to-month,Fiber optic,Electronic check,73.85,4092.85,Yes,0.2404,Low,213.04
4710-NKCAW,Male,0,Yes,Yes,5,0-12,Month-to-month,DSL,Credit card (automatic),64.4,316.9,No,0.15,Low,115.92
5306-BVTKJ,Male,0,Yes,Yes,48,25-48,One year,DSL,Credit card (automatic),55.8,2651.2,No,0.0365,Low,24.44
0357-NVCRI,Female,0,No,Yes,25,25-48,Month-to-month,No,Credit card (automatic),20.05,471.7,No,0.0525,Low,12.63
5570-PTWEH,Female,0,Yes,No,3,0-12,Month-to-month,Fiber optic,Credit card (automatic),75.15,216.75,Yes,0.662,High,596.99
2371-KFUOG,Male,0,No,No,58,49+,One year,Fiber optic,Bank transfer (automatic),99.15,5720.95,No,0.0904,Low,107.56
0463-ZSDNT,Male,0,No,No,10,0-12,Month-to-month,DSL,Bank transfer (automatic),56.75,503.25,No,0.3787,Medium,257.89
6502-MJQAE,Male,0,No,No,1,0-12,Month-to-month,Fiber optic,Electronic check,69.6,69.6,Yes,0.7083,High,591.57
6257-DTAYD,Male,0,Yes,No,71,49+,Two year,Fiber optic,Credit card (automatic),104.15,7365.3,No,0.0715,Low,89.36
4616-ULAOA,Female,0,Yes,Yes,65,49+,Two year,Fiber optic,Credit card (automatic),110.8,7245.9,No,0.0673,Low,89.48
7693-LCKZL,Male,0,Yes,Yes,5,0-12,Month-to-month,Fiber optic,Electronic check,80.15,385.0,Yes,0.6553,High,630.27
7746-AWNQW,Female,0,No,No,28,25-48,Month-to-month,DSL,Mailed check,35.75,961.4,No,0.2169,Low,93.05
5996-EBTKM,Female,0,Yes,Yes,67,49+,Two year,DSL,Bank transfer (automatic),69.9,4615.9,No,0.0162,Low,13.59
2758-RNWXS,Male,0,No,No,35,25-48,One year,Fiber optic,Electronic check,89.2,3251.3,No,0.2019,Low,216.11
2314-TNDJQ,Female,0,Yes,Yes,72,49+,Two year,DSL,Credit card (automatic),55.65,3880.05,No,0.0051,Low,3.41
2405-LBMUW,Female,0,Yes,Yes,61,49+,One year,DSL,Bank transfer (automatic),50.7,3088.75,No,0.0221,Low,13.45
3454-JFUBC,Male,1,No,No,68,49+,Two year,No,Credit card (automatic),20.0,1396.0,No,0.0042,Low,1.01
0032-PGELS,Female,0,Yes,Yes,1,0-12,Month-to-month,DSL,Bank transfer (automatic),30.5,30.5,Yes,0.3122,Medium,114.27
9039-ZVJDC,Male,0,No,No,3,0-12,Month-to-month,No,Mailed check,19.1,53.05,No,0.2452,Low,56.2
6797-LNAQX,Male,0,Yes,Yes,70,49+,Two year,Fiber optic,Bank transfer (automatic),98.3,6859.5,Yes,0.0577,Low,68.06
9013-AQORL,Female,0,No,Yes,48,25-48,Month-to-month,DSL,Credit card (automatic),45.55,2108.35,No,0.09,Low,49.19
2898-MRKPI,Male,0,Yes,Yes,68,49+,One year,Fiber optic,Credit card (automatic),101.05,6770.5,No,0.1431,Low,173.52
2750-BJLSB,Female,0,No,No,47,25-48,One year,Fiber optic,Electronic check,103.7,4730.6,No,0.1869,Low,232.58
3648-GZPHF,Male,0,Yes,Yes,32,25-48,One year,DSL,Mailed check,36.25,1151.05,No,0.0876,Low,38.11
2075-RMJIK,Female,0,Yes,Yes,5,0-12,Month-to-month,DSL,Mailed check,49.4,232.55,No,0.2631,Low,155.97
9588-YRFHY,Male,0,No,No,49,49+,Two year,No,Credit card (automatic),19.9,1022.6,No,0.0088,Low,2.1
6394-MFYNG,Female,0,No,No,48,25-48,Month-to-month,Fiber optic,Bank transfer (automatic),107.4,5121.3,Yes,0.4207,Medium,542.2
1564-NTYXF,Female,1,No,No,13,13-24,Month-to-month,Fiber optic,Electronic check,82.0,1127.2,Yes,0.7737,High,761.32
9364-YKUVW,Male,0,No,No,15,13-24,Month-to-month,No,Mailed check,19.8,309.4,No,0.1555,Low,36.95
5392-AKEMH,Female,0,No,No,12,0-12,Month-to-month,DSL,Electronic check,45.05,523.1,No,0.4013,Medium,216.94
2451-YMUXS,Male,1,No,No,67,49+,Two year,DSL,Bank transfer (automatic),64.55,4250.1,No,0.01,Low,7.75
3914-FDRHP,Male,0,No,No,9,0-12,Month-to-month,Fiber optic,Electronic check,86.25,770.5,No,0.5177,High,535.82
3078-ZKNTS,Female,0,Yes,Yes,13,13-24,Two year,No,Bank transfer (automatic),19.75,246.7,No,0.0363,Low,8.6
1024-KPRBB,Female,0,No,No,38,25-48,One year,Fiber optic,Mailed check,89.1,3342.0,No,0.308,Medium,329.31
4690-PKDQG,Female,1,Yes,No,42,25-48,Month-to-month,Fiber optic,Electronic check,95.55,3930.6,No,0.5242,High,601.05
8155-IBNHG,Female,0,Yes,No,24,13-24,Month-to-month,Fiber optic,Credit card (automatic),75.4,1747.85,Yes,0.4883,Medium,441.81
0886-QGENL,Female,1,Yes,No,27,25-48,Month-to-month,Fiber optic,Electronic check,101.25,2754.45,Yes,0.5633,High,684.41
9547-ITEFG,Male,0,Yes,Yes,9,0-12,Month-to-month,Fiber optic,Credit card (automatic),102.6,897.75,No,0.6507,High,801.14
1264-FUHCX,Female,0,Yes,No,49,49+,One year,DSL,Credit card (automatic),56.3,2780.6,No,0.0809,Low,54.66
7789-CRUVC,Female,1,Yes,No,61,49+,Month-to-month,Fiber optic,Credit card (automatic),94.2,5895.45,No,0.1405,Low,158.82
6598-KELSS,Male,0,No,Yes,50,49+,One year,DSL,Bank transfer (automatic),43.05,2208.05,No,0.0484,Low,25.0
8739-WWKDU,Male,1,No,No,25,25-48,Month-to-month,Fiber optic,Electronic check,89.5,2196.15,Yes,0.6536,High,701.97
8685-WHQPW,Female,1,No,No,22,13-24,Month-to-month,Fiber optic,Bank transfer (automatic),74.4,1692.6,Yes,0.5561,High,496.49
4745-LSPLO,Male,0,No,No,1,0-12,Month-to-month,No,Mailed check,20.5,20.5,Yes,0.1909,Low,46.96
8083-YTZES,Male,0,No,No,4,0-12,Month-to-month,Fiber optic,Electronic check,74.35,265.35,Yes,0.7451,High,664.78
7240-FQLHE,Female,1,Yes,No,18,13-24,Month-to-month,Fiber optic,Bank transfer (automatic),99.75,1836.25,Yes,0.5424,High,649.25
6664-FPDAC,Female,1,No,No,56,49+,One year,Fiber optic,Electronic check,111.95,6418.9,Yes,0.2757,Low,370.38
9972-VAFJJ,Female,1,Yes,No,53,49+,One year,Fiber optic,Electronic check,94.0,4871.45,No,0.1738,Low,196.05
0422-UXFAP,Female,0,Yes,No,51,49+,One year,Fiber optic,Electronic check,98.85,4947.55,No,0.3724,Medium,441.74
1904-WAJAA,Female,0,Yes,Yes,24,13-24,Two year,DSL,Electronic check,64.35,1558.65,No,0.045,Low,34.75
5130-YPIRV,Female,0,Yes,No,62,49+,Two year,DSL,Credit card (automatic),72.0,4284.2,No,0.0132,Low,11.4
2843-CQMEG,Male,0,No,No,24,13-24,Month-to-month,DSL,Mailed check,49.7,1218.25,No,0.2144,Low,127.87
6439-PKTRR,Female,0,Yes,Yes,70,49+,Two year,DSL,Electronic check,80.7,5617.95,No,0.0095,Low,9.2
5351-QESIO,Male,0,No,Yes,1,0-12,Month-to-month,DSL,Mailed check,24.2,24.2,No,0.4381,Medium,127.22
0786-VSSUD,Male,1,No,No,16,13-24,Month-to-month,DSL,Mailed check,39.0,679.85,Yes,0.4837,Medium,226.37
5568-DMXZS,Female,0,No,No,8,0-12,Month-to-month,DSL,Electronic check,65.45,554.45,No,0.3698,Medium,290.44
8468-FZTOE,Female,0,Yes,Yes,72,49+,Two year,DSL,Electronic check,74.35,5237.4,No,0.0089,Low,7.94
6633-SYEUS,Female,0,No,No,23,13-24,Month-to-month,Fiber optic,Bank transfer (automatic),83.2,2032.3,No,0.2492,Low,248.8
6447-GORXK,Male,0,No,Yes,31,25-48,Month-to-month,DSL,Credit card (automatic),25.0,789.2,No,0.152,Low,45.6
6967-PEJLL,Male,0,Yes,Yes,37,25-48,One year,DSL,Electronic check,40.2,1525.35,No,0.0693,Low,33.43
3976-BWUCK,Female,0,Yes,No,30,25-48,Month-to-month,Fiber optic,Credit card (automatic),94.1,2804.45,Yes,0.4013,Medium,453.15
5981-ZVXOT,Female,1,No,No,35,25-48,One year,Fiber optic,Electronic check,108.35,3726.15,No,0.3874,Medium,503.7
1684-FLBGS,Female,0,Yes,Yes,23,13-24,Month-to-month,DSL,Credit card (automatic),69.5,1652.1,No,0.2064,Low,172.14
1389-WNUIB,Female,0,Yes,Yes,20,13-24,One year,DSL,Bank transfer (automatic),76.0,1588.75,No,0.1246,Low,113.64
0376-OIWME,Male,0,Yes,No,36,25-48,Month-to-month,Fiber optic,Electronic check,93.6,3366.05,No,0.485,Medium,544.75
3585-ISXZP,Female,0,No,No,8,0-12,Month-to-month,Fiber optic,Bank transfer (automatic),95.65,778.1,Yes,0.6492,High,745.15
0218-QNVAS,Male,0,Yes,Yes,71,49+,One year,Fiber optic,Bank transfer (automatic),100.55,7113.75,No,0.101,Low,121.87
6583-QGCSI,Female,1,Yes,No,50,49+,Month-to-month,Fiber optic,Electronic check,88.05,4367.35,Yes,0.4776,Medium,504.63
0804-YGEQV,Female,0,Yes,Yes,43,25-48,One year,No,Bank transfer (automatic),24.45,993.15,No,0.0251,Low,7.36
7164-BPTUT,Male,0,No,Yes,57,49+,Two year,DSL,Mailed check,89.55,5012.35,No,0.0151,Low,16.23
4174-LPGTI,Female,0,Yes,Yes,41,25-48,One year,DSL,Bank transfer (automatic),66.5,2728.6,Yes,0.0462,Low,36.87
2523-EWWZL,Female,0,Yes,No,27,25-48,Month-to-month,Fiber optic,Electronic check,76.1,2093.4,No,0.453,Medium,413.68
0928-XUTSN,Female,0,No,No,13,13-24,Month-to-month,Fiber optic,Electronic check,80.5,1011.8,No,0.6611,High,638.62
2108-XWMPY,Male,0,No,No,3,0-12,Month-to-month,DSL,Mailed check,35.45,106.85,Yes,0.4072,Medium,173.22
0052-YNYOT,Female,0,No,No,67,49+,One year,No,Electronic check,20.55,1343.4,No,0.0075,Low,1.85
6304-IJFSQ,Male,0,No,No,3,0-12,Month-to-month,DSL,Mailed check,49.9,130.1,Yes,0.3791,Medium,227.01
9586-JGQKH,Female,0,Yes,No,64,49+,Two year,Fiber optic,Bank transfer (automatic),105.4,6794.75,No,0.0856,Low,108.27
4501-VCPFK,Male,0,No,No,26,25-48,Month-to-month,DSL,Electronic check,35.75,1022.5,No,0.2296,Low,98.5
6075-SLNIL,Male,0,No,No,38,25-48,Month-to-month,Fiber optic,Credit card (automatic),95.1,3691.2,No,0.4254,Medium,485.47
9347-AERRL,Male,0,Yes,No,23,13-24,One year,No,Credit card (automatic),19.3,486.2,No,0.0392,Low,9.08
0093-XWZFY,Male,0,No,No,40,25-48,Month-to-month,Fiber optic,Credit card (automatic),104.5,4036.85,Yes,0.4792,Medium,600.92
2274-XUATA,Male,1,Yes,No,72,49+,Two year,DSL,Bank transfer (automatic),63.1,4685.55,No,0.018,Low,13.63
1980-KXVPM,Female,1,No,No,3,0-12,Month-to-month,Fiber optic,Credit card (automatic),75.05,256.25,Yes,0.6912,High,622.49
7703-ZEKEF,Male,0,No,No,23,13-24,Month-to-month,Fiber optic,Electronic check,81.0,1917.1,Yes,0.5982,High,581.45
0723-DRCLG,Female,1,Yes,No,1,0-12,Month-to-month,Fiber optic,Electronic check,74.45,74.45,Yes,0.7893,High,705.16
5482-NUPNA,Female,0,No,No,4,0-12,Month-to-month,DSL,Mailed check,60.4,272.15,Yes,0.2062,Low,149.45
6691-CCIHA,Female,0,Yes,No,62,49+,Two year,DSL,Electronic check,84.95,5150.55,No,0.0302,Low,30.79
1685-BQULA,Female,0,No,No,40,25-48,Month-to-month,Fiber optic,Bank transfer (automatic),93.4,3756.4,No,0.4195,Medium,470.18
9053-EJUNL,Male,0,No,No,41,25-48,Month-to-month,Fiber optic,Electronic check,89.2,3645.75,No,0.5055,High,541.09
0666-UXTJO,Male,1,Yes,No,34,25-48,Month-to-month,Fiber optic,Credit card (automatic),85.2,2874.45,No,0.4432,Medium,453.13
1471-GIQKQ,Female,0,No,No,1,0-12,Month-to-month,DSL,Electronic check,49.95,49.95,No,0.378,Medium,226.57
4807-IZYOZ,Female,0,No,No,51,49+,Two year,No,Bank transfer (automatic),20.65,1020.75,No,0.0054,Low,1.34
1122-JWTJW,Male,0,Yes,Yes,1,0-12,Month-to-month,Fiber optic,Mailed check,70.65,70.65,Yes,0.5852,High,496.13
9710-NJERN,Female,0,No,No,39,25-48,Two year,No,Mailed check,20.15,826.0,No,0.0104,Low,2.51
9837-FWLCH,Male,0,Yes,Yes,12,0-12,Month-to-month,No,Electronic check,19.2,239.0,No,0.1921,Low,44.26
1699-HPSBG,Male,0,No,No,12,0-12,One year,DSL,Electronic check,59.8,727.8,Yes,0.2353,Low,168.85
7203-OYKCT,Male,0,No,No,72,49+,One year,Fiber optic,Electronic check,104.95,7544.3,No,0.2308,Low,290.67
1035-IPQPU,Female,1,Yes,No,63,49+,Month-to-month,Fiber optic,Electronic check,103.5,6479.4,No,0.4749,Medium,589.83
7398-LXGYX,Male,0,Yes,No,44,25-48,Month-to-month,Fiber optic,Credit card (automatic),84.8,3626.35,No,0.2581,Low,262.64
2823-LKABH,Female,0,No,No,18,13-24,Month-to-month,Fiber optic,Bank transfer (automatic),95.05,1679.4,No,0.5168,High,589.46
8775-CEBBJ,Female,0,No,No,9,0-12,Month-to-month,DSL,Bank transfer (automatic),44.2,403.35,Yes,0.3467,Medium,183.89
0550-DCXLH,Male,0,No,No,13,13-24,Month-to-month,DSL,Mailed check,73.35,931.55,No,0.2557,Low,225.07
9281-CEDRU,Female,0,Yes,No,68,49+,Two year,DSL,Bank transfer (automatic),64.1,4326.25,No,0.0085,Low,6.54
2235-DWLJU,Female,1,No,No,6,0-12,Month-to-month,DSL,Electronic check,44.4,263.05,No,0.7342,High,391.18
0871-OPBXW,Female,0,No,No,2,0-12,Month-to-month,No,Mailed check,20.05,39.25,No,0.2445,Low,58.83
3605-JISKB,Male,1,Yes,No,55,49+,One year,DSL,Credit card (automatic),60.0,3316.1,No,0.0279,Low,20.09
6894-LFHLY,Male,1,No,No,1,0-12,Month-to-month,Fiber optic,Electronic check,75.75,75.75,Yes,0.7828,High,711.57
9767-FFLEM,Male,0,No,No,38,25-48,Month-to-month,Fiber optic,Credit card (automatic),69.5,2625.25,No,0.3078,Medium,256.71
0639-TSIQW,Female,0,No,No,67,49+,Month-to-month,Fiber optic,Credit card (automatic),102.95,6886.25,Yes,0.1717,Low,212.12
8456-QDAVC,Male,0,No,No,19,13-24,Month-to-month,Fiber optic,Bank transfer (automatic),78.7,1495.1,No,0.5422,High,512.05
7750-EYXWZ,Female,0,No,No,12,0-12,One year,DSL,Electronic check,60.65,743.3,No,0.264,Low,192.14
2569-WGERO,Female,0,No,No,72,49+,Two year,No,Bank transfer (automatic),21.15,1419.4,No,0.003,Low,0.76
6840-RESVB,Male,0,Yes,Yes,24,13-24,One year,DSL,Mailed check,84.8,1990.5,No,0.1225,Low,124.66
2234-XADUH,Female,0,Yes,Yes,72,49+,One year,Fiber optic,Credit card (automatic),103.2,7362.9,No,0.1378,Low,170.65
4801-JZAZL,Female,0,Yes,Yes,11,0-12,Month-to-month,DSL,Electronic check,29.6,346.45,No,0.3916,Medium,139.1
8361-LTMKD,Male,1,Yes,No,4,0-12,Month-to-month,Fiber optic,Mailed check,74.4,306.6,Yes,0.719,High,641.92
3186-AJIEK,Male,0,No,No,66,49+,Two year,Fiber optic,Bank transfer (automatic),105.65,6844.5,No,0.0457,Low,57.94
